[2026-09-24 15:15:00] local.ERROR: SQLSTATE[HY000]: General error: 1 no such table: layanans (Connection: sqlite, Database: /home/notfuad/ngodingweb/www/laundry-go/database/database.sqlite, SQL: select * from "layanans" where ("nama_layanan" = Cuci Komplit) limit 1) {"exception":"[object] (Illuminate\\Database\\QueryException(code: HY000): SQLSTATE[HY000]: General error: 1 no such table: layanans (Connection: sqlite, Database: /home/notfuad/ngodingweb/www/laundry-go/database/database.sqlite, SQL: select * from \"layanans\" where (\"nama_layanan\" = Cuci Komplit) limit 1) at /home/notfuad/ngodingweb/www/laundry-go/vendor/laravel/framework/src/Illuminate/Database/Connection.php:857)
[stacktrace]
#0 /home/notfuad/ngodingweb/www/laundry-go/vendor/laravel/framework/src/Illuminate/Database/Connection.php(813): Illuminate\\Database\\Connection->runQueryCallback('select * from \"...', Array, Object(Closure))
#1 /home/notfuad/ngodingweb/www/laundry-go/vendor/laravel/framework/src/Illuminate/Database/Connection.php(426): Illuminate\\Database\\Connection->run('select * from \"...', Array, Object(Closure))
#2 /home/notfuad/ngodingweb/www/laundry-go/vendor/laravel/framework/src/Illuminate/Database/Query/Builder.php(3631): Illuminate\\Database\\Connection->select('select * from \"...', Array, true, Array)
#3 /home/notfuad/ngodingweb/www/laundry-go/vendor/laravel/framework/src/Illuminate/Database/Query/Builder.php(3615): Illuminate\\Database\\Query\\Builder->runSelect()
#4 /home/notfuad/ngodingweb/www/laundry-go/vendor/laravel/framework/src/Illuminate/Database/Eloquent/Builder.php(931): Illuminate\\Database\\Query\\Builder->get(Array)
#5 /home/notfuad/ngodingweb/www/laundry-go/vendor/laravel/framework/src/Illuminate/Database/Eloquent/Builder.php(913): Illuminate\\Database\\Eloquent\\Builder->getModels(Array)
#6 /home/notfuad/ngodingweb/www/laundry-go/vendor/laravel/framework/src/Illuminate/Database/Concerns/BuildsQueries.php(408): Illuminate\\Database\\Eloquent\\Builder->get(Array)
#7 /home/notfuad/ngodingweb/www/laundry-go/vendor/laravel/framework/src/Illuminate/Database/Eloquent/Builder.php(735): Illuminate\\Database\\Eloquent\\Builder->first()
#8 /home/notfuad/ngodingweb/www/laundry-go/vendor/laravel/framework/src/Illuminate/Database/Eloquent/Builder.php(769): Illuminate\\Database\\Eloquent\\Builder->firstOrCreate(Array, Array)
#9 /home/notfuad/ngodingweb/www/laundry-go/vendor/laravel/framework/src/Illuminate/Support/Traits/ForwardsCalls.php(23): Illuminate\\Database\\Eloquent\\Builder->updateOrCreate(Array, Array)
#10 /home/notfuad/ngodingweb/www/laundry-go/vendor/laravel/framework/src/Illuminate/Database/Eloquent/Model.php(2911): Illuminate\\Database\\Eloquent\\Model->forwardCallTo(Object(Illuminate\\Database\\Eloquent\\Builder), 'updateOrCreate', Array)
#11 /home/notfuad/ngodingweb/www/laundry-go/vendor/laravel/framework/src/Illuminate/Database/Eloquent/Model.php(2927): Illuminate\\Database\\Eloquent\\Model->__call('updateOrCreate', Array)
#12 /home/notfuad/ngodingweb/www/laundry-go/database/seeders/DatabaseSeeder.php(42): Illuminate\\Database\\Eloquent\\Model::__callStatic('updateOrCreate', Array)
#13 /home/notfuad/ngodingweb/www/laundry-go/vendor/laravel/framework/src/Illuminate/Container/BoundMethod.php(36): Database\\Seeders\\DatabaseSeeder->run()
#14 /home/notfuad/ngodingweb/www/laundry-go/vendor/laravel/framework/src/Illuminate/Container/Util.php(43): Illuminate\\Container\\BoundMethod::{closure:Illuminate\\Container\\BoundMethod::call():35}()
#15 /home/notfuad/ngodingweb/www/laundry-go/vendor/laravel/framework/src/Illuminate/Container/BoundMethod.php(96): Illuminate\\Container\\Util::unwrapIfClosure(Object(Closure))
#16 /home/notfuad/ngodingweb/www/laundry-go/vendor/laravel/framework/src/Illuminate/Container/BoundMethod.php(35): Illuminate\\Container\\BoundMethod::callBoundMethod(Object(Illuminate\\Foundation\\Application), Array, Object(Closure))
#17 /home/notfuad/ngodingweb/www/laundry-go/vendor/laravel/framework/src/Illuminate/Container/Container.php(803): Illuminate\\Container\\BoundMethod::call(Object(Illuminate\\Foundation\\Application), Array, Array, NULL)
#18 /home/notfuad/ngodingweb/www/laundry-go/vendor/laravel/framework/src/Illuminate/Database/Seeder.php(184): Illuminate\\Container\\Container->call(Array, Array)
#19 /home/notfuad/ngodingweb/www/laundry-go/vendor/laravel/framework/src/Illuminate/Database/Eloquent/Concerns/HasEvents.php(456): Illuminate\\Database\\Seeder->{closure:Illuminate\\Database\\Seeder::__invoke():183}()
#20 /home/notfuad/ngodingweb/www/laundry-go/vendor/laravel/framework/src/Illuminate/Database/Console/Seeds/WithoutModelEvents.php(17): Illuminate\\Database\\Eloquent\\Model::withoutEvents(Object(Closure))
#21 /home/notfuad/ngodingweb/www/laundry-go/vendor/laravel/framework/src/Illuminate/Database/Seeder.php(191): Database\\Seeders\\DatabaseSeeder->{closure:Illuminate\\Database\\Console\\Seeds\\WithoutModelEvents::withoutModelEvents():17}()
#22 /home/notfuad/ngodingweb/www/laundry-go/vendor/laravel/framework/src/Illuminate/Database/Console/Seeds/SeedCommand.php(89): Illuminate\\Database\\Seeder->__invoke()
#23 /home/notfuad/ngodingweb/www/laundry-go/vendor/laravel/framework/src/Illuminate/Database/Eloquent/Concerns/GuardsAttributes.php(188): Illuminate\\Database\\Console\\Seeds\\SeedCommand->{closure:Illuminate\\Database\\Console\\Seeds\\SeedCommand::handle():88}()
#24 /home/notfuad/ngodingweb/www/laundry-go/vendor/laravel/framework/src/Illuminate/Database/Console/Seeds/SeedCommand.php(88): Illuminate\\Database\\Eloquent\\Model::unguarded(Object(Closure))
#25 /home/notfuad/ngodingweb/www/laundry-go/vendor/laravel/framework/src/Illuminate/Container/BoundMethod.php(36): Illuminate\\Database\\Console\\Seeds\\SeedCommand->handle()
#26 /home/notfuad/ngodingweb/www/laundry-go/vendor/laravel/framework/src/Illuminate/Container/Util.php(43): Illuminate\\Container\\BoundMethod::{closure:Illuminate\\Container\\BoundMethod::call():35}()
#27 /home/notfuad/ngodingweb/www/laundry-go/vendor/laravel/framework/src/Illuminate/Container/BoundMethod.php(96): Illuminate\\Container\\Util::unwrapIfClosure(Object(Closure))
#28 /home/notfuad/ngodingweb/www/laundry-go/vendor/laravel/framework/src/Illuminate/Container/BoundMethod.php(35): Illuminate\\Container\\BoundMethod::callBoundMethod(Object(Illuminate\\Foundation\\Application), Array, Object(Closure))
#29 /home/notfuad/ngodingweb/www/laundry-go/vendor/laravel/framework/src/Illuminate/Container/Container.php(803): Illuminate\\Container\\BoundMethod::call(Object(Illuminate\\Foundation\\Application), Array, Array, NULL)
#30 /home/notfuad/ngodingweb/www/laundry-go/vendor/laravel/framework/src/Illuminate/Console/Command.php(292): Illuminate\\Container\\Container->call(Array)
#31 /home/notfuad/ngodingweb/www/laundry-go/vendor/symfony/console/Command/Command.php(285): Illuminate\\Console\\Command->execute(Object(Symfony\\Component\\Console\\Input\\ArrayInput), Object(Illuminate\\Console\\OutputStyle))
#32 /home/notfuad/ngodingweb/www/laundry-go/vendor/laravel/framework/src/Illuminate/Console/Command.php(261): Symfony\\Component\\Console\\Command\\Command->run(Object(Symfony\\Component\\Console\\Input\\ArrayInput), Object(Illuminate\\Console\\OutputStyle))
#33 /home/notfuad/ngodingweb/www/laundry-go/vendor/laravel/framework/src/Illuminate/Console/Concerns/CallsCommands.php(68): Illuminate\\Console\\Command->run(Object(Symfony\\Component\\Console\\Input\\ArrayInput), Object(Illuminate\\Console\\OutputStyle))
#34 /home/notfuad/ngodingweb/www/laundry-go/vendor/laravel/framework/src/Illuminate/Console/Concerns/CallsCommands.php(29): Illuminate\\Console\\Command->runCommand('db:seed', Array, Object(Illuminate\\Console\\OutputStyle))
#35 /home/notfuad/ngodingweb/www/laundry-go/vendor/laravel/framework/src/Illuminate/Database/Console/Migrations/FreshCommand.php(136): Illuminate\\Console\\Command->call('db:seed', Array)
#36 /home/notfuad/ngodingweb/www/laundry-go/vendor/laravel/framework/src/Illuminate/Database/Console/Migrations/FreshCommand.php(112): Illuminate\\Database\\Console\\Migrations\\FreshCommand->runSeeder(NULL)
#37 /home/notfuad/ngodingweb/www/laundry-go/vendor/laravel/framework/src/Illuminate/Container/BoundMethod.php(36): Illuminate\\Database\\Console\\Migrations\\FreshCommand->handle()
#38 /home/notfuad/ngodingweb/www/laundry-go/vendor/laravel/framework/src/Illuminate/Container/Util.php(43): Illuminate\\Container\\BoundMethod::{closure:Illuminate\\Container\\BoundMethod::call():35}()
#39 /home/notfuad/ngodingweb/www/laundry-go/vendor/laravel/framework/src/Illuminate/Container/BoundMethod.php(96): Illuminate\\Container\\Util::unwrapIfClosure(Object(Closure))
#40 /home/notfuad/ngodingweb/www/laundry-go/vendor/laravel/framework/src/Illuminate/Container/BoundMethod.php(35): Illuminate\\Container\\BoundMethod::callBoundMethod(Object(Illuminate\\Foundation\\Application), Array, Object(Closure))
#41 /home/notfuad/ngodingweb/www/laundry-go/vendor/laravel/framework/src/Illuminate/Container/Container.php(803): Illuminate\\Container\\BoundMethod::call(Object(Illuminate\\Foundation\\Application), Array, Array, NULL)
#42 /home/notfuad/ngodingweb/www/laundry-go/vendor/laravel/framework/src/Illuminate/Console/Command.php(292): Illuminate\\Container\\Container->call(Array)
#43 /home/notfuad/ngodingweb/www/laundry-go/vendor/symfony/console/Command/Command.php(285): Illuminate\\Console\\Command->execute(Object(Symfony\\Component\\Console\\Input\\ArgvInput), Object(Illuminate\\Console\\OutputStyle))
#44 /home/notfuad/ngodingweb/www/laundry-go/vendor/laravel/framework/src/Illuminate/Console/Command.php(261): Symfony\\Component\\Console\\Command\\Command->run(Object(Symfony\\Component\\Console\\Input\\ArgvInput), Object(Illuminate\\Console\\OutputStyle))
#45 /home/notfuad/ngodingweb/www/laundry-go/vendor/symfony/console/Application.php(1144): Illuminate\\Console\\Command->run(Object(Symfony\\Component\\Console\\Input\\ArgvInput), Object(Symfony\\Component\\Console\\Output\\ConsoleOutput))
#46 /home/notfuad/ngodingweb/www/laundry-go/vendor/symfony/console/Application.php(379): Symfony\\Component\\Console\\Application->doRunCommand(Object(Illuminate\\Database\\Console\\Migrations\\FreshCommand), Object(Symfony\\Component\\Console\\Input\\ArgvInput), Object(Symfony\\Component\\Console\\Output\\ConsoleOutput))
#47 /home/notfuad/ngodingweb/www/laundry-go/vendor/symfony/console/Application.php(218): Symfony\\Component\\Console\\Application->doRun(Object(Symfony\\Component\\Console\\Input\\ArgvInput), Object(Symfony\\Component\\Console\\Output\\ConsoleOutput))
#48 /home/notfuad/ngodingweb/www/laundry-go/vendor/laravel/framework/src/Illuminate/Foundation/Console/Kernel.php(198): Symfony\\Component\\Console\\Application->run(Object(Symfony\\Component\\Console\\Input\\ArgvInput), Object(Symfony\\Component\\Console\\Output\\ConsoleOutput))
#49 /home/notfuad/ngodingweb/www/laundry-go/vendor/laravel/framework/src/Illuminate/Foundation/Application.php(1242): Illuminate\\Foundation\\Console\\Kernel->handle(Object(Symfony\\Component\\Console\\Input\\ArgvInput), Object(Symfony\\Component\\Console\\Output\\ConsoleOutput))
#50 /home/notfuad/ngodingweb/www/laundry-go/artisan(16): Illuminate\\Foundation\\Application->handleCommand(Object(Symfony\\Component\\Console\\Input\\ArgvInput))
#51 {main}

[previous exception] [object] (PDOException(code: HY000): SQLSTATE[HY000]: General error: 1 no such table: layanans at /home/notfuad/ngodingweb/www/laundry-go/vendor/laravel/framework/src/Illuminate/Database/Connection.php:435)
[stacktrace]
#0 /home/notfuad/ngodingweb/www/laundry-go/vendor/laravel/framework/src/Illuminate/Database/Connection.php(435): PDO->prepare('select * from \"...')
#1 /home/notfuad/ngodingweb/www/laundry-go/vendor/laravel/framework/src/Illuminate/Database/Connection.php(846): Illuminate\\Database\\Connection->{closure:Illuminate\\Database\\Connection::select():426}('select * from \"...', Array)
#2 /home/notfuad/ngodingweb/www/laundry-go/vendor/laravel/framework/src/Illuminate/Database/Connection.php(813): Illuminate\\Database\\Connection->runQueryCallback('select * from \"...', Array, Object(Closure))
#3 /home/notfuad/ngodingweb/www/laundry-go/vendor/laravel/framework/src/Illuminate/Database/Connection.php(426): Illuminate\\Database\\Connection->run('select * from \"...', Array, Object(Closure))
#4 /home/notfuad/ngodingweb/www/laundry-go/vendor/laravel/framework/src/Illuminate/Database/Query/Builder.php(3631): Illuminate\\Database\\Connection->select('select * from \"...', Array, true, Array)
#5 /home/notfuad/ngodingweb/www/laundry-go/vendor/laravel/framework/src/Illuminate/Database/Query/Builder.php(3615): Illuminate\\Database\\Query\\Builder->runSelect()
#6 /home/notfuad/ngodingweb/www/laundry-go/vendor/laravel/framework/src/Illuminate/Database/Eloquent/Builder.php(931): Illuminate\\Database\\Query\\Builder->get(Array)
#7 /home/notfuad/ngodingweb/www/laundry-go/vendor/laravel/framework/src/Illuminate/Database/Eloquent/Builder.php(913): Illuminate\\Database\\Eloquent\\Builder->getModels(Array)
#8 /home/notfuad/ngodingweb/www/laundry-go/vendor/laravel/framework/src/Illuminate/Database/Concerns/BuildsQueries.php(408): Illuminate\\Database\\Eloquent\\Builder->get(Array)
#9 /home/notfuad/ngodingweb/www/laundry-go/vendor/laravel/framework/src/Illuminate/Database/Eloquent/Builder.php(735): Illuminate\\Database\\Eloquent\\Builder->first()
#10 /home/notfuad/ngodingweb/www/laundry-go/vendor/laravel/framework/src/Illuminate/Database/Eloquent/Builder.php(769): Illuminate\\Database\\Eloquent\\Builder->firstOrCreate(Array, Array)
#11 /home/notfuad/ngodingweb/www/laundry-go/vendor/laravel/framework/src/Illuminate/Support/Traits/ForwardsCalls.php(23): Illuminate\\Database\\Eloquent\\Builder->updateOrCreate(Array, Array)
#12 /home/notfuad/ngodingweb/www/laundry-go/vendor/laravel/framework/src/Illuminate/Database/Eloquent/Model.php(2911): Illuminate\\Database\\Eloquent\\Model->forwardCallTo(Object(Illuminate\\Database\\Eloquent\\Builder), 'updateOrCreate', Array)
#13 /home/notfuad/ngodingweb/www/laundry-go/vendor/laravel/framework/src/Illuminate/Database/Eloquent/Model.php(2927): Illuminate\\Database\\Eloquent\\Model->__call('updateOrCreate', Array)
#14 /home/notfuad/ngodingweb/www/laundry-go/database/seeders/DatabaseSeeder.php(42): Illuminate\\Database\\Eloquent\\Model::__callStatic('updateOrCreate', Array)
#15 /home/notfuad/ngodingweb/www/laundry-go/vendor/laravel/framework/src/Illuminate/Container/BoundMethod.php(36): Database\\Seeders\\DatabaseSeeder->run()
#16 /home/notfuad/ngodingweb/www/laundry-go/vendor/laravel/framework/src/Illuminate/Container/Util.php(43): Illuminate\\Container\\BoundMethod::{closure:Illuminate\\Container\\BoundMethod::call():35}()
#17 /home/notfuad/ngodingweb/www/laundry-go/vendor/laravel/framework/src/Illuminate/Container/BoundMethod.php(96): Illuminate\\Container\\Util::unwrapIfClosure(Object(Closure))
#18 /home/notfuad/ngodingweb/www/laundry-go/vendor/laravel/framework/src/Illuminate/Container/BoundMethod.php(35): Illuminate\\Container\\BoundMethod::callBoundMethod(Object(Illuminate\\Foundation\\Application), Array, Object(Closure))
#19 /home/notfuad/ngodingweb/www/laundry-go/vendor/laravel/framework/src/Illuminate/Container/Container.php(803): Illuminate\\Container\\BoundMethod::call(Object(Illuminate\\Foundation\\Application), Array, Array, NULL)
#20 /home/notfuad/ngodingweb/www/laundry-go/vendor/laravel/framework/src/Illuminate/Database/Seeder.php(184): Illuminate\\Container\\Container->call(Array, Array)
#21 /home/notfuad/ngodingweb/www/laundry-go/vendor/laravel/framework/src/Illuminate/Database/Eloquent/Concerns/HasEvents.php(456): Illuminate\\Database\\Seeder->{closure:Illuminate\\Database\\Seeder::__invoke():183}()
#22 /home/notfuad/ngodingweb/www/laundry-go/vendor/laravel/framework/src/Illuminate/Database/Console/Seeds/WithoutModelEvents.php(17): Illuminate\\Database\\Eloquent\\Model::withoutEvents(Object(Closure))
#23 /home/notfuad/ngodingweb/www/laundry-go/vendor/laravel/framework/src/Illuminate/Database/Seeder.php(191): Database\\Seeders\\DatabaseSeeder->{closure:Illuminate\\Database\\Console\\Seeds\\WithoutModelEvents::withoutModelEvents():17}()
#24 /home/notfuad/ngodingweb/www/laundry-go/vendor/laravel/framework/src/Illuminate/Database/Console/Seeds/SeedCommand.php(89): Illuminate\\Database\\Seeder->__invoke()
#25 /home/notfuad/ngodingweb/www/laundry-go/vendor/laravel/framework/src/Illuminate/Database/Eloquent/Concerns/GuardsAttributes.php(188): Illuminate\\Database\\Console\\Seeds\\SeedCommand->{closure:Illuminate\\Database\\Console\\Seeds\\SeedCommand::handle():88}()
#26 /home/notfuad/ngodingweb/www/laundry-go/vendor/laravel/framework/src/Illuminate/Database/Console/Seeds/SeedCommand.php(88): Illuminate\\Database\\Eloquent\\Model::unguarded(Object(Closure))
#27 /home/notfuad/ngodingweb/www/laundry-go/vendor/laravel/framework/src/Illuminate/Container/BoundMethod.php(36): Illuminate\\Database\\Console\\Seeds\\SeedCommand->handle()
#28 /home/notfuad/ngodingweb/www/laundry-go/vendor/laravel/framework/src/Illuminate/Container/Util.php(43): Illuminate\\Container\\BoundMethod::{closure:Illuminate\\Container\\BoundMethod::call():35}()
#29 /home/notfuad/ngodingweb/www/laundry-go/vendor/laravel/framework/src/Illuminate/Container/BoundMethod.php(96): Illuminate\\Container\\Util::unwrapIfClosure(Object(Closure))
#30 /home/notfuad/ngodingweb/www/laundry-go/vendor/laravel/framework/src/Illuminate/Container/BoundMethod.php(35): Illuminate\\Container\\BoundMethod::callBoundMethod(Object(Illuminate\\Foundation\\Application), Array, Object(Closure))
#31 /home/notfuad/ngodingweb/www/laundry-go/vendor/laravel/framework/src/Illuminate/Container/Container.php(803): Illuminate\\Container\\BoundMethod::call(Object(Illuminate\\Foundation\\Application), Array, Array, NULL)
#32 /home/notfuad/ngodingweb/www/laundry-go/vendor/laravel/framework/src/Illuminate/Console/Command.php(292): Illuminate\\Container\\Container->call(Array)
#33 /home/notfuad/ngodingweb/www/laundry-go/vendor/symfony/console/Command/Command.php(285): Illuminate\\Console\\Command->execute(Object(Symfony\\Component\\Console\\Input\\ArrayInput), Object(Illuminate\\Console\\OutputStyle))
#34 /home/notfuad/ngodingweb/www/laundry-go/vendor/laravel/framework/src/Illuminate/Console/Command.php(261): Symfony\\Component\\Console\\Command\\Command->run(Object(Symfony\\Component\\Console\\Input\\ArrayInput), Object(Illuminate\\Console\\OutputStyle))
#35 /home/notfuad/ngodingweb/www/laundry-go/vendor/laravel/framework/src/Illuminate/Console/Concerns/CallsCommands.php(68): Illuminate\\Console\\Command->run(Object(Symfony\\Component\\Console\\Input\\ArrayInput), Object(Illuminate\\Console\\OutputStyle))
#36 /home/notfuad/ngodingweb/www/laundry-go/vendor/laravel/framework/src/Illuminate/Console/Concerns/CallsCommands.php(29): Illuminate\\Console\\Command->runCommand('db:seed', Array, Object(Illuminate\\Console\\OutputStyle))
#37 /home/notfuad/ngodingweb/www/laundry-go/vendor/laravel/framework/src/Illuminate/Database/Console/Migrations/FreshCommand.php(136): Illuminate\\Console\\Command->call('db:seed', Array)
#38 /home/notfuad/ngodingweb/www/laundry-go/vendor/laravel/framework/src/Illuminate/Database/Console/Migrations/FreshCommand.php(112): Illuminate\\Database\\Console\\Migrations\\FreshCommand->runSeeder(NULL)
#39 /home/notfuad/ngodingweb/www/laundry-go/vendor/laravel/framework/src/Illuminate/Container/BoundMethod.php(36): Illuminate\\Database\\Console\\Migrations\\FreshCommand->handle()
#40 /home/notfuad/ngodingweb/www/laundry-go/vendor/laravel/framework/src/Illuminate/Container/Util.php(43): Illuminate\\Container\\BoundMethod::{closure:Illuminate\\Container\\BoundMethod::call():35}()
#41 /home/notfuad/ngodingweb/www/laundry-go/vendor/laravel/framework/src/Illuminate/Container/BoundMethod.php(96): Illuminate\\Container\\Util::unwrapIfClosure(Object(Closure))
#42 /home/notfuad/ngodingweb/www/laundry-go/vendor/laravel/framework/src/Illuminate/Container/BoundMethod.php(35): Illuminate\\Container\\BoundMethod::callBoundMethod(Object(Illuminate\\Foundation\\Application), Array, Object(Closure))
#43 /home/notfuad/ngodingweb/www/laundry-go/vendor/laravel/framework/src/Illuminate/Container/Container.php(803): Illuminate\\Container\\BoundMethod::call(Object(Illuminate\\Foundation\\Application), Array, Array, NULL)
#44 /home/notfuad/ngodingweb/www/laundry-go/vendor/laravel/framework/src/Illuminate/Console/Command.php(292): Illuminate\\Container\\Container->call(Array)
#45 /home/notfuad/ngodingweb/www/laundry-go/vendor/symfony/console/Command/Command.php(285): Illuminate\\Console\\Command->execute(Object(Symfony\\Component\\Console\\Input\\ArgvInput), Object(Illuminate\\Console\\OutputStyle))
#46 /home/notfuad/ngodingweb/www/laundry-go/vendor/laravel/framework/src/Illuminate/Console/Command.php(261): Symfony\\Component\\Console\\Command\\Command->run(Object(Symfony\\Component\\Console\\Input\\ArgvInput), Object(Illuminate\\Console\\OutputStyle))
#47 /home/notfuad/ngodingweb/www/laundry-go/vendor/symfony/console/Application.php(1144): Illuminate\\Console\\Command->run(Object(Symfony\\Component\\Console\\Input\\ArgvInput), Object(Symfony\\Component\\Console\\Output\\ConsoleOutput))
#48 /home/notfuad/ngodingweb/www/laundry-go/vendor/symfony/console/Application.php(379): Symfony\\Component\\Console\\Application->doRunCommand(Object(Illuminate\\Database\\Console\\Migrations\\FreshCommand), Object(Symfony\\Component\\Console\\Input\\ArgvInput), Object(Symfony\\Component\\Console\\Output\\ConsoleOutput))
#49 /home/notfuad/ngodingweb/www/laundry-go/vendor/symfony/console/Application.php(218): Symfony\\Component\\Console\\Application->doRun(Object(Symfony\\Component\\Console\\Input\\ArgvInput), Object(Symfony\\Component\\Console\\Output\\ConsoleOutput))
#50 /home/notfuad/ngodingweb/www/laundry-go/vendor/laravel/framework/src/Illuminate/Foundation/Console/Kernel.php(198): Symfony\\Component\\Console\\Application->run(Object(Symfony\\Component\\Console\\Input\\ArgvInput), Object(Symfony\\Component\\Console\\Output\\ConsoleOutput))
#51 /home/notfuad/ngodingweb/www/laundry-go/vendor/laravel/framework/src/Illuminate/Foundation/Application.php(1242): Illuminate\\Foundation\\Console\\Kernel->handle(Object(Symfony\\Component\\Console\\Input\\ArgvInput), Object(Symfony\\Component\\Console\\Output\\ConsoleOutput))
#52 /home/notfuad/ngodingweb/www/laundry-go/artisan(16): Illuminate\\Foundation\\Application->handleCommand(Object(Symfony\\Component\\Console\\Input\\ArgvInput))
#53 {main}
"} 
[2026-09-24 15:15:18] testing.ERROR: SQLSTATE[HY000]: General error: 1 no such table: layanan (Connection: sqlite, Database: :memory:, SQL: select * from "layanan" where "is_active" = 1 order by "nama_layanan" asc) {"exception":"[object] (Illuminate\\Database\\QueryException(code: HY000): SQLSTATE[HY000]: General error: 1 no such table: layanan (Connection: sqlite, Database: :memory:, SQL: select * from \"layanan\" where \"is_active\" = 1 order by \"nama_layanan\" asc) at /home/notfuad/ngodingweb/www/laundry-go/vendor/laravel/framework/src/Illuminate/Database/Connection.php:857)
[stacktrace]
#0 /home/notfuad/ngodingweb/www/laundry-go/vendor/laravel/framework/src/Illuminate/Database/Connection.php(813): Illuminate\\Database\\Connection->runQueryCallback('select * from \"...', Array, Object(Closure))
#1 /home/notfuad/ngodingweb/www/laundry-go/vendor/laravel/framework/src/Illuminate/Database/Connection.php(426): Illuminate\\Database\\Connection->run('select * from \"...', Array, Object(Closure))
#2 /home/notfuad/ngodingweb/www/laundry-go/vendor/laravel/framework/src/Illuminate/Database/Query/Builder.php(3631): Illuminate\\Database\\Connection->select('select * from \"...', Array, true, Array)
#3 /home/notfuad/ngodingweb/www/laundry-go/vendor/laravel/framework/src/Illuminate/Database/Query/Builder.php(3615): Illuminate\\Database\\Query\\Builder->runSelect()
#4 /home/notfuad/ngodingweb/www/laundry-go/vendor/laravel/framework/src/Illuminate/Database/Eloquent/Builder.php(931): Illuminate\\Database\\Query\\Builder->get(Array)
#5 /home/notfuad/ngodingweb/www/laundry-go/vendor/laravel/framework/src/Illuminate/Database/Eloquent/Builder.php(913): Illuminate\\Database\\Eloquent\\Builder->getModels(Array)
#6 /home/notfuad/ngodingweb/www/laundry-go/app/Http/Controllers/Customer/PageController.php(14): Illuminate\\Database\\Eloquent\\Builder->get()
#7 /home/notfuad/ngodingweb/www/laundry-go/vendor/laravel/framework/src/Illuminate/Routing/ControllerDispatcher.php(46): App\\Http\\Controllers\\Customer\\PageController->home()
#8 /home/notfuad/ngodingweb/www/laundry-go/vendor/laravel/framework/src/Illuminate/Routing/Route.php(276): Illuminate\\Routing\\ControllerDispatcher->dispatch(Object(Illuminate\\Routing\\Route), Object(App\\Http\\Controllers\\Customer\\PageController), 'home')
#9 /home/notfuad/ngodingweb/www/laundry-go/vendor/laravel/framework/src/Illuminate/Routing/Route.php(216): Illuminate\\Routing\\Route->runController()
#10 /home/notfuad/ngodingweb/www/laundry-go/vendor/laravel/framework/src/Illuminate/Routing/Router.php(822): Illuminate\\Routing\\Route->run()
#11 /home/notfuad/ngodingweb/www/laundry-go/vendor/laravel/framework/src/Illuminate/Pipeline/Pipeline.php(180): Illuminate\\Routing\\Router->{closure:Illuminate\\Routing\\Router::runRouteWithinStack():821}(Object(Illuminate\\Http\\Request))
#12 /home/notfuad/ngodingweb/www/laundry-go/vendor/laravel/framework/src/Illuminate/Routing/Middleware/SubstituteBindings.php(52): Illuminate\\Pipeline\\Pipeline->{closure:Illuminate\\Pipeline\\Pipeline::prepareDestination():178}(Object(Illuminate\\Http\\Request))
#13 /home/notfuad/ngodingweb/www/laundry-go/vendor/laravel/framework/src/Illuminate/Pipeline/Pipeline.php(219): Illuminate\\Routing\\Middleware\\SubstituteBindings->handle(Object(Illuminate\\Http\\Request), Object(Closure))
#14 /home/notfuad/ngodingweb/www/laundry-go/vendor/laravel/framework/src/Illuminate/Foundation/Http/Middleware/PreventRequestForgery.php(104): Illuminate\\Pipeline\\Pipeline->{closure:{closure:Illuminate\\Pipeline\\Pipeline::carry():194}:195}(Object(Illuminate\\Http\\Request))
#15 /home/notfuad/ngodingweb/www/laundry-go/vendor/laravel/framework/src/Illuminate/Pipeline/Pipeline.php(219): Illuminate\\Foundation\\Http\\Middleware\\PreventRequestForgery->handle(Object(Illuminate\\Http\\Request), Object(Closure))
#16 /home/notfuad/ngodingweb/www/laundry-go/vendor/laravel/framework/src/Illuminate/View/Middleware/ShareErrorsFromSession.php(48): Illuminate\\Pipeline\\Pipeline->{closure:{closure:Illuminate\\Pipeline\\Pipeline::carry():194}:195}(Object(Illuminate\\Http\\Request))
#17 /home/notfuad/ngodingweb/www/laundry-go/vendor/laravel/framework/src/Illuminate/Pipeline/Pipeline.php(219): Illuminate\\View\\Middleware\\ShareErrorsFromSession->handle(Object(Illuminate\\Http\\Request), Object(Closure))
#18 /home/notfuad/ngodingweb/www/laundry-go/vendor/laravel/framework/src/Illuminate/Session/Middleware/StartSession.php(120): Illuminate\\Pipeline\\Pipeline->{closure:{closure:Illuminate\\Pipeline\\Pipeline::carry():194}:195}(Object(Illuminate\\Http\\Request))
#19 /home/notfuad/ngodingweb/www/laundry-go/vendor/laravel/framework/src/Illuminate/Session/Middleware/StartSession.php(63): Illuminate\\Session\\Middleware\\StartSession->handleStatefulRequest(Object(Illuminate\\Http\\Request), Object(Illuminate\\Session\\Store), Object(Closure))
#20 /home/notfuad/ngodingweb/www/laundry-go/vendor/laravel/framework/src/Illuminate/Pipeline/Pipeline.php(219): Illuminate\\Session\\Middleware\\StartSession->handle(Object(Illuminate\\Http\\Request), Object(Closure))
#21 /home/notfuad/ngodingweb/www/laundry-go/vendor/laravel/framework/src/Illuminate/Cookie/Middleware/AddQueuedCookiesToResponse.php(36): Illuminate\\Pipeline\\Pipeline->{closure:{closure:Illuminate\\Pipeline\\Pipeline::carry():194}:195}(Object(Illuminate\\Http\\Request))
#22 /home/notfuad/ngodingweb/www/laundry-go/vendor/laravel/framework/src/Illuminate/Pipeline/Pipeline.php(219): Illuminate\\Cookie\\Middleware\\AddQueuedCookiesToResponse->handle(Object(Illuminate\\Http\\Request), Object(Closure))
#23 /home/notfuad/ngodingweb/www/laundry-go/vendor/laravel/framework/src/Illuminate/Cookie/Middleware/EncryptCookies.php(74): Illuminate\\Pipeline\\Pipeline->{closure:{closure:Illuminate\\Pipeline\\Pipeline::carry():194}:195}(Object(Illuminate\\Http\\Request))
#24 /home/notfuad/ngodingweb/www/laundry-go/vendor/laravel/framework/src/Illuminate/Pipeline/Pipeline.php(219): Illuminate\\Cookie\\Middleware\\EncryptCookies->handle(Object(Illuminate\\Http\\Request), Object(Closure))
#25 /home/notfuad/ngodingweb/www/laundry-go/vendor/laravel/framework/src/Illuminate/Pipeline/Pipeline.php(137): Illuminate\\Pipeline\\Pipeline->{closure:{closure:Illuminate\\Pipeline\\Pipeline::carry():194}:195}(Object(Illuminate\\Http\\Request))
#26 /home/notfuad/ngodingweb/www/laundry-go/vendor/laravel/framework/src/Illuminate/Routing/Router.php(821): Illuminate\\Pipeline\\Pipeline->then(Object(Closure))
#27 /home/notfuad/ngodingweb/www/laundry-go/vendor/laravel/framework/src/Illuminate/Routing/Router.php(800): Illuminate\\Routing\\Router->runRouteWithinStack(Object(Illuminate\\Routing\\Route), Object(Illuminate\\Http\\Request))
#28 /home/notfuad/ngodingweb/www/laundry-go/vendor/laravel/framework/src/Illuminate/Routing/Router.php(764): Illuminate\\Routing\\Router->runRoute(Object(Illuminate\\Http\\Request), Object(Illuminate\\Routing\\Route))
#29 /home/notfuad/ngodingweb/www/laundry-go/vendor/laravel/framework/src/Illuminate/Routing/Router.php(753): Illuminate\\Routing\\Router->dispatchToRoute(Object(Illuminate\\Http\\Request))
#30 /home/notfuad/ngodingweb/www/laundry-go/vendor/laravel/framework/src/Illuminate/Foundation/Http/Kernel.php(200): Illuminate\\Routing\\Router->dispatch(Object(Illuminate\\Http\\Request))
#31 /home/notfuad/ngodingweb/www/laundry-go/vendor/laravel/framework/src/Illuminate/Pipeline/Pipeline.php(180): Illuminate\\Foundation\\Http\\Kernel->{closure:Illuminate\\Foundation\\Http\\Kernel::dispatchToRouter():197}(Object(Illuminate\\Http\\Request))
#32 /home/notfuad/ngodingweb/www/laundry-go/vendor/laravel/mcp/src/Server/Middleware/AddWwwAuthenticateHeader.php(21): Illuminate\\Pipeline\\Pipeline->{closure:Illuminate\\Pipeline\\Pipeline::prepareDestination():178}(Object(Illuminate\\Http\\Request))
#33 /home/notfuad/ngodingweb/www/laundry-go/vendor/laravel/framework/src/Illuminate/Pipeline/Pipeline.php(219): Laravel\\Mcp\\Server\\Middleware\\AddWwwAuthenticateHeader->handle(Object(Illuminate\\Http\\Request), Object(Closure))
#34 /home/notfuad/ngodingweb/www/laundry-go/vendor/laravel/framework/src/Illuminate/Foundation/Http/Middleware/TransformsRequest.php(21): Illuminate\\Pipeline\\Pipeline->{closure:{closure:Illuminate\\Pipeline\\Pipeline::carry():194}:195}(Object(Illuminate\\Http\\Request))
#35 /home/notfuad/ngodingweb/www/laundry-go/vendor/laravel/framework/src/Illuminate/Foundation/Http/Middleware/ConvertEmptyStringsToNull.php(31): Illuminate\\Foundation\\Http\\Middleware\\TransformsRequest->handle(Object(Illuminate\\Http\\Request), Object(Closure))
#36 /home/notfuad/ngodingweb/www/laundry-go/vendor/laravel/framework/src/Illuminate/Pipeline/Pipeline.php(219): Illuminate\\Foundation\\Http\\Middleware\\ConvertEmptyStringsToNull->handle(Object(Illuminate\\Http\\Request), Object(Closure))
#37 /home/notfuad/ngodingweb/www/laundry-go/vendor/laravel/framework/src/Illuminate/Foundation/Http/Middleware/TransformsRequest.php(21): Illuminate\\Pipeline\\Pipeline->{closure:{closure:Illuminate\\Pipeline\\Pipeline::carry():194}:195}(Object(Illuminate\\Http\\Request))
#38 /home/notfuad/ngodingweb/www/laundry-go/vendor/laravel/framework/src/Illuminate/Foundation/Http/Middleware/TrimStrings.php(51): Illuminate\\Foundation\\Http\\Middleware\\TransformsRequest->handle(Object(Illuminate\\Http\\Request), Object(Closure))
#39 /home/notfuad/ngodingweb/www/laundry-go/vendor/laravel/framework/src/Illuminate/Pipeline/Pipeline.php(219): Illuminate\\Foundation\\Http\\Middleware\\TrimStrings->handle(Object(Illuminate\\Http\\Request), Object(Closure))
#40 /home/notfuad/ngodingweb/www/laundry-go/vendor/laravel/framework/src/Illuminate/Http/Middleware/ValidatePostSize.php(27): Illuminate\\Pipeline\\Pipeline->{closure:{closure:Illuminate\\Pipeline\\Pipeline::carry():194}:195}(Object(Illuminate\\Http\\Request))
#41 /home/notfuad/ngodingweb/www/laundry-go/vendor/laravel/framework/src/Illuminate/Pipeline/Pipeline.php(219): Illuminate\\Http\\Middleware\\ValidatePostSize->handle(Object(Illuminate\\Http\\Request), Object(Closure))
#42 /home/notfuad/ngodingweb/www/laundry-go/vendor/laravel/framework/src/Illuminate/Foundation/Http/Middleware/PreventRequestsDuringMaintenance.php(110): Illuminate\\Pipeline\\Pipeline->{closure:{closure:Illuminate\\Pipeline\\Pipeline::carry():194}:195}(Object(Illuminate\\Http\\Request))
#43 /home/notfuad/ngodingweb/www/laundry-go/vendor/laravel/framework/src/Illuminate/Pipeline/Pipeline.php(219): Illuminate\\Foundation\\Http\\Middleware\\PreventRequestsDuringMaintenance->handle(Object(Illuminate\\Http\\Request), Object(Closure))
#44 /home/notfuad/ngodingweb/www/laundry-go/vendor/laravel/framework/src/Illuminate/Http/Middleware/HandleCors.php(61): Illuminate\\Pipeline\\Pipeline->{closure:{closure:Illuminate\\Pipeline\\Pipeline::carry():194}:195}(Object(Illuminate\\Http\\Request))
#45 /home/notfuad/ngodingweb/www/laundry-go/vendor/laravel/framework/src/Illuminate/Pipeline/Pipeline.php(219): Illuminate\\Http\\Middleware\\HandleCors->handle(Object(Illuminate\\Http\\Request), Object(Closure))
#46 /home/notfuad/ngodingweb/www/laundry-go/vendor/laravel/framework/src/Illuminate/Http/Middleware/TrustProxies.php(58): Illuminate\\Pipeline\\Pipeline->{closure:{closure:Illuminate\\Pipeline\\Pipeline::carry():194}:195}(Object(Illuminate\\Http\\Request))
#47 /home/notfuad/ngodingweb/www/laundry-go/vendor/laravel/framework/src/Illuminate/Pipeline/Pipeline.php(219): Illuminate\\Http\\Middleware\\TrustProxies->handle(Object(Illuminate\\Http\\Request), Object(Closure))
#48 /home/notfuad/ngodingweb/www/laundry-go/vendor/laravel/framework/src/Illuminate/Foundation/Http/Middleware/InvokeDeferredCallbacks.php(22): Illuminate\\Pipeline\\Pipeline->{closure:{closure:Illuminate\\Pipeline\\Pipeline::carry():194}:195}(Object(Illuminate\\Http\\Request))
#49 /home/notfuad/ngodingweb/www/laundry-go/vendor/laravel/framework/src/Illuminate/Pipeline/Pipeline.php(219): Illuminate\\Foundation\\Http\\Middleware\\InvokeDeferredCallbacks->handle(Object(Illuminate\\Http\\Request), Object(Closure))
#50 /home/notfuad/ngodingweb/www/laundry-go/vendor/laravel/framework/src/Illuminate/Http/Middleware/ValidatePathEncoding.php(28): Illuminate\\Pipeline\\Pipeline->{closure:{closure:Illuminate\\Pipeline\\Pipeline::carry():194}:195}(Object(Illuminate\\Http\\Request))
#51 /home/notfuad/ngodingweb/www/laundry-go/vendor/laravel/framework/src/Illuminate/Pipeline/Pipeline.php(219): Illuminate\\Http\\Middleware\\ValidatePathEncoding->handle(Object(Illuminate\\Http\\Request), Object(Closure))
#52 /home/notfuad/ngodingweb/www/laundry-go/vendor/laravel/framework/src/Illuminate/Pipeline/Pipeline.php(137): Illuminate\\Pipeline\\Pipeline->{closure:{closure:Illuminate\\Pipeline\\Pipeline::carry():194}:195}(Object(Illuminate\\Http\\Request))
#53 /home/notfuad/ngodingweb/www/laundry-go/vendor/laravel/framework/src/Illuminate/Foundation/Http/Kernel.php(175): Illuminate\\Pipeline\\Pipeline->then(Object(Closure))
#54 /home/notfuad/ngodingweb/www/laundry-go/vendor/laravel/framework/src/Illuminate/Foundation/Http/Kernel.php(144): Illuminate\\Foundation\\Http\\Kernel->sendRequestThroughRouter(Object(Illuminate\\Http\\Request))
#55 /home/notfuad/ngodingweb/www/laundry-go/vendor/laravel/framework/src/Illuminate/Foundation/Testing/Concerns/MakesHttpRequests.php(638): Illuminate\\Foundation\\Http\\Kernel->handle(Object(Illuminate\\Http\\Request))
#56 /home/notfuad/ngodingweb/www/laundry-go/vendor/laravel/framework/src/Illuminate/Foundation/Testing/Concerns/MakesHttpRequests.php(368): Illuminate\\Foundation\\Testing\\TestCase->call('GET', '/', Array, Array, Array, Array)
#57 /home/notfuad/ngodingweb/www/laundry-go/tests/Feature/ExampleTest.php(4): Illuminate\\Foundation\\Testing\\TestCase->get('/')
#58 /home/notfuad/ngodingweb/www/laundry-go/vendor/pestphp/pest/src/Factories/TestCaseMethodFactory.php(135): P\\Tests\\Feature\\ExampleTest->{closure:/home/notfuad/ngodingweb/www/laundry-go/tests/Feature/ExampleTest.php:3}()
#59 [internal function]: P\\Tests\\Feature\\ExampleTest->{closure:Pest\\Factories\\TestCaseMethodFactory::getClosure():125}()
#60 /home/notfuad/ngodingweb/www/laundry-go/vendor/pestphp/pest/src/Concerns/Testable.php(508): call_user_func_array(Object(Closure), Array)
#61 /home/notfuad/ngodingweb/www/laundry-go/vendor/pestphp/pest/src/Support/ExceptionTrace.php(24): P\\Tests\\Feature\\ExampleTest->{closure:Pest\\Concerns\\Testable::__callClosure():508}()
#62 /home/notfuad/ngodingweb/www/laundry-go/vendor/pestphp/pest/src/Concerns/Testable.php(508): Pest\\Support\\ExceptionTrace::ensure(Object(Closure))
#63 /home/notfuad/ngodingweb/www/laundry-go/vendor/pestphp/pest/src/Concerns/Testable.php(322): P\\Tests\\Feature\\ExampleTest->__callClosure(Object(Closure), Array)
#64 /home/notfuad/ngodingweb/www/laundry-go/vendor/pestphp/pest/src/Factories/TestCaseFactory.php(170) : eval()'d code(22): P\\Tests\\Feature\\ExampleTest->__runTest(Object(Closure))
#65 /home/notfuad/ngodingweb/www/laundry-go/vendor/phpunit/phpunit/src/Framework/TestCase.php(1461): P\\Tests\\Feature\\ExampleTest->__pest_evaluable_the_application_returns_a_successful_response()
#66 /home/notfuad/ngodingweb/www/laundry-go/vendor/phpunit/phpunit/src/Framework/TestCase.php(1475): PHPUnit\\Framework\\TestCase->invokeTestMethod('__pest_evaluabl...', Array)
#67 /home/notfuad/ngodingweb/www/laundry-go/vendor/phpunit/phpunit/src/Framework/TestCase.php(496): PHPUnit\\Framework\\TestCase->runTest()
#68 /home/notfuad/ngodingweb/www/laundry-go/vendor/phpunit/phpunit/src/Framework/TestRunner/TestRunner.php(126): PHPUnit\\Framework\\TestCase->runBare()
#69 /home/notfuad/ngodingweb/www/laundry-go/vendor/phpunit/phpunit/src/Framework/TestCase.php(328): PHPUnit\\Framework\\TestRunner\\TestRunner->run(Object(P\\Tests\\Feature\\ExampleTest))
#70 /home/notfuad/ngodingweb/www/laundry-go/vendor/phpunit/phpunit/src/Framework/TestSuite.php(627): PHPUnit\\Framework\\TestCase->run()
#71 /home/notfuad/ngodingweb/www/laundry-go/vendor/phpunit/phpunit/src/Framework/TestSuite.php(420): PHPUnit\\Framework\\TestSuite->runTests(Array, Object(PHPUnit\\Event\\DispatchingEmitter))
#72 /home/notfuad/ngodingweb/www/laundry-go/vendor/phpunit/phpunit/src/Framework/TestSuite.php(627): PHPUnit\\Framework\\TestSuite->run()
#73 /home/notfuad/ngodingweb/www/laundry-go/vendor/phpunit/phpunit/src/Framework/TestSuite.php(420): PHPUnit\\Framework\\TestSuite->runTests(Array, Object(PHPUnit\\Event\\DispatchingEmitter))
#74 /home/notfuad/ngodingweb/www/laundry-go/vendor/phpunit/phpunit/src/Framework/TestSuite.php(627): PHPUnit\\Framework\\TestSuite->run()
#75 /home/notfuad/ngodingweb/www/laundry-go/vendor/phpunit/phpunit/src/Framework/TestSuite.php(420): PHPUnit\\Framework\\TestSuite->runTests(Array, Object(PHPUnit\\Event\\DispatchingEmitter))
#76 /home/notfuad/ngodingweb/www/laundry-go/vendor/phpunit/phpunit/src/TextUI/TestRunner.php(64): PHPUnit\\Framework\\TestSuite->run()
#77 /home/notfuad/ngodingweb/www/laundry-go/vendor/phpunit/phpunit/src/TextUI/Application.php(255): PHPUnit\\TextUI\\TestRunner->run(Object(PHPUnit\\TextUI\\Configuration\\Configuration), Object(PHPUnit\\Runner\\TestRunHistory\\DefaultTestRunHistory), Object(PHPUnit\\Framework\\TestSuite))
#78 /home/notfuad/ngodingweb/www/laundry-go/vendor/pestphp/pest/src/Kernel.php(100): PHPUnit\\TextUI\\Application->run(Array)
#79 /home/notfuad/ngodingweb/www/laundry-go/vendor/pestphp/pest/bin/pest(207): Pest\\Kernel->handle(Array, Array)
#80 /home/notfuad/ngodingweb/www/laundry-go/vendor/pestphp/pest/bin/pest(215): {closure:/home/notfuad/ngodingweb/www/laundry-go/vendor/pestphp/pest/bin/pest:21}()
#81 {main}

[previous exception] [object] (PDOException(code: HY000): SQLSTATE[HY000]: General error: 1 no such table: layanan at /home/notfuad/ngodingweb/www/laundry-go/vendor/laravel/framework/src/Illuminate/Database/Connection.php:435)
[stacktrace]
#0 /home/notfuad/ngodingweb/www/laundry-go/vendor/laravel/framework/src/Illuminate/Database/Connection.php(435): PDO->prepare('select * from \"...')
#1 /home/notfuad/ngodingweb/www/laundry-go/vendor/laravel/framework/src/Illuminate/Database/Connection.php(846): Illuminate\\Database\\Connection->{closure:Illuminate\\Database\\Connection::select():426}('select * from \"...', Array)
#2 /home/notfuad/ngodingweb/www/laundry-go/vendor/laravel/framework/src/Illuminate/Database/Connection.php(813): Illuminate\\Database\\Connection->runQueryCallback('select * from \"...', Array, Object(Closure))
#3 /home/notfuad/ngodingweb/www/laundry-go/vendor/laravel/framework/src/Illuminate/Database/Connection.php(426): Illuminate\\Database\\Connection->run('select * from \"...', Array, Object(Closure))
#4 /home/notfuad/ngodingweb/www/laundry-go/vendor/laravel/framework/src/Illuminate/Database/Query/Builder.php(3631): Illuminate\\Database\\Connection->select('select * from \"...', Array, true, Array)
#5 /home/notfuad/ngodingweb/www/laundry-go/vendor/laravel/framework/src/Illuminate/Database/Query/Builder.php(3615): Illuminate\\Database\\Query\\Builder->runSelect()
#6 /home/notfuad/ngodingweb/www/laundry-go/vendor/laravel/framework/src/Illuminate/Database/Eloquent/Builder.php(931): Illuminate\\Database\\Query\\Builder->get(Array)
#7 /home/notfuad/ngodingweb/www/laundry-go/vendor/laravel/framework/src/Illuminate/Database/Eloquent/Builder.php(913): Illuminate\\Database\\Eloquent\\Builder->getModels(Array)
#8 /home/notfuad/ngodingweb/www/laundry-go/app/Http/Controllers/Customer/PageController.php(14): Illuminate\\Database\\Eloquent\\Builder->get()
#9 /home/notfuad/ngodingweb/www/laundry-go/vendor/laravel/framework/src/Illuminate/Routing/ControllerDispatcher.php(46): App\\Http\\Controllers\\Customer\\PageController->home()
#10 /home/notfuad/ngodingweb/www/laundry-go/vendor/laravel/framework/src/Illuminate/Routing/Route.php(276): Illuminate\\Routing\\ControllerDispatcher->dispatch(Object(Illuminate\\Routing\\Route), Object(App\\Http\\Controllers\\Customer\\PageController), 'home')
#11 /home/notfuad/ngodingweb/www/laundry-go/vendor/laravel/framework/src/Illuminate/Routing/Route.php(216): Illuminate\\Routing\\Route->runController()
#12 /home/notfuad/ngodingweb/www/laundry-go/vendor/laravel/framework/src/Illuminate/Routing/Router.php(822): Illuminate\\Routing\\Route->run()
#13 /home/notfuad/ngodingweb/www/laundry-go/vendor/laravel/framework/src/Illuminate/Pipeline/Pipeline.php(180): Illuminate\\Routing\\Router->{closure:Illuminate\\Routing\\Router::runRouteWithinStack():821}(Object(Illuminate\\Http\\Request))
#14 /home/notfuad/ngodingweb/www/laundry-go/vendor/laravel/framework/src/Illuminate/Routing/Middleware/SubstituteBindings.php(52): Illuminate\\Pipeline\\Pipeline->{closure:Illuminate\\Pipeline\\Pipeline::prepareDestination():178}(Object(Illuminate\\Http\\Request))
#15 /home/notfuad/ngodingweb/www/laundry-go/vendor/laravel/framework/src/Illuminate/Pipeline/Pipeline.php(219): Illuminate\\Routing\\Middleware\\SubstituteBindings->handle(Object(Illuminate\\Http\\Request), Object(Closure))
#16 /home/notfuad/ngodingweb/www/laundry-go/vendor/laravel/framework/src/Illuminate/Foundation/Http/Middleware/PreventRequestForgery.php(104): Illuminate\\Pipeline\\Pipeline->{closure:{closure:Illuminate\\Pipeline\\Pipeline::carry():194}:195}(Object(Illuminate\\Http\\Request))
#17 /home/notfuad/ngodingweb/www/laundry-go/vendor/laravel/framework/src/Illuminate/Pipeline/Pipeline.php(219): Illuminate\\Foundation\\Http\\Middleware\\PreventRequestForgery->handle(Object(Illuminate\\Http\\Request), Object(Closure))
#18 /home/notfuad/ngodingweb/www/laundry-go/vendor/laravel/framework/src/Illuminate/View/Middleware/ShareErrorsFromSession.php(48): Illuminate\\Pipeline\\Pipeline->{closure:{closure:Illuminate\\Pipeline\\Pipeline::carry():194}:195}(Object(Illuminate\\Http\\Request))
#19 /home/notfuad/ngodingweb/www/laundry-go/vendor/laravel/framework/src/Illuminate/Pipeline/Pipeline.php(219): Illuminate\\View\\Middleware\\ShareErrorsFromSession->handle(Object(Illuminate\\Http\\Request), Object(Closure))
#20 /home/notfuad/ngodingweb/www/laundry-go/vendor/laravel/framework/src/Illuminate/Session/Middleware/StartSession.php(120): Illuminate\\Pipeline\\Pipeline->{closure:{closure:Illuminate\\Pipeline\\Pipeline::carry():194}:195}(Object(Illuminate\\Http\\Request))
#21 /home/notfuad/ngodingweb/www/laundry-go/vendor/laravel/framework/src/Illuminate/Session/Middleware/StartSession.php(63): Illuminate\\Session\\Middleware\\StartSession->handleStatefulRequest(Object(Illuminate\\Http\\Request), Object(Illuminate\\Session\\Store), Object(Closure))
#22 /home/notfuad/ngodingweb/www/laundry-go/vendor/laravel/framework/src/Illuminate/Pipeline/Pipeline.php(219): Illuminate\\Session\\Middleware\\StartSession->handle(Object(Illuminate\\Http\\Request), Object(Closure))
#23 /home/notfuad/ngodingweb/www/laundry-go/vendor/laravel/framework/src/Illuminate/Cookie/Middleware/AddQueuedCookiesToResponse.php(36): Illuminate\\Pipeline\\Pipeline->{closure:{closure:Illuminate\\Pipeline\\Pipeline::carry():194}:195}(Object(Illuminate\\Http\\Request))
#24 /home/notfuad/ngodingweb/www/laundry-go/vendor/laravel/framework/src/Illuminate/Pipeline/Pipeline.php(219): Illuminate\\Cookie\\Middleware\\AddQueuedCookiesToResponse->handle(Object(Illuminate\\Http\\Request), Object(Closure))
#25 /home/notfuad/ngodingweb/www/laundry-go/vendor/laravel/framework/src/Illuminate/Cookie/Middleware/EncryptCookies.php(74): Illuminate\\Pipeline\\Pipeline->{closure:{closure:Illuminate\\Pipeline\\Pipeline::carry():194}:195}(Object(Illuminate\\Http\\Request))
#26 /home/notfuad/ngodingweb/www/laundry-go/vendor/laravel/framework/src/Illuminate/Pipeline/Pipeline.php(219): Illuminate\\Cookie\\Middleware\\EncryptCookies->handle(Object(Illuminate\\Http\\Request), Object(Closure))
#27 /home/notfuad/ngodingweb/www/laundry-go/vendor/laravel/framework/src/Illuminate/Pipeline/Pipeline.php(137): Illuminate\\Pipeline\\Pipeline->{closure:{closure:Illuminate\\Pipeline\\Pipeline::carry():194}:195}(Object(Illuminate\\Http\\Request))
#28 /home/notfuad/ngodingweb/www/laundry-go/vendor/laravel/framework/src/Illuminate/Routing/Router.php(821): Illuminate\\Pipeline\\Pipeline->then(Object(Closure))
#29 /home/notfuad/ngodingweb/www/laundry-go/vendor/laravel/framework/src/Illuminate/Routing/Router.php(800): Illuminate\\Routing\\Router->runRouteWithinStack(Object(Illuminate\\Routing\\Route), Object(Illuminate\\Http\\Request))
#30 /home/notfuad/ngodingweb/www/laundry-go/vendor/laravel/framework/src/Illuminate/Routing/Router.php(764): Illuminate\\Routing\\Router->runRoute(Object(Illuminate\\Http\\Request), Object(Illuminate\\Routing\\Route))
#31 /home/notfuad/ngodingweb/www/laundry-go/vendor/laravel/framework/src/Illuminate/Routing/Router.php(753): Illuminate\\Routing\\Router->dispatchToRoute(Object(Illuminate\\Http\\Request))
#32 /home/notfuad/ngodingweb/www/laundry-go/vendor/laravel/framework/src/Illuminate/Foundation/Http/Kernel.php(200): Illuminate\\Routing\\Router->dispatch(Object(Illuminate\\Http\\Request))
#33 /home/notfuad/ngodingweb/www/laundry-go/vendor/laravel/framework/src/Illuminate/Pipeline/Pipeline.php(180): Illuminate\\Foundation\\Http\\Kernel->{closure:Illuminate\\Foundation\\Http\\Kernel::dispatchToRouter():197}(Object(Illuminate\\Http\\Request))
#34 /home/notfuad/ngodingweb/www/laundry-go/vendor/laravel/mcp/src/Server/Middleware/AddWwwAuthenticateHeader.php(21): Illuminate\\Pipeline\\Pipeline->{closure:Illuminate\\Pipeline\\Pipeline::prepareDestination():178}(Object(Illuminate\\Http\\Request))
#35 /home/notfuad/ngodingweb/www/laundry-go/vendor/laravel/framework/src/Illuminate/Pipeline/Pipeline.php(219): Laravel\\Mcp\\Server\\Middleware\\AddWwwAuthenticateHeader->handle(Object(Illuminate\\Http\\Request), Object(Closure))
#36 /home/notfuad/ngodingweb/www/laundry-go/vendor/laravel/framework/src/Illuminate/Foundation/Http/Middleware/TransformsRequest.php(21): Illuminate\\Pipeline\\Pipeline->{closure:{closure:Illuminate\\Pipeline\\Pipeline::carry():194}:195}(Object(Illuminate\\Http\\Request))
#37 /home/notfuad/ngodingweb/www/laundry-go/vendor/laravel/framework/src/Illuminate/Foundation/Http/Middleware/ConvertEmptyStringsToNull.php(31): Illuminate\\Foundation\\Http\\Middleware\\TransformsRequest->handle(Object(Illuminate\\Http\\Request), Object(Closure))
#38 /home/notfuad/ngodingweb/www/laundry-go/vendor/laravel/framework/src/Illuminate/Pipeline/Pipeline.php(219): Illuminate\\Foundation\\Http\\Middleware\\ConvertEmptyStringsToNull->handle(Object(Illuminate\\Http\\Request), Object(Closure))
#39 /home/notfuad/ngodingweb/www/laundry-go/vendor/laravel/framework/src/Illuminate/Foundation/Http/Middleware/TransformsRequest.php(21): Illuminate\\Pipeline\\Pipeline->{closure:{closure:Illuminate\\Pipeline\\Pipeline::carry():194}:195}(Object(Illuminate\\Http\\Request))
#40 /home/notfuad/ngodingweb/www/laundry-go/vendor/laravel/framework/src/Illuminate/Foundation/Http/Middleware/TrimStrings.php(51): Illuminate\\Foundation\\Http\\Middleware\\TransformsRequest->handle(Object(Illuminate\\Http\\Request), Object(Closure))
#41 /home/notfuad/ngodingweb/www/laundry-go/vendor/laravel/framework/src/Illuminate/Pipeline/Pipeline.php(219): Illuminate\\Foundation\\Http\\Middleware\\TrimStrings->handle(Object(Illuminate\\Http\\Request), Object(Closure))
#42 /home/notfuad/ngodingweb/www/laundry-go/vendor/laravel/framework/src/Illuminate/Http/Middleware/ValidatePostSize.php(27): Illuminate\\Pipeline\\Pipeline->{closure:{closure:Illuminate\\Pipeline\\Pipeline::carry():194}:195}(Object(Illuminate\\Http\\Request))
#43 /home/notfuad/ngodingweb/www/laundry-go/vendor/laravel/framework/src/Illuminate/Pipeline/Pipeline.php(219): Illuminate\\Http\\Middleware\\ValidatePostSize->handle(Object(Illuminate\\Http\\Request), Object(Closure))
#44 /home/notfuad/ngodingweb/www/laundry-go/vendor/laravel/framework/src/Illuminate/Foundation/Http/Middleware/PreventRequestsDuringMaintenance.php(110): Illuminate\\Pipeline\\Pipeline->{closure:{closure:Illuminate\\Pipeline\\Pipeline::carry():194}:195}(Object(Illuminate\\Http\\Request))
#45 /home/notfuad/ngodingweb/www/laundry-go/vendor/laravel/framework/src/Illuminate/Pipeline/Pipeline.php(219): Illuminate\\Foundation\\Http\\Middleware\\PreventRequestsDuringMaintenance->handle(Object(Illuminate\\Http\\Request), Object(Closure))
#46 /home/notfuad/ngodingweb/www/laundry-go/vendor/laravel/framework/src/Illuminate/Http/Middleware/HandleCors.php(61): Illuminate\\Pipeline\\Pipeline->{closure:{closure:Illuminate\\Pipeline\\Pipeline::carry():194}:195}(Object(Illuminate\\Http\\Request))
#47 /home/notfuad/ngodingweb/www/laundry-go/vendor/laravel/framework/src/Illuminate/Pipeline/Pipeline.php(219): Illuminate\\Http\\Middleware\\HandleCors->handle(Object(Illuminate\\Http\\Request), Object(Closure))
#48 /home/notfuad/ngodingweb/www/laundry-go/vendor/laravel/framework/src/Illuminate/Http/Middleware/TrustProxies.php(58): Illuminate\\Pipeline\\Pipeline->{closure:{closure:Illuminate\\Pipeline\\Pipeline::carry():194}:195}(Object(Illuminate\\Http\\Request))
#49 /home/notfuad/ngodingweb/www/laundry-go/vendor/laravel/framework/src/Illuminate/Pipeline/Pipeline.php(219): Illuminate\\Http\\Middleware\\TrustProxies->handle(Object(Illuminate\\Http\\Request), Object(Closure))
#50 /home/notfuad/ngodingweb/www/laundry-go/vendor/laravel/framework/src/Illuminate/Foundation/Http/Middleware/InvokeDeferredCallbacks.php(22): Illuminate\\Pipeline\\Pipeline->{closure:{closure:Illuminate\\Pipeline\\Pipeline::carry():194}:195}(Object(Illuminate\\Http\\Request))
#51 /home/notfuad/ngodingweb/www/laundry-go/vendor/laravel/framework/src/Illuminate/Pipeline/Pipeline.php(219): Illuminate\\Foundation\\Http\\Middleware\\InvokeDeferredCallbacks->handle(Object(Illuminate\\Http\\Request), Object(Closure))
#52 /home/notfuad/ngodingweb/www/laundry-go/vendor/laravel/framework/src/Illuminate/Http/Middleware/ValidatePathEncoding.php(28): Illuminate\\Pipeline\\Pipeline->{closure:{closure:Illuminate\\Pipeline\\Pipeline::carry():194}:195}(Object(Illuminate\\Http\\Request))
#53 /home/notfuad/ngodingweb/www/laundry-go/vendor/laravel/framework/src/Illuminate/Pipeline/Pipeline.php(219): Illuminate\\Http\\Middleware\\ValidatePathEncoding->handle(Object(Illuminate\\Http\\Request), Object(Closure))
#54 /home/notfuad/ngodingweb/www/laundry-go/vendor/laravel/framework/src/Illuminate/Pipeline/Pipeline.php(137): Illuminate\\Pipeline\\Pipeline->{closure:{closure:Illuminate\\Pipeline\\Pipeline::carry():194}:195}(Object(Illuminate\\Http\\Request))
#55 /home/notfuad/ngodingweb/www/laundry-go/vendor/laravel/framework/src/Illuminate/Foundation/Http/Kernel.php(175): Illuminate\\Pipeline\\Pipeline->then(Object(Closure))
#56 /home/notfuad/ngodingweb/www/laundry-go/vendor/laravel/framework/src/Illuminate/Foundation/Http/Kernel.php(144): Illuminate\\Foundation\\Http\\Kernel->sendRequestThroughRouter(Object(Illuminate\\Http\\Request))
#57 /home/notfuad/ngodingweb/www/laundry-go/vendor/laravel/framework/src/Illuminate/Foundation/Testing/Concerns/MakesHttpRequests.php(638): Illuminate\\Foundation\\Http\\Kernel->handle(Object(Illuminate\\Http\\Request))
#58 /home/notfuad/ngodingweb/www/laundry-go/vendor/laravel/framework/src/Illuminate/Foundation/Testing/Concerns/MakesHttpRequests.php(368): Illuminate\\Foundation\\Testing\\TestCase->call('GET', '/', Array, Array, Array, Array)
#59 /home/notfuad/ngodingweb/www/laundry-go/tests/Feature/ExampleTest.php(4): Illuminate\\Foundation\\Testing\\TestCase->get('/')
#60 /home/notfuad/ngodingweb/www/laundry-go/vendor/pestphp/pest/src/Factories/TestCaseMethodFactory.php(135): P\\Tests\\Feature\\ExampleTest->{closure:/home/notfuad/ngodingweb/www/laundry-go/tests/Feature/ExampleTest.php:3}()
#61 [internal function]: P\\Tests\\Feature\\ExampleTest->{closure:Pest\\Factories\\TestCaseMethodFactory::getClosure():125}()
#62 /home/notfuad/ngodingweb/www/laundry-go/vendor/pestphp/pest/src/Concerns/Testable.php(508): call_user_func_array(Object(Closure), Array)
#63 /home/notfuad/ngodingweb/www/laundry-go/vendor/pestphp/pest/src/Support/ExceptionTrace.php(24): P\\Tests\\Feature\\ExampleTest->{closure:Pest\\Concerns\\Testable::__callClosure():508}()
#64 /home/notfuad/ngodingweb/www/laundry-go/vendor/pestphp/pest/src/Concerns/Testable.php(508): Pest\\Support\\ExceptionTrace::ensure(Object(Closure))
#65 /home/notfuad/ngodingweb/www/laundry-go/vendor/pestphp/pest/src/Concerns/Testable.php(322): P\\Tests\\Feature\\ExampleTest->__callClosure(Object(Closure), Array)
#66 /home/notfuad/ngodingweb/www/laundry-go/vendor/pestphp/pest/src/Factories/TestCaseFactory.php(170) : eval()'d code(22): P\\Tests\\Feature\\ExampleTest->__runTest(Object(Closure))
#67 /home/notfuad/ngodingweb/www/laundry-go/vendor/phpunit/phpunit/src/Framework/TestCase.php(1461): P\\Tests\\Feature\\ExampleTest->__pest_evaluable_the_application_returns_a_successful_response()
#68 /home/notfuad/ngodingweb/www/laundry-go/vendor/phpunit/phpunit/src/Framework/TestCase.php(1475): PHPUnit\\Framework\\TestCase->invokeTestMethod('__pest_evaluabl...', Array)
#69 /home/notfuad/ngodingweb/www/laundry-go/vendor/phpunit/phpunit/src/Framework/TestCase.php(496): PHPUnit\\Framework\\TestCase->runTest()
#70 /home/notfuad/ngodingweb/www/laundry-go/vendor/phpunit/phpunit/src/Framework/TestRunner/TestRunner.php(126): PHPUnit\\Framework\\TestCase->runBare()
#71 /home/notfuad/ngodingweb/www/laundry-go/vendor/phpunit/phpunit/src/Framework/TestCase.php(328): PHPUnit\\Framework\\TestRunner\\TestRunner->run(Object(P\\Tests\\Feature\\ExampleTest))
#72 /home/notfuad/ngodingweb/www/laundry-go/vendor/phpunit/phpunit/src/Framework/TestSuite.php(627): PHPUnit\\Framework\\TestCase->run()
#73 /home/notfuad/ngodingweb/www/laundry-go/vendor/phpunit/phpunit/src/Framework/TestSuite.php(420): PHPUnit\\Framework\\TestSuite->runTests(Array, Object(PHPUnit\\Event\\DispatchingEmitter))
#74 /home/notfuad/ngodingweb/www/laundry-go/vendor/phpunit/phpunit/src/Framework/TestSuite.php(627): PHPUnit\\Framework\\TestSuite->run()
#75 /home/notfuad/ngodingweb/www/laundry-go/vendor/phpunit/phpunit/src/Framework/TestSuite.php(420): PHPUnit\\Framework\\TestSuite->runTests(Array, Object(PHPUnit\\Event\\DispatchingEmitter))
#76 /home/notfuad/ngodingweb/www/laundry-go/vendor/phpunit/phpunit/src/Framework/TestSuite.php(627): PHPUnit\\Framework\\TestSuite->run()
#77 /home/notfuad/ngodingweb/www/laundry-go/vendor/phpunit/phpunit/src/Framework/TestSuite.php(420): PHPUnit\\Framework\\TestSuite->runTests(Array, Object(PHPUnit\\Event\\DispatchingEmitter))
#78 /home/notfuad/ngodingweb/www/laundry-go/vendor/phpunit/phpunit/src/TextUI/TestRunner.php(64): PHPUnit\\Framework\\TestSuite->run()
#79 /home/notfuad/ngodingweb/www/laundry-go/vendor/phpunit/phpunit/src/TextUI/Application.php(255): PHPUnit\\TextUI\\TestRunner->run(Object(PHPUnit\\TextUI\\Configuration\\Configuration), Object(PHPUnit\\Runner\\TestRunHistory\\DefaultTestRunHistory), Object(PHPUnit\\Framework\\TestSuite))
#80 /home/notfuad/ngodingweb/www/laundry-go/vendor/pestphp/pest/src/Kernel.php(100): PHPUnit\\TextUI\\Application->run(Array)
#81 /home/notfuad/ngodingweb/www/laundry-go/vendor/pestphp/pest/bin/pest(207): Pest\\Kernel->handle(Array, Array)
#82 /home/notfuad/ngodingweb/www/laundry-go/vendor/pestphp/pest/bin/pest(215): {closure:/home/notfuad/ngodingweb/www/laundry-go/vendor/pestphp/pest/bin/pest:21}()
#83 {main}
"} 
[2026-09-24 15:16:40] testing.ERROR: Function () does not exist {"userId":1,"exception":"[object] (ReflectionException(code: 0): Function () does not exist at /home/notfuad/ngodingweb/www/laundry-go/vendor/laravel/framework/src/Illuminate/Routing/RouteSignatureParameters.php:33)
[stacktrace]
#0 /home/notfuad/ngodingweb/www/laundry-go/vendor/laravel/framework/src/Illuminate/Routing/RouteSignatureParameters.php(33): ReflectionFunction->__construct('')
#1 /home/notfuad/ngodingweb/www/laundry-go/vendor/laravel/framework/src/Illuminate/Routing/Route.php(552): Illuminate\\Routing\\RouteSignatureParameters::fromAction(Array, Array)
#2 /home/notfuad/ngodingweb/www/laundry-go/vendor/laravel/framework/src/Illuminate/Routing/ImplicitRouteBinding.php(79): Illuminate\\Routing\\Route->signatureParameters(Array)
#3 /home/notfuad/ngodingweb/www/laundry-go/vendor/laravel/framework/src/Illuminate/Routing/ImplicitRouteBinding.php(27): Illuminate\\Routing\\ImplicitRouteBinding::resolveBackedEnumsForRoute(Object(Illuminate\\Routing\\Route), Array)
#4 /home/notfuad/ngodingweb/www/laundry-go/vendor/laravel/framework/src/Illuminate/Routing/Router.php(980): Illuminate\\Routing\\ImplicitRouteBinding::resolveForRoute(Object(Illuminate\\Foundation\\Application), Object(Illuminate\\Routing\\Route))
#5 [internal function]: Illuminate\\Routing\\Router->{closure:Illuminate\\Routing\\Router::substituteImplicitBindings():980}(Object(Illuminate\\Foundation\\Application), Object(Illuminate\\Routing\\Route), Object(Closure))
#6 /home/notfuad/ngodingweb/www/laundry-go/vendor/laravel/framework/src/Illuminate/Routing/Router.php(982): call_user_func(Object(Closure), Object(Illuminate\\Foundation\\Application), Object(Illuminate\\Routing\\Route), Object(Closure))
#7 /home/notfuad/ngodingweb/www/laundry-go/vendor/laravel/framework/src/Illuminate/Routing/Middleware/SubstituteBindings.php(43): Illuminate\\Routing\\Router->substituteImplicitBindings(Object(Illuminate\\Routing\\Route))
#8 /home/notfuad/ngodingweb/www/laundry-go/vendor/laravel/framework/src/Illuminate/Pipeline/Pipeline.php(219): Illuminate\\Routing\\Middleware\\SubstituteBindings->handle(Object(Illuminate\\Http\\Request), Object(Closure))
#9 /home/notfuad/ngodingweb/www/laundry-go/vendor/laravel/framework/src/Illuminate/Foundation/Http/Middleware/PreventRequestForgery.php(104): Illuminate\\Pipeline\\Pipeline->{closure:{closure:Illuminate\\Pipeline\\Pipeline::carry():194}:195}(Object(Illuminate\\Http\\Request))
#10 /home/notfuad/ngodingweb/www/laundry-go/vendor/laravel/framework/src/Illuminate/Pipeline/Pipeline.php(219): Illuminate\\Foundation\\Http\\Middleware\\PreventRequestForgery->handle(Object(Illuminate\\Http\\Request), Object(Closure))
#11 /home/notfuad/ngodingweb/www/laundry-go/vendor/laravel/framework/src/Illuminate/View/Middleware/ShareErrorsFromSession.php(48): Illuminate\\Pipeline\\Pipeline->{closure:{closure:Illuminate\\Pipeline\\Pipeline::carry():194}:195}(Object(Illuminate\\Http\\Request))
#12 /home/notfuad/ngodingweb/www/laundry-go/vendor/laravel/framework/src/Illuminate/Pipeline/Pipeline.php(219): Illuminate\\View\\Middleware\\ShareErrorsFromSession->handle(Object(Illuminate\\Http\\Request), Object(Closure))
#13 /home/notfuad/ngodingweb/www/laundry-go/vendor/laravel/framework/src/Illuminate/Session/Middleware/StartSession.php(120): Illuminate\\Pipeline\\Pipeline->{closure:{closure:Illuminate\\Pipeline\\Pipeline::carry():194}:195}(Object(Illuminate\\Http\\Request))
#14 /home/notfuad/ngodingweb/www/laundry-go/vendor/laravel/framework/src/Illuminate/Session/Middleware/StartSession.php(63): Illuminate\\Session\\Middleware\\StartSession->handleStatefulRequest(Object(Illuminate\\Http\\Request), Object(Illuminate\\Session\\Store), Object(Closure))
#15 /home/notfuad/ngodingweb/www/laundry-go/vendor/laravel/framework/src/Illuminate/Pipeline/Pipeline.php(219): Illuminate\\Session\\Middleware\\StartSession->handle(Object(Illuminate\\Http\\Request), Object(Closure))
#16 /home/notfuad/ngodingweb/www/laundry-go/vendor/laravel/framework/src/Illuminate/Cookie/Middleware/AddQueuedCookiesToResponse.php(36): Illuminate\\Pipeline\\Pipeline->{closure:{closure:Illuminate\\Pipeline\\Pipeline::carry():194}:195}(Object(Illuminate\\Http\\Request))
#17 /home/notfuad/ngodingweb/www/laundry-go/vendor/laravel/framework/src/Illuminate/Pipeline/Pipeline.php(219): Illuminate\\Cookie\\Middleware\\AddQueuedCookiesToResponse->handle(Object(Illuminate\\Http\\Request), Object(Closure))
#18 /home/notfuad/ngodingweb/www/laundry-go/vendor/laravel/framework/src/Illuminate/Cookie/Middleware/EncryptCookies.php(74): Illuminate\\Pipeline\\Pipeline->{closure:{closure:Illuminate\\Pipeline\\Pipeline::carry():194}:195}(Object(Illuminate\\Http\\Request))
#19 /home/notfuad/ngodingweb/www/laundry-go/vendor/laravel/framework/src/Illuminate/Pipeline/Pipeline.php(219): Illuminate\\Cookie\\Middleware\\EncryptCookies->handle(Object(Illuminate\\Http\\Request), Object(Closure))
#20 /home/notfuad/ngodingweb/www/laundry-go/vendor/laravel/framework/src/Illuminate/Pipeline/Pipeline.php(137): Illuminate\\Pipeline\\Pipeline->{closure:{closure:Illuminate\\Pipeline\\Pipeline::carry():194}:195}(Object(Illuminate\\Http\\Request))
#21 /home/notfuad/ngodingweb/www/laundry-go/vendor/laravel/framework/src/Illuminate/Routing/Router.php(821): Illuminate\\Pipeline\\Pipeline->then(Object(Closure))
#22 /home/notfuad/ngodingweb/www/laundry-go/vendor/laravel/framework/src/Illuminate/Routing/Router.php(800): Illuminate\\Routing\\Router->runRouteWithinStack(Object(Illuminate\\Routing\\Route), Object(Illuminate\\Http\\Request))
#23 /home/notfuad/ngodingweb/www/laundry-go/vendor/laravel/framework/src/Illuminate/Routing/Router.php(764): Illuminate\\Routing\\Router->runRoute(Object(Illuminate\\Http\\Request), Object(Illuminate\\Routing\\Route))
#24 /home/notfuad/ngodingweb/www/laundry-go/vendor/laravel/framework/src/Illuminate/Routing/Router.php(753): Illuminate\\Routing\\Router->dispatchToRoute(Object(Illuminate\\Http\\Request))
#25 /home/notfuad/ngodingweb/www/laundry-go/vendor/laravel/framework/src/Illuminate/Foundation/Http/Kernel.php(200): Illuminate\\Routing\\Router->dispatch(Object(Illuminate\\Http\\Request))
#26 /home/notfuad/ngodingweb/www/laundry-go/vendor/laravel/framework/src/Illuminate/Pipeline/Pipeline.php(180): Illuminate\\Foundation\\Http\\Kernel->{closure:Illuminate\\Foundation\\Http\\Kernel::dispatchToRouter():197}(Object(Illuminate\\Http\\Request))
#27 /home/notfuad/ngodingweb/www/laundry-go/vendor/laravel/mcp/src/Server/Middleware/AddWwwAuthenticateHeader.php(21): Illuminate\\Pipeline\\Pipeline->{closure:Illuminate\\Pipeline\\Pipeline::prepareDestination():178}(Object(Illuminate\\Http\\Request))
#28 /home/notfuad/ngodingweb/www/laundry-go/vendor/laravel/framework/src/Illuminate/Pipeline/Pipeline.php(219): Laravel\\Mcp\\Server\\Middleware\\AddWwwAuthenticateHeader->handle(Object(Illuminate\\Http\\Request), Object(Closure))
#29 /home/notfuad/ngodingweb/www/laundry-go/vendor/laravel/framework/src/Illuminate/Foundation/Http/Middleware/TransformsRequest.php(21): Illuminate\\Pipeline\\Pipeline->{closure:{closure:Illuminate\\Pipeline\\Pipeline::carry():194}:195}(Object(Illuminate\\Http\\Request))
#30 /home/notfuad/ngodingweb/www/laundry-go/vendor/laravel/framework/src/Illuminate/Foundation/Http/Middleware/ConvertEmptyStringsToNull.php(31): Illuminate\\Foundation\\Http\\Middleware\\TransformsRequest->handle(Object(Illuminate\\Http\\Request), Object(Closure))
#31 /home/notfuad/ngodingweb/www/laundry-go/vendor/laravel/framework/src/Illuminate/Pipeline/Pipeline.php(219): Illuminate\\Foundation\\Http\\Middleware\\ConvertEmptyStringsToNull->handle(Object(Illuminate\\Http\\Request), Object(Closure))
#32 /home/notfuad/ngodingweb/www/laundry-go/vendor/laravel/framework/src/Illuminate/Foundation/Http/Middleware/TransformsRequest.php(21): Illuminate\\Pipeline\\Pipeline->{closure:{closure:Illuminate\\Pipeline\\Pipeline::carry():194}:195}(Object(Illuminate\\Http\\Request))
#33 /home/notfuad/ngodingweb/www/laundry-go/vendor/laravel/framework/src/Illuminate/Foundation/Http/Middleware/TrimStrings.php(51): Illuminate\\Foundation\\Http\\Middleware\\TransformsRequest->handle(Object(Illuminate\\Http\\Request), Object(Closure))
#34 /home/notfuad/ngodingweb/www/laundry-go/vendor/laravel/framework/src/Illuminate/Pipeline/Pipeline.php(219): Illuminate\\Foundation\\Http\\Middleware\\TrimStrings->handle(Object(Illuminate\\Http\\Request), Object(Closure))
#35 /home/notfuad/ngodingweb/www/laundry-go/vendor/laravel/framework/src/Illuminate/Http/Middleware/ValidatePostSize.php(27): Illuminate\\Pipeline\\Pipeline->{closure:{closure:Illuminate\\Pipeline\\Pipeline::carry():194}:195}(Object(Illuminate\\Http\\Request))
#36 /home/notfuad/ngodingweb/www/laundry-go/vendor/laravel/framework/src/Illuminate/Pipeline/Pipeline.php(219): Illuminate\\Http\\Middleware\\ValidatePostSize->handle(Object(Illuminate\\Http\\Request), Object(Closure))
#37 /home/notfuad/ngodingweb/www/laundry-go/vendor/laravel/framework/src/Illuminate/Foundation/Http/Middleware/PreventRequestsDuringMaintenance.php(110): Illuminate\\Pipeline\\Pipeline->{closure:{closure:Illuminate\\Pipeline\\Pipeline::carry():194}:195}(Object(Illuminate\\Http\\Request))
#38 /home/notfuad/ngodingweb/www/laundry-go/vendor/laravel/framework/src/Illuminate/Pipeline/Pipeline.php(219): Illuminate\\Foundation\\Http\\Middleware\\PreventRequestsDuringMaintenance->handle(Object(Illuminate\\Http\\Request), Object(Closure))
#39 /home/notfuad/ngodingweb/www/laundry-go/vendor/laravel/framework/src/Illuminate/Http/Middleware/HandleCors.php(61): Illuminate\\Pipeline\\Pipeline->{closure:{closure:Illuminate\\Pipeline\\Pipeline::carry():194}:195}(Object(Illuminate\\Http\\Request))
#40 /home/notfuad/ngodingweb/www/laundry-go/vendor/laravel/framework/src/Illuminate/Pipeline/Pipeline.php(219): Illuminate\\Http\\Middleware\\HandleCors->handle(Object(Illuminate\\Http\\Request), Object(Closure))
#41 /home/notfuad/ngodingweb/www/laundry-go/vendor/laravel/framework/src/Illuminate/Http/Middleware/TrustProxies.php(58): Illuminate\\Pipeline\\Pipeline->{closure:{closure:Illuminate\\Pipeline\\Pipeline::carry():194}:195}(Object(Illuminate\\Http\\Request))
#42 /home/notfuad/ngodingweb/www/laundry-go/vendor/laravel/framework/src/Illuminate/Pipeline/Pipeline.php(219): Illuminate\\Http\\Middleware\\TrustProxies->handle(Object(Illuminate\\Http\\Request), Object(Closure))
#43 /home/notfuad/ngodingweb/www/laundry-go/vendor/laravel/framework/src/Illuminate/Foundation/Http/Middleware/InvokeDeferredCallbacks.php(22): Illuminate\\Pipeline\\Pipeline->{closure:{closure:Illuminate\\Pipeline\\Pipeline::carry():194}:195}(Object(Illuminate\\Http\\Request))
#44 /home/notfuad/ngodingweb/www/laundry-go/vendor/laravel/framework/src/Illuminate/Pipeline/Pipeline.php(219): Illuminate\\Foundation\\Http\\Middleware\\InvokeDeferredCallbacks->handle(Object(Illuminate\\Http\\Request), Object(Closure))
#45 /home/notfuad/ngodingweb/www/laundry-go/vendor/laravel/framework/src/Illuminate/Http/Middleware/ValidatePathEncoding.php(28): Illuminate\\Pipeline\\Pipeline->{closure:{closure:Illuminate\\Pipeline\\Pipeline::carry():194}:195}(Object(Illuminate\\Http\\Request))
#46 /home/notfuad/ngodingweb/www/laundry-go/vendor/laravel/framework/src/Illuminate/Pipeline/Pipeline.php(219): Illuminate\\Http\\Middleware\\ValidatePathEncoding->handle(Object(Illuminate\\Http\\Request), Object(Closure))
#47 /home/notfuad/ngodingweb/www/laundry-go/vendor/laravel/framework/src/Illuminate/Pipeline/Pipeline.php(137): Illuminate\\Pipeline\\Pipeline->{closure:{closure:Illuminate\\Pipeline\\Pipeline::carry():194}:195}(Object(Illuminate\\Http\\Request))
#48 /home/notfuad/ngodingweb/www/laundry-go/vendor/laravel/framework/src/Illuminate/Foundation/Http/Kernel.php(175): Illuminate\\Pipeline\\Pipeline->then(Object(Closure))
#49 /home/notfuad/ngodingweb/www/laundry-go/vendor/laravel/framework/src/Illuminate/Foundation/Http/Kernel.php(144): Illuminate\\Foundation\\Http\\Kernel->sendRequestThroughRouter(Object(Illuminate\\Http\\Request))
#50 /home/notfuad/ngodingweb/www/laundry-go/vendor/laravel/framework/src/Illuminate/Foundation/Testing/Concerns/MakesHttpRequests.php(638): Illuminate\\Foundation\\Http\\Kernel->handle(Object(Illuminate\\Http\\Request))
#51 /home/notfuad/ngodingweb/www/laundry-go/vendor/laravel/framework/src/Illuminate/Foundation/Testing/Concerns/MakesHttpRequests.php(368): Illuminate\\Foundation\\Testing\\TestCase->call('GET', '/karyawan/dashb...', Array, Array, Array, Array)
#52 /home/notfuad/ngodingweb/www/laundry-go/tests/Feature/LaundryGoTest.php(28): Illuminate\\Foundation\\Testing\\TestCase->get('/karyawan/dashb...')
#53 /home/notfuad/ngodingweb/www/laundry-go/vendor/pestphp/pest/src/Factories/TestCaseMethodFactory.php(135): P\\Tests\\Feature\\LaundryGoTest->{closure:/home/notfuad/ngodingweb/www/laundry-go/tests/Feature/LaundryGoTest.php:24}()
#54 [internal function]: P\\Tests\\Feature\\LaundryGoTest->{closure:Pest\\Factories\\TestCaseMethodFactory::getClosure():125}()
#55 /home/notfuad/ngodingweb/www/laundry-go/vendor/pestphp/pest/src/Concerns/Testable.php(508): call_user_func_array(Object(Closure), Array)
#56 /home/notfuad/ngodingweb/www/laundry-go/vendor/pestphp/pest/src/Support/ExceptionTrace.php(24): P\\Tests\\Feature\\LaundryGoTest->{closure:Pest\\Concerns\\Testable::__callClosure():508}()
#57 /home/notfuad/ngodingweb/www/laundry-go/vendor/pestphp/pest/src/Concerns/Testable.php(508): Pest\\Support\\ExceptionTrace::ensure(Object(Closure))
#58 /home/notfuad/ngodingweb/www/laundry-go/vendor/pestphp/pest/src/Concerns/Testable.php(322): P\\Tests\\Feature\\LaundryGoTest->__callClosure(Object(Closure), Array)
#59 /home/notfuad/ngodingweb/www/laundry-go/vendor/pestphp/pest/src/Factories/TestCaseFactory.php(170) : eval()'d code(35): P\\Tests\\Feature\\LaundryGoTest->__runTest(Object(Closure))
#60 /home/notfuad/ngodingweb/www/laundry-go/vendor/phpunit/phpunit/src/Framework/TestCase.php(1461): P\\Tests\\Feature\\LaundryGoTest->__pest_evaluable_it_redirects_each_role_to_its_own_login_area()
#61 /home/notfuad/ngodingweb/www/laundry-go/vendor/phpunit/phpunit/src/Framework/TestCase.php(1475): PHPUnit\\Framework\\TestCase->invokeTestMethod('__pest_evaluabl...', Array)
#62 /home/notfuad/ngodingweb/www/laundry-go/vendor/phpunit/phpunit/src/Framework/TestCase.php(496): PHPUnit\\Framework\\TestCase->runTest()
#63 /home/notfuad/ngodingweb/www/laundry-go/vendor/phpunit/phpunit/src/Framework/TestRunner/TestRunner.php(126): PHPUnit\\Framework\\TestCase->runBare()
#64 /home/notfuad/ngodingweb/www/laundry-go/vendor/phpunit/phpunit/src/Framework/TestCase.php(328): PHPUnit\\Framework\\TestRunner\\TestRunner->run(Object(P\\Tests\\Feature\\LaundryGoTest))
#65 /home/notfuad/ngodingweb/www/laundry-go/vendor/phpunit/phpunit/src/Framework/TestSuite.php(627): PHPUnit\\Framework\\TestCase->run()
#66 /home/notfuad/ngodingweb/www/laundry-go/vendor/phpunit/phpunit/src/Framework/TestSuite.php(420): PHPUnit\\Framework\\TestSuite->runTests(Array, Object(PHPUnit\\Event\\DispatchingEmitter))
#67 /home/notfuad/ngodingweb/www/laundry-go/vendor/phpunit/phpunit/src/TextUI/TestRunner.php(64): PHPUnit\\Framework\\TestSuite->run()
#68 /home/notfuad/ngodingweb/www/laundry-go/vendor/phpunit/phpunit/src/TextUI/Application.php(255): PHPUnit\\TextUI\\TestRunner->run(Object(PHPUnit\\TextUI\\Configuration\\Configuration), Object(PHPUnit\\Runner\\TestRunHistory\\DefaultTestRunHistory), Object(PHPUnit\\Framework\\TestSuite))
#69 /home/notfuad/ngodingweb/www/laundry-go/vendor/pestphp/pest/src/Kernel.php(100): PHPUnit\\TextUI\\Application->run(Array)
#70 /home/notfuad/ngodingweb/www/laundry-go/vendor/pestphp/pest/bin/pest(207): Pest\\Kernel->handle(Array, Array)
#71 /home/notfuad/ngodingweb/www/laundry-go/vendor/pestphp/pest/bin/pest(215): {closure:/home/notfuad/ngodingweb/www/laundry-go/vendor/pestphp/pest/bin/pest:21}()
#72 {main}
"} 
[2026-09-24 15:16:41] testing.ERROR: Function () does not exist {"exception":"[object] (ReflectionException(code: 0): Function () does not exist at /home/notfuad/ngodingweb/www/laundry-go/vendor/laravel/framework/src/Illuminate/Routing/RouteSignatureParameters.php:33)
[stacktrace]
#0 /home/notfuad/ngodingweb/www/laundry-go/vendor/laravel/framework/src/Illuminate/Routing/RouteSignatureParameters.php(33): ReflectionFunction->__construct('')
#1 /home/notfuad/ngodingweb/www/laundry-go/vendor/laravel/framework/src/Illuminate/Routing/Route.php(552): Illuminate\\Routing\\RouteSignatureParameters::fromAction(Array, Array)
#2 /home/notfuad/ngodingweb/www/laundry-go/vendor/laravel/framework/src/Illuminate/Routing/ImplicitRouteBinding.php(79): Illuminate\\Routing\\Route->signatureParameters(Array)
#3 /home/notfuad/ngodingweb/www/laundry-go/vendor/laravel/framework/src/Illuminate/Routing/ImplicitRouteBinding.php(27): Illuminate\\Routing\\ImplicitRouteBinding::resolveBackedEnumsForRoute(Object(Illuminate\\Routing\\Route), Array)
#4 /home/notfuad/ngodingweb/www/laundry-go/vendor/laravel/framework/src/Illuminate/Routing/Router.php(980): Illuminate\\Routing\\ImplicitRouteBinding::resolveForRoute(Object(Illuminate\\Foundation\\Application), Object(Illuminate\\Routing\\Route))
#5 [internal function]: Illuminate\\Routing\\Router->{closure:Illuminate\\Routing\\Router::substituteImplicitBindings():980}(Object(Illuminate\\Foundation\\Application), Object(Illuminate\\Routing\\Route), Object(Closure))
#6 /home/notfuad/ngodingweb/www/laundry-go/vendor/laravel/framework/src/Illuminate/Routing/Router.php(982): call_user_func(Object(Closure), Object(Illuminate\\Foundation\\Application), Object(Illuminate\\Routing\\Route), Object(Closure))
#7 /home/notfuad/ngodingweb/www/laundry-go/vendor/laravel/framework/src/Illuminate/Routing/Middleware/SubstituteBindings.php(43): Illuminate\\Routing\\Router->substituteImplicitBindings(Object(Illuminate\\Routing\\Route))
#8 /home/notfuad/ngodingweb/www/laundry-go/vendor/laravel/framework/src/Illuminate/Pipeline/Pipeline.php(219): Illuminate\\Routing\\Middleware\\SubstituteBindings->handle(Object(Illuminate\\Http\\Request), Object(Closure))
#9 /home/notfuad/ngodingweb/www/laundry-go/vendor/laravel/framework/src/Illuminate/Foundation/Http/Middleware/PreventRequestForgery.php(104): Illuminate\\Pipeline\\Pipeline->{closure:{closure:Illuminate\\Pipeline\\Pipeline::carry():194}:195}(Object(Illuminate\\Http\\Request))
#10 /home/notfuad/ngodingweb/www/laundry-go/vendor/laravel/framework/src/Illuminate/Pipeline/Pipeline.php(219): Illuminate\\Foundation\\Http\\Middleware\\PreventRequestForgery->handle(Object(Illuminate\\Http\\Request), Object(Closure))
#11 /home/notfuad/ngodingweb/www/laundry-go/vendor/laravel/framework/src/Illuminate/View/Middleware/ShareErrorsFromSession.php(48): Illuminate\\Pipeline\\Pipeline->{closure:{closure:Illuminate\\Pipeline\\Pipeline::carry():194}:195}(Object(Illuminate\\Http\\Request))
#12 /home/notfuad/ngodingweb/www/laundry-go/vendor/laravel/framework/src/Illuminate/Pipeline/Pipeline.php(219): Illuminate\\View\\Middleware\\ShareErrorsFromSession->handle(Object(Illuminate\\Http\\Request), Object(Closure))
#13 /home/notfuad/ngodingweb/www/laundry-go/vendor/laravel/framework/src/Illuminate/Session/Middleware/StartSession.php(120): Illuminate\\Pipeline\\Pipeline->{closure:{closure:Illuminate\\Pipeline\\Pipeline::carry():194}:195}(Object(Illuminate\\Http\\Request))
#14 /home/notfuad/ngodingweb/www/laundry-go/vendor/laravel/framework/src/Illuminate/Session/Middleware/StartSession.php(63): Illuminate\\Session\\Middleware\\StartSession->handleStatefulRequest(Object(Illuminate\\Http\\Request), Object(Illuminate\\Session\\Store), Object(Closure))
#15 /home/notfuad/ngodingweb/www/laundry-go/vendor/laravel/framework/src/Illuminate/Pipeline/Pipeline.php(219): Illuminate\\Session\\Middleware\\StartSession->handle(Object(Illuminate\\Http\\Request), Object(Closure))
#16 /home/notfuad/ngodingweb/www/laundry-go/vendor/laravel/framework/src/Illuminate/Cookie/Middleware/AddQueuedCookiesToResponse.php(36): Illuminate\\Pipeline\\Pipeline->{closure:{closure:Illuminate\\Pipeline\\Pipeline::carry():194}:195}(Object(Illuminate\\Http\\Request))
#17 /home/notfuad/ngodingweb/www/laundry-go/vendor/laravel/framework/src/Illuminate/Pipeline/Pipeline.php(219): Illuminate\\Cookie\\Middleware\\AddQueuedCookiesToResponse->handle(Object(Illuminate\\Http\\Request), Object(Closure))
#18 /home/notfuad/ngodingweb/www/laundry-go/vendor/laravel/framework/src/Illuminate/Cookie/Middleware/EncryptCookies.php(74): Illuminate\\Pipeline\\Pipeline->{closure:{closure:Illuminate\\Pipeline\\Pipeline::carry():194}:195}(Object(Illuminate\\Http\\Request))
#19 /home/notfuad/ngodingweb/www/laundry-go/vendor/laravel/framework/src/Illuminate/Pipeline/Pipeline.php(219): Illuminate\\Cookie\\Middleware\\EncryptCookies->handle(Object(Illuminate\\Http\\Request), Object(Closure))
#20 /home/notfuad/ngodingweb/www/laundry-go/vendor/laravel/framework/src/Illuminate/Pipeline/Pipeline.php(137): Illuminate\\Pipeline\\Pipeline->{closure:{closure:Illuminate\\Pipeline\\Pipeline::carry():194}:195}(Object(Illuminate\\Http\\Request))
#21 /home/notfuad/ngodingweb/www/laundry-go/vendor/laravel/framework/src/Illuminate/Routing/Router.php(821): Illuminate\\Pipeline\\Pipeline->then(Object(Closure))
#22 /home/notfuad/ngodingweb/www/laundry-go/vendor/laravel/framework/src/Illuminate/Routing/Router.php(800): Illuminate\\Routing\\Router->runRouteWithinStack(Object(Illuminate\\Routing\\Route), Object(Illuminate\\Http\\Request))
#23 /home/notfuad/ngodingweb/www/laundry-go/vendor/laravel/framework/src/Illuminate/Routing/Router.php(764): Illuminate\\Routing\\Router->runRoute(Object(Illuminate\\Http\\Request), Object(Illuminate\\Routing\\Route))
#24 /home/notfuad/ngodingweb/www/laundry-go/vendor/laravel/framework/src/Illuminate/Routing/Router.php(753): Illuminate\\Routing\\Router->dispatchToRoute(Object(Illuminate\\Http\\Request))
#25 /home/notfuad/ngodingweb/www/laundry-go/vendor/laravel/framework/src/Illuminate/Foundation/Http/Kernel.php(200): Illuminate\\Routing\\Router->dispatch(Object(Illuminate\\Http\\Request))
#26 /home/notfuad/ngodingweb/www/laundry-go/vendor/laravel/framework/src/Illuminate/Pipeline/Pipeline.php(180): Illuminate\\Foundation\\Http\\Kernel->{closure:Illuminate\\Foundation\\Http\\Kernel::dispatchToRouter():197}(Object(Illuminate\\Http\\Request))
#27 /home/notfuad/ngodingweb/www/laundry-go/vendor/laravel/mcp/src/Server/Middleware/AddWwwAuthenticateHeader.php(21): Illuminate\\Pipeline\\Pipeline->{closure:Illuminate\\Pipeline\\Pipeline::prepareDestination():178}(Object(Illuminate\\Http\\Request))
#28 /home/notfuad/ngodingweb/www/laundry-go/vendor/laravel/framework/src/Illuminate/Pipeline/Pipeline.php(219): Laravel\\Mcp\\Server\\Middleware\\AddWwwAuthenticateHeader->handle(Object(Illuminate\\Http\\Request), Object(Closure))
#29 /home/notfuad/ngodingweb/www/laundry-go/vendor/laravel/framework/src/Illuminate/Foundation/Http/Middleware/TransformsRequest.php(21): Illuminate\\Pipeline\\Pipeline->{closure:{closure:Illuminate\\Pipeline\\Pipeline::carry():194}:195}(Object(Illuminate\\Http\\Request))
#30 /home/notfuad/ngodingweb/www/laundry-go/vendor/laravel/framework/src/Illuminate/Foundation/Http/Middleware/ConvertEmptyStringsToNull.php(31): Illuminate\\Foundation\\Http\\Middleware\\TransformsRequest->handle(Object(Illuminate\\Http\\Request), Object(Closure))
#31 /home/notfuad/ngodingweb/www/laundry-go/vendor/laravel/framework/src/Illuminate/Pipeline/Pipeline.php(219): Illuminate\\Foundation\\Http\\Middleware\\ConvertEmptyStringsToNull->handle(Object(Illuminate\\Http\\Request), Object(Closure))
#32 /home/notfuad/ngodingweb/www/laundry-go/vendor/laravel/framework/src/Illuminate/Foundation/Http/Middleware/TransformsRequest.php(21): Illuminate\\Pipeline\\Pipeline->{closure:{closure:Illuminate\\Pipeline\\Pipeline::carry():194}:195}(Object(Illuminate\\Http\\Request))
#33 /home/notfuad/ngodingweb/www/laundry-go/vendor/laravel/framework/src/Illuminate/Foundation/Http/Middleware/TrimStrings.php(51): Illuminate\\Foundation\\Http\\Middleware\\TransformsRequest->handle(Object(Illuminate\\Http\\Request), Object(Closure))
#34 /home/notfuad/ngodingweb/www/laundry-go/vendor/laravel/framework/src/Illuminate/Pipeline/Pipeline.php(219): Illuminate\\Foundation\\Http\\Middleware\\TrimStrings->handle(Object(Illuminate\\Http\\Request), Object(Closure))
#35 /home/notfuad/ngodingweb/www/laundry-go/vendor/laravel/framework/src/Illuminate/Http/Middleware/ValidatePostSize.php(27): Illuminate\\Pipeline\\Pipeline->{closure:{closure:Illuminate\\Pipeline\\Pipeline::carry():194}:195}(Object(Illuminate\\Http\\Request))
#36 /home/notfuad/ngodingweb/www/laundry-go/vendor/laravel/framework/src/Illuminate/Pipeline/Pipeline.php(219): Illuminate\\Http\\Middleware\\ValidatePostSize->handle(Object(Illuminate\\Http\\Request), Object(Closure))
#37 /home/notfuad/ngodingweb/www/laundry-go/vendor/laravel/framework/src/Illuminate/Foundation/Http/Middleware/PreventRequestsDuringMaintenance.php(110): Illuminate\\Pipeline\\Pipeline->{closure:{closure:Illuminate\\Pipeline\\Pipeline::carry():194}:195}(Object(Illuminate\\Http\\Request))
#38 /home/notfuad/ngodingweb/www/laundry-go/vendor/laravel/framework/src/Illuminate/Pipeline/Pipeline.php(219): Illuminate\\Foundation\\Http\\Middleware\\PreventRequestsDuringMaintenance->handle(Object(Illuminate\\Http\\Request), Object(Closure))
#39 /home/notfuad/ngodingweb/www/laundry-go/vendor/laravel/framework/src/Illuminate/Http/Middleware/HandleCors.php(61): Illuminate\\Pipeline\\Pipeline->{closure:{closure:Illuminate\\Pipeline\\Pipeline::carry():194}:195}(Object(Illuminate\\Http\\Request))
#40 /home/notfuad/ngodingweb/www/laundry-go/vendor/laravel/framework/src/Illuminate/Pipeline/Pipeline.php(219): Illuminate\\Http\\Middleware\\HandleCors->handle(Object(Illuminate\\Http\\Request), Object(Closure))
#41 /home/notfuad/ngodingweb/www/laundry-go/vendor/laravel/framework/src/Illuminate/Http/Middleware/TrustProxies.php(58): Illuminate\\Pipeline\\Pipeline->{closure:{closure:Illuminate\\Pipeline\\Pipeline::carry():194}:195}(Object(Illuminate\\Http\\Request))
#42 /home/notfuad/ngodingweb/www/laundry-go/vendor/laravel/framework/src/Illuminate/Pipeline/Pipeline.php(219): Illuminate\\Http\\Middleware\\TrustProxies->handle(Object(Illuminate\\Http\\Request), Object(Closure))
#43 /home/notfuad/ngodingweb/www/laundry-go/vendor/laravel/framework/src/Illuminate/Foundation/Http/Middleware/InvokeDeferredCallbacks.php(22): Illuminate\\Pipeline\\Pipeline->{closure:{closure:Illuminate\\Pipeline\\Pipeline::carry():194}:195}(Object(Illuminate\\Http\\Request))
#44 /home/notfuad/ngodingweb/www/laundry-go/vendor/laravel/framework/src/Illuminate/Pipeline/Pipeline.php(219): Illuminate\\Foundation\\Http\\Middleware\\InvokeDeferredCallbacks->handle(Object(Illuminate\\Http\\Request), Object(Closure))
#45 /home/notfuad/ngodingweb/www/laundry-go/vendor/laravel/framework/src/Illuminate/Http/Middleware/ValidatePathEncoding.php(28): Illuminate\\Pipeline\\Pipeline->{closure:{closure:Illuminate\\Pipeline\\Pipeline::carry():194}:195}(Object(Illuminate\\Http\\Request))
#46 /home/notfuad/ngodingweb/www/laundry-go/vendor/laravel/framework/src/Illuminate/Pipeline/Pipeline.php(219): Illuminate\\Http\\Middleware\\ValidatePathEncoding->handle(Object(Illuminate\\Http\\Request), Object(Closure))
#47 /home/notfuad/ngodingweb/www/laundry-go/vendor/laravel/framework/src/Illuminate/Pipeline/Pipeline.php(137): Illuminate\\Pipeline\\Pipeline->{closure:{closure:Illuminate\\Pipeline\\Pipeline::carry():194}:195}(Object(Illuminate\\Http\\Request))
#48 /home/notfuad/ngodingweb/www/laundry-go/vendor/laravel/framework/src/Illuminate/Foundation/Http/Kernel.php(175): Illuminate\\Pipeline\\Pipeline->then(Object(Closure))
#49 /home/notfuad/ngodingweb/www/laundry-go/vendor/laravel/framework/src/Illuminate/Foundation/Http/Kernel.php(144): Illuminate\\Foundation\\Http\\Kernel->sendRequestThroughRouter(Object(Illuminate\\Http\\Request))
#50 /home/notfuad/ngodingweb/www/laundry-go/vendor/laravel/framework/src/Illuminate/Foundation/Testing/Concerns/MakesHttpRequests.php(638): Illuminate\\Foundation\\Http\\Kernel->handle(Object(Illuminate\\Http\\Request))
#51 /home/notfuad/ngodingweb/www/laundry-go/vendor/laravel/framework/src/Illuminate/Foundation/Testing/Concerns/MakesHttpRequests.php(368): Illuminate\\Foundation\\Testing\\TestCase->call('GET', '/admin/dashboar...', Array, Array, Array, Array)
#52 /home/notfuad/ngodingweb/www/laundry-go/tests/Feature/LaundryGoTest.php(111): Illuminate\\Foundation\\Testing\\TestCase->get('/admin/dashboar...')
#53 /home/notfuad/ngodingweb/www/laundry-go/vendor/pestphp/pest/src/Factories/TestCaseMethodFactory.php(135): P\\Tests\\Feature\\LaundryGoTest->{closure:/home/notfuad/ngodingweb/www/laundry-go/tests/Feature/LaundryGoTest.php:101}()
#54 [internal function]: P\\Tests\\Feature\\LaundryGoTest->{closure:Pest\\Factories\\TestCaseMethodFactory::getClosure():125}()
#55 /home/notfuad/ngodingweb/www/laundry-go/vendor/pestphp/pest/src/Concerns/Testable.php(508): call_user_func_array(Object(Closure), Array)
#56 /home/notfuad/ngodingweb/www/laundry-go/vendor/pestphp/pest/src/Support/ExceptionTrace.php(24): P\\Tests\\Feature\\LaundryGoTest->{closure:Pest\\Concerns\\Testable::__callClosure():508}()
#57 /home/notfuad/ngodingweb/www/laundry-go/vendor/pestphp/pest/src/Concerns/Testable.php(508): Pest\\Support\\ExceptionTrace::ensure(Object(Closure))
#58 /home/notfuad/ngodingweb/www/laundry-go/vendor/pestphp/pest/src/Concerns/Testable.php(322): P\\Tests\\Feature\\LaundryGoTest->__callClosure(Object(Closure), Array)
#59 /home/notfuad/ngodingweb/www/laundry-go/vendor/pestphp/pest/src/Factories/TestCaseFactory.php(170) : eval()'d code(100): P\\Tests\\Feature\\LaundryGoTest->__runTest(Object(Closure))
#60 /home/notfuad/ngodingweb/www/laundry-go/vendor/phpunit/phpunit/src/Framework/TestCase.php(1461): P\\Tests\\Feature\\LaundryGoTest->__pest_evaluable_it_logs_an_admin_into_the_admin_guard_and_renders_the_dashboard()
#61 /home/notfuad/ngodingweb/www/laundry-go/vendor/phpunit/phpunit/src/Framework/TestCase.php(1475): PHPUnit\\Framework\\TestCase->invokeTestMethod('__pest_evaluabl...', Array)
#62 /home/notfuad/ngodingweb/www/laundry-go/vendor/phpunit/phpunit/src/Framework/TestCase.php(496): PHPUnit\\Framework\\TestCase->runTest()
#63 /home/notfuad/ngodingweb/www/laundry-go/vendor/phpunit/phpunit/src/Framework/TestRunner/TestRunner.php(126): PHPUnit\\Framework\\TestCase->runBare()
#64 /home/notfuad/ngodingweb/www/laundry-go/vendor/phpunit/phpunit/src/Framework/TestCase.php(328): PHPUnit\\Framework\\TestRunner\\TestRunner->run(Object(P\\Tests\\Feature\\LaundryGoTest))
#65 /home/notfuad/ngodingweb/www/laundry-go/vendor/phpunit/phpunit/src/Framework/TestSuite.php(627): PHPUnit\\Framework\\TestCase->run()
#66 /home/notfuad/ngodingweb/www/laundry-go/vendor/phpunit/phpunit/src/Framework/TestSuite.php(420): PHPUnit\\Framework\\TestSuite->runTests(Array, Object(PHPUnit\\Event\\DispatchingEmitter))
#67 /home/notfuad/ngodingweb/www/laundry-go/vendor/phpunit/phpunit/src/TextUI/TestRunner.php(64): PHPUnit\\Framework\\TestSuite->run()
#68 /home/notfuad/ngodingweb/www/laundry-go/vendor/phpunit/phpunit/src/TextUI/Application.php(255): PHPUnit\\TextUI\\TestRunner->run(Object(PHPUnit\\TextUI\\Configuration\\Configuration), Object(PHPUnit\\Runner\\TestRunHistory\\DefaultTestRunHistory), Object(PHPUnit\\Framework\\TestSuite))
#69 /home/notfuad/ngodingweb/www/laundry-go/vendor/pestphp/pest/src/Kernel.php(100): PHPUnit\\TextUI\\Application->run(Array)
#70 /home/notfuad/ngodingweb/www/laundry-go/vendor/pestphp/pest/bin/pest(207): Pest\\Kernel->handle(Array, Array)
#71 /home/notfuad/ngodingweb/www/laundry-go/vendor/pestphp/pest/bin/pest(215): {closure:/home/notfuad/ngodingweb/www/laundry-go/vendor/pestphp/pest/bin/pest:21}()
#72 {main}
"} 
[2026-09-24 15:17:08] testing.ERROR: Function () does not exist {"userId":1,"exception":"[object] (ReflectionException(code: 0): Function () does not exist at /home/notfuad/ngodingweb/www/laundry-go/vendor/laravel/framework/src/Illuminate/Routing/RouteSignatureParameters.php:33)
[stacktrace]
#0 /home/notfuad/ngodingweb/www/laundry-go/vendor/laravel/framework/src/Illuminate/Routing/RouteSignatureParameters.php(33): ReflectionFunction->__construct('')
#1 /home/notfuad/ngodingweb/www/laundry-go/vendor/laravel/framework/src/Illuminate/Routing/Route.php(552): Illuminate\\Routing\\RouteSignatureParameters::fromAction(Array, Array)
#2 /home/notfuad/ngodingweb/www/laundry-go/vendor/laravel/framework/src/Illuminate/Routing/ImplicitRouteBinding.php(79): Illuminate\\Routing\\Route->signatureParameters(Array)
#3 /home/notfuad/ngodingweb/www/laundry-go/vendor/laravel/framework/src/Illuminate/Routing/ImplicitRouteBinding.php(27): Illuminate\\Routing\\ImplicitRouteBinding::resolveBackedEnumsForRoute(Object(Illuminate\\Routing\\Route), Array)
#4 /home/notfuad/ngodingweb/www/laundry-go/vendor/laravel/framework/src/Illuminate/Routing/Router.php(980): Illuminate\\Routing\\ImplicitRouteBinding::resolveForRoute(Object(Illuminate\\Foundation\\Application), Object(Illuminate\\Routing\\Route))
#5 [internal function]: Illuminate\\Routing\\Router->{closure:Illuminate\\Routing\\Router::substituteImplicitBindings():980}(Object(Illuminate\\Foundation\\Application), Object(Illuminate\\Routing\\Route), Object(Closure))
#6 /home/notfuad/ngodingweb/www/laundry-go/vendor/laravel/framework/src/Illuminate/Routing/Router.php(982): call_user_func(Object(Closure), Object(Illuminate\\Foundation\\Application), Object(Illuminate\\Routing\\Route), Object(Closure))
#7 /home/notfuad/ngodingweb/www/laundry-go/vendor/laravel/framework/src/Illuminate/Routing/Middleware/SubstituteBindings.php(43): Illuminate\\Routing\\Router->substituteImplicitBindings(Object(Illuminate\\Routing\\Route))
#8 /home/notfuad/ngodingweb/www/laundry-go/vendor/laravel/framework/src/Illuminate/Pipeline/Pipeline.php(219): Illuminate\\Routing\\Middleware\\SubstituteBindings->handle(Object(Illuminate\\Http\\Request), Object(Closure))
#9 /home/notfuad/ngodingweb/www/laundry-go/vendor/laravel/framework/src/Illuminate/Foundation/Http/Middleware/PreventRequestForgery.php(104): Illuminate\\Pipeline\\Pipeline->{closure:{closure:Illuminate\\Pipeline\\Pipeline::carry():194}:195}(Object(Illuminate\\Http\\Request))
#10 /home/notfuad/ngodingweb/www/laundry-go/vendor/laravel/framework/src/Illuminate/Pipeline/Pipeline.php(219): Illuminate\\Foundation\\Http\\Middleware\\PreventRequestForgery->handle(Object(Illuminate\\Http\\Request), Object(Closure))
#11 /home/notfuad/ngodingweb/www/laundry-go/vendor/laravel/framework/src/Illuminate/View/Middleware/ShareErrorsFromSession.php(48): Illuminate\\Pipeline\\Pipeline->{closure:{closure:Illuminate\\Pipeline\\Pipeline::carry():194}:195}(Object(Illuminate\\Http\\Request))
#12 /home/notfuad/ngodingweb/www/laundry-go/vendor/laravel/framework/src/Illuminate/Pipeline/Pipeline.php(219): Illuminate\\View\\Middleware\\ShareErrorsFromSession->handle(Object(Illuminate\\Http\\Request), Object(Closure))
#13 /home/notfuad/ngodingweb/www/laundry-go/vendor/laravel/framework/src/Illuminate/Session/Middleware/StartSession.php(120): Illuminate\\Pipeline\\Pipeline->{closure:{closure:Illuminate\\Pipeline\\Pipeline::carry():194}:195}(Object(Illuminate\\Http\\Request))
#14 /home/notfuad/ngodingweb/www/laundry-go/vendor/laravel/framework/src/Illuminate/Session/Middleware/StartSession.php(63): Illuminate\\Session\\Middleware\\StartSession->handleStatefulRequest(Object(Illuminate\\Http\\Request), Object(Illuminate\\Session\\Store), Object(Closure))
#15 /home/notfuad/ngodingweb/www/laundry-go/vendor/laravel/framework/src/Illuminate/Pipeline/Pipeline.php(219): Illuminate\\Session\\Middleware\\StartSession->handle(Object(Illuminate\\Http\\Request), Object(Closure))
#16 /home/notfuad/ngodingweb/www/laundry-go/vendor/laravel/framework/src/Illuminate/Cookie/Middleware/AddQueuedCookiesToResponse.php(36): Illuminate\\Pipeline\\Pipeline->{closure:{closure:Illuminate\\Pipeline\\Pipeline::carry():194}:195}(Object(Illuminate\\Http\\Request))
#17 /home/notfuad/ngodingweb/www/laundry-go/vendor/laravel/framework/src/Illuminate/Pipeline/Pipeline.php(219): Illuminate\\Cookie\\Middleware\\AddQueuedCookiesToResponse->handle(Object(Illuminate\\Http\\Request), Object(Closure))
#18 /home/notfuad/ngodingweb/www/laundry-go/vendor/laravel/framework/src/Illuminate/Cookie/Middleware/EncryptCookies.php(74): Illuminate\\Pipeline\\Pipeline->{closure:{closure:Illuminate\\Pipeline\\Pipeline::carry():194}:195}(Object(Illuminate\\Http\\Request))
#19 /home/notfuad/ngodingweb/www/laundry-go/vendor/laravel/framework/src/Illuminate/Pipeline/Pipeline.php(219): Illuminate\\Cookie\\Middleware\\EncryptCookies->handle(Object(Illuminate\\Http\\Request), Object(Closure))
#20 /home/notfuad/ngodingweb/www/laundry-go/vendor/laravel/framework/src/Illuminate/Pipeline/Pipeline.php(137): Illuminate\\Pipeline\\Pipeline->{closure:{closure:Illuminate\\Pipeline\\Pipeline::carry():194}:195}(Object(Illuminate\\Http\\Request))
#21 /home/notfuad/ngodingweb/www/laundry-go/vendor/laravel/framework/src/Illuminate/Routing/Router.php(821): Illuminate\\Pipeline\\Pipeline->then(Object(Closure))
#22 /home/notfuad/ngodingweb/www/laundry-go/vendor/laravel/framework/src/Illuminate/Routing/Router.php(800): Illuminate\\Routing\\Router->runRouteWithinStack(Object(Illuminate\\Routing\\Route), Object(Illuminate\\Http\\Request))
#23 /home/notfuad/ngodingweb/www/laundry-go/vendor/laravel/framework/src/Illuminate/Routing/Router.php(764): Illuminate\\Routing\\Router->runRoute(Object(Illuminate\\Http\\Request), Object(Illuminate\\Routing\\Route))
#24 /home/notfuad/ngodingweb/www/laundry-go/vendor/laravel/framework/src/Illuminate/Routing/Router.php(753): Illuminate\\Routing\\Router->dispatchToRoute(Object(Illuminate\\Http\\Request))
#25 /home/notfuad/ngodingweb/www/laundry-go/vendor/laravel/framework/src/Illuminate/Foundation/Http/Kernel.php(200): Illuminate\\Routing\\Router->dispatch(Object(Illuminate\\Http\\Request))
#26 /home/notfuad/ngodingweb/www/laundry-go/vendor/laravel/framework/src/Illuminate/Pipeline/Pipeline.php(180): Illuminate\\Foundation\\Http\\Kernel->{closure:Illuminate\\Foundation\\Http\\Kernel::dispatchToRouter():197}(Object(Illuminate\\Http\\Request))
#27 /home/notfuad/ngodingweb/www/laundry-go/vendor/laravel/mcp/src/Server/Middleware/AddWwwAuthenticateHeader.php(21): Illuminate\\Pipeline\\Pipeline->{closure:Illuminate\\Pipeline\\Pipeline::prepareDestination():178}(Object(Illuminate\\Http\\Request))
#28 /home/notfuad/ngodingweb/www/laundry-go/vendor/laravel/framework/src/Illuminate/Pipeline/Pipeline.php(219): Laravel\\Mcp\\Server\\Middleware\\AddWwwAuthenticateHeader->handle(Object(Illuminate\\Http\\Request), Object(Closure))
#29 /home/notfuad/ngodingweb/www/laundry-go/vendor/laravel/framework/src/Illuminate/Foundation/Http/Middleware/TransformsRequest.php(21): Illuminate\\Pipeline\\Pipeline->{closure:{closure:Illuminate\\Pipeline\\Pipeline::carry():194}:195}(Object(Illuminate\\Http\\Request))
#30 /home/notfuad/ngodingweb/www/laundry-go/vendor/laravel/framework/src/Illuminate/Foundation/Http/Middleware/ConvertEmptyStringsToNull.php(31): Illuminate\\Foundation\\Http\\Middleware\\TransformsRequest->handle(Object(Illuminate\\Http\\Request), Object(Closure))
#31 /home/notfuad/ngodingweb/www/laundry-go/vendor/laravel/framework/src/Illuminate/Pipeline/Pipeline.php(219): Illuminate\\Foundation\\Http\\Middleware\\ConvertEmptyStringsToNull->handle(Object(Illuminate\\Http\\Request), Object(Closure))
#32 /home/notfuad/ngodingweb/www/laundry-go/vendor/laravel/framework/src/Illuminate/Foundation/Http/Middleware/TransformsRequest.php(21): Illuminate\\Pipeline\\Pipeline->{closure:{closure:Illuminate\\Pipeline\\Pipeline::carry():194}:195}(Object(Illuminate\\Http\\Request))
#33 /home/notfuad/ngodingweb/www/laundry-go/vendor/laravel/framework/src/Illuminate/Foundation/Http/Middleware/TrimStrings.php(51): Illuminate\\Foundation\\Http\\Middleware\\TransformsRequest->handle(Object(Illuminate\\Http\\Request), Object(Closure))
#34 /home/notfuad/ngodingweb/www/laundry-go/vendor/laravel/framework/src/Illuminate/Pipeline/Pipeline.php(219): Illuminate\\Foundation\\Http\\Middleware\\TrimStrings->handle(Object(Illuminate\\Http\\Request), Object(Closure))
#35 /home/notfuad/ngodingweb/www/laundry-go/vendor/laravel/framework/src/Illuminate/Http/Middleware/ValidatePostSize.php(27): Illuminate\\Pipeline\\Pipeline->{closure:{closure:Illuminate\\Pipeline\\Pipeline::carry():194}:195}(Object(Illuminate\\Http\\Request))
#36 /home/notfuad/ngodingweb/www/laundry-go/vendor/laravel/framework/src/Illuminate/Pipeline/Pipeline.php(219): Illuminate\\Http\\Middleware\\ValidatePostSize->handle(Object(Illuminate\\Http\\Request), Object(Closure))
#37 /home/notfuad/ngodingweb/www/laundry-go/vendor/laravel/framework/src/Illuminate/Foundation/Http/Middleware/PreventRequestsDuringMaintenance.php(110): Illuminate\\Pipeline\\Pipeline->{closure:{closure:Illuminate\\Pipeline\\Pipeline::carry():194}:195}(Object(Illuminate\\Http\\Request))
#38 /home/notfuad/ngodingweb/www/laundry-go/vendor/laravel/framework/src/Illuminate/Pipeline/Pipeline.php(219): Illuminate\\Foundation\\Http\\Middleware\\PreventRequestsDuringMaintenance->handle(Object(Illuminate\\Http\\Request), Object(Closure))
#39 /home/notfuad/ngodingweb/www/laundry-go/vendor/laravel/framework/src/Illuminate/Http/Middleware/HandleCors.php(61): Illuminate\\Pipeline\\Pipeline->{closure:{closure:Illuminate\\Pipeline\\Pipeline::carry():194}:195}(Object(Illuminate\\Http\\Request))
#40 /home/notfuad/ngodingweb/www/laundry-go/vendor/laravel/framework/src/Illuminate/Pipeline/Pipeline.php(219): Illuminate\\Http\\Middleware\\HandleCors->handle(Object(Illuminate\\Http\\Request), Object(Closure))
#41 /home/notfuad/ngodingweb/www/laundry-go/vendor/laravel/framework/src/Illuminate/Http/Middleware/TrustProxies.php(58): Illuminate\\Pipeline\\Pipeline->{closure:{closure:Illuminate\\Pipeline\\Pipeline::carry():194}:195}(Object(Illuminate\\Http\\Request))
#42 /home/notfuad/ngodingweb/www/laundry-go/vendor/laravel/framework/src/Illuminate/Pipeline/Pipeline.php(219): Illuminate\\Http\\Middleware\\TrustProxies->handle(Object(Illuminate\\Http\\Request), Object(Closure))
#43 /home/notfuad/ngodingweb/www/laundry-go/vendor/laravel/framework/src/Illuminate/Foundation/Http/Middleware/InvokeDeferredCallbacks.php(22): Illuminate\\Pipeline\\Pipeline->{closure:{closure:Illuminate\\Pipeline\\Pipeline::carry():194}:195}(Object(Illuminate\\Http\\Request))
#44 /home/notfuad/ngodingweb/www/laundry-go/vendor/laravel/framework/src/Illuminate/Pipeline/Pipeline.php(219): Illuminate\\Foundation\\Http\\Middleware\\InvokeDeferredCallbacks->handle(Object(Illuminate\\Http\\Request), Object(Closure))
#45 /home/notfuad/ngodingweb/www/laundry-go/vendor/laravel/framework/src/Illuminate/Http/Middleware/ValidatePathEncoding.php(28): Illuminate\\Pipeline\\Pipeline->{closure:{closure:Illuminate\\Pipeline\\Pipeline::carry():194}:195}(Object(Illuminate\\Http\\Request))
#46 /home/notfuad/ngodingweb/www/laundry-go/vendor/laravel/framework/src/Illuminate/Pipeline/Pipeline.php(219): Illuminate\\Http\\Middleware\\ValidatePathEncoding->handle(Object(Illuminate\\Http\\Request), Object(Closure))
#47 /home/notfuad/ngodingweb/www/laundry-go/vendor/laravel/framework/src/Illuminate/Pipeline/Pipeline.php(137): Illuminate\\Pipeline\\Pipeline->{closure:{closure:Illuminate\\Pipeline\\Pipeline::carry():194}:195}(Object(Illuminate\\Http\\Request))
#48 /home/notfuad/ngodingweb/www/laundry-go/vendor/laravel/framework/src/Illuminate/Foundation/Http/Kernel.php(175): Illuminate\\Pipeline\\Pipeline->then(Object(Closure))
#49 /home/notfuad/ngodingweb/www/laundry-go/vendor/laravel/framework/src/Illuminate/Foundation/Http/Kernel.php(144): Illuminate\\Foundation\\Http\\Kernel->sendRequestThroughRouter(Object(Illuminate\\Http\\Request))
#50 /home/notfuad/ngodingweb/www/laundry-go/vendor/laravel/framework/src/Illuminate/Foundation/Testing/Concerns/MakesHttpRequests.php(638): Illuminate\\Foundation\\Http\\Kernel->handle(Object(Illuminate\\Http\\Request))
#51 /home/notfuad/ngodingweb/www/laundry-go/vendor/laravel/framework/src/Illuminate/Foundation/Testing/Concerns/MakesHttpRequests.php(368): Illuminate\\Foundation\\Testing\\TestCase->call('GET', '/karyawan/dashb...', Array, Array, Array, Array)
#52 /home/notfuad/ngodingweb/www/laundry-go/tests/Feature/LaundryGoTest.php(28): Illuminate\\Foundation\\Testing\\TestCase->get('/karyawan/dashb...')
#53 /home/notfuad/ngodingweb/www/laundry-go/vendor/pestphp/pest/src/Factories/TestCaseMethodFactory.php(135): P\\Tests\\Feature\\LaundryGoTest->{closure:/home/notfuad/ngodingweb/www/laundry-go/tests/Feature/LaundryGoTest.php:24}()
#54 [internal function]: P\\Tests\\Feature\\LaundryGoTest->{closure:Pest\\Factories\\TestCaseMethodFactory::getClosure():125}()
#55 /home/notfuad/ngodingweb/www/laundry-go/vendor/pestphp/pest/src/Concerns/Testable.php(508): call_user_func_array(Object(Closure), Array)
#56 /home/notfuad/ngodingweb/www/laundry-go/vendor/pestphp/pest/src/Support/ExceptionTrace.php(24): P\\Tests\\Feature\\LaundryGoTest->{closure:Pest\\Concerns\\Testable::__callClosure():508}()
#57 /home/notfuad/ngodingweb/www/laundry-go/vendor/pestphp/pest/src/Concerns/Testable.php(508): Pest\\Support\\ExceptionTrace::ensure(Object(Closure))
#58 /home/notfuad/ngodingweb/www/laundry-go/vendor/pestphp/pest/src/Concerns/Testable.php(322): P\\Tests\\Feature\\LaundryGoTest->__callClosure(Object(Closure), Array)
#59 /home/notfuad/ngodingweb/www/laundry-go/vendor/pestphp/pest/src/Factories/TestCaseFactory.php(170) : eval()'d code(35): P\\Tests\\Feature\\LaundryGoTest->__runTest(Object(Closure))
#60 /home/notfuad/ngodingweb/www/laundry-go/vendor/phpunit/phpunit/src/Framework/TestCase.php(1461): P\\Tests\\Feature\\LaundryGoTest->__pest_evaluable_it_redirects_each_role_to_its_own_login_area()
#61 /home/notfuad/ngodingweb/www/laundry-go/vendor/phpunit/phpunit/src/Framework/TestCase.php(1475): PHPUnit\\Framework\\TestCase->invokeTestMethod('__pest_evaluabl...', Array)
#62 /home/notfuad/ngodingweb/www/laundry-go/vendor/phpunit/phpunit/src/Framework/TestCase.php(496): PHPUnit\\Framework\\TestCase->runTest()
#63 /home/notfuad/ngodingweb/www/laundry-go/vendor/phpunit/phpunit/src/Framework/TestRunner/TestRunner.php(126): PHPUnit\\Framework\\TestCase->runBare()
#64 /home/notfuad/ngodingweb/www/laundry-go/vendor/phpunit/phpunit/src/Framework/TestCase.php(328): PHPUnit\\Framework\\TestRunner\\TestRunner->run(Object(P\\Tests\\Feature\\LaundryGoTest))
#65 /home/notfuad/ngodingweb/www/laundry-go/vendor/phpunit/phpunit/src/Framework/TestSuite.php(627): PHPUnit\\Framework\\TestCase->run()
#66 /home/notfuad/ngodingweb/www/laundry-go/vendor/phpunit/phpunit/src/Framework/TestSuite.php(420): PHPUnit\\Framework\\TestSuite->runTests(Array, Object(PHPUnit\\Event\\DispatchingEmitter))
#67 /home/notfuad/ngodingweb/www/laundry-go/vendor/phpunit/phpunit/src/TextUI/TestRunner.php(64): PHPUnit\\Framework\\TestSuite->run()
#68 /home/notfuad/ngodingweb/www/laundry-go/vendor/phpunit/phpunit/src/TextUI/Application.php(255): PHPUnit\\TextUI\\TestRunner->run(Object(PHPUnit\\TextUI\\Configuration\\Configuration), Object(PHPUnit\\Runner\\TestRunHistory\\DefaultTestRunHistory), Object(PHPUnit\\Framework\\TestSuite))
#69 /home/notfuad/ngodingweb/www/laundry-go/vendor/pestphp/pest/src/Kernel.php(100): PHPUnit\\TextUI\\Application->run(Array)
#70 /home/notfuad/ngodingweb/www/laundry-go/vendor/pestphp/pest/bin/pest(207): Pest\\Kernel->handle(Array, Array)
#71 /home/notfuad/ngodingweb/www/laundry-go/vendor/pestphp/pest/bin/pest(215): {closure:/home/notfuad/ngodingweb/www/laundry-go/vendor/pestphp/pest/bin/pest:21}()
#72 {main}
"} 
[2026-09-24 15:17:09] testing.ERROR: Function () does not exist {"exception":"[object] (ReflectionException(code: 0): Function () does not exist at /home/notfuad/ngodingweb/www/laundry-go/vendor/laravel/framework/src/Illuminate/Routing/RouteSignatureParameters.php:33)
[stacktrace]
#0 /home/notfuad/ngodingweb/www/laundry-go/vendor/laravel/framework/src/Illuminate/Routing/RouteSignatureParameters.php(33): ReflectionFunction->__construct('')
#1 /home/notfuad/ngodingweb/www/laundry-go/vendor/laravel/framework/src/Illuminate/Routing/Route.php(552): Illuminate\\Routing\\RouteSignatureParameters::fromAction(Array, Array)
#2 /home/notfuad/ngodingweb/www/laundry-go/vendor/laravel/framework/src/Illuminate/Routing/ImplicitRouteBinding.php(79): Illuminate\\Routing\\Route->signatureParameters(Array)
#3 /home/notfuad/ngodingweb/www/laundry-go/vendor/laravel/framework/src/Illuminate/Routing/ImplicitRouteBinding.php(27): Illuminate\\Routing\\ImplicitRouteBinding::resolveBackedEnumsForRoute(Object(Illuminate\\Routing\\Route), Array)
#4 /home/notfuad/ngodingweb/www/laundry-go/vendor/laravel/framework/src/Illuminate/Routing/Router.php(980): Illuminate\\Routing\\ImplicitRouteBinding::resolveForRoute(Object(Illuminate\\Foundation\\Application), Object(Illuminate\\Routing\\Route))
#5 [internal function]: Illuminate\\Routing\\Router->{closure:Illuminate\\Routing\\Router::substituteImplicitBindings():980}(Object(Illuminate\\Foundation\\Application), Object(Illuminate\\Routing\\Route), Object(Closure))
#6 /home/notfuad/ngodingweb/www/laundry-go/vendor/laravel/framework/src/Illuminate/Routing/Router.php(982): call_user_func(Object(Closure), Object(Illuminate\\Foundation\\Application), Object(Illuminate\\Routing\\Route), Object(Closure))
#7 /home/notfuad/ngodingweb/www/laundry-go/vendor/laravel/framework/src/Illuminate/Routing/Middleware/SubstituteBindings.php(43): Illuminate\\Routing\\Router->substituteImplicitBindings(Object(Illuminate\\Routing\\Route))
#8 /home/notfuad/ngodingweb/www/laundry-go/vendor/laravel/framework/src/Illuminate/Pipeline/Pipeline.php(219): Illuminate\\Routing\\Middleware\\SubstituteBindings->handle(Object(Illuminate\\Http\\Request), Object(Closure))
#9 /home/notfuad/ngodingweb/www/laundry-go/vendor/laravel/framework/src/Illuminate/Foundation/Http/Middleware/PreventRequestForgery.php(104): Illuminate\\Pipeline\\Pipeline->{closure:{closure:Illuminate\\Pipeline\\Pipeline::carry():194}:195}(Object(Illuminate\\Http\\Request))
#10 /home/notfuad/ngodingweb/www/laundry-go/vendor/laravel/framework/src/Illuminate/Pipeline/Pipeline.php(219): Illuminate\\Foundation\\Http\\Middleware\\PreventRequestForgery->handle(Object(Illuminate\\Http\\Request), Object(Closure))
#11 /home/notfuad/ngodingweb/www/laundry-go/vendor/laravel/framework/src/Illuminate/View/Middleware/ShareErrorsFromSession.php(48): Illuminate\\Pipeline\\Pipeline->{closure:{closure:Illuminate\\Pipeline\\Pipeline::carry():194}:195}(Object(Illuminate\\Http\\Request))
#12 /home/notfuad/ngodingweb/www/laundry-go/vendor/laravel/framework/src/Illuminate/Pipeline/Pipeline.php(219): Illuminate\\View\\Middleware\\ShareErrorsFromSession->handle(Object(Illuminate\\Http\\Request), Object(Closure))
#13 /home/notfuad/ngodingweb/www/laundry-go/vendor/laravel/framework/src/Illuminate/Session/Middleware/StartSession.php(120): Illuminate\\Pipeline\\Pipeline->{closure:{closure:Illuminate\\Pipeline\\Pipeline::carry():194}:195}(Object(Illuminate\\Http\\Request))
#14 /home/notfuad/ngodingweb/www/laundry-go/vendor/laravel/framework/src/Illuminate/Session/Middleware/StartSession.php(63): Illuminate\\Session\\Middleware\\StartSession->handleStatefulRequest(Object(Illuminate\\Http\\Request), Object(Illuminate\\Session\\Store), Object(Closure))
#15 /home/notfuad/ngodingweb/www/laundry-go/vendor/laravel/framework/src/Illuminate/Pipeline/Pipeline.php(219): Illuminate\\Session\\Middleware\\StartSession->handle(Object(Illuminate\\Http\\Request), Object(Closure))
#16 /home/notfuad/ngodingweb/www/laundry-go/vendor/laravel/framework/src/Illuminate/Cookie/Middleware/AddQueuedCookiesToResponse.php(36): Illuminate\\Pipeline\\Pipeline->{closure:{closure:Illuminate\\Pipeline\\Pipeline::carry():194}:195}(Object(Illuminate\\Http\\Request))
#17 /home/notfuad/ngodingweb/www/laundry-go/vendor/laravel/framework/src/Illuminate/Pipeline/Pipeline.php(219): Illuminate\\Cookie\\Middleware\\AddQueuedCookiesToResponse->handle(Object(Illuminate\\Http\\Request), Object(Closure))
#18 /home/notfuad/ngodingweb/www/laundry-go/vendor/laravel/framework/src/Illuminate/Cookie/Middleware/EncryptCookies.php(74): Illuminate\\Pipeline\\Pipeline->{closure:{closure:Illuminate\\Pipeline\\Pipeline::carry():194}:195}(Object(Illuminate\\Http\\Request))
#19 /home/notfuad/ngodingweb/www/laundry-go/vendor/laravel/framework/src/Illuminate/Pipeline/Pipeline.php(219): Illuminate\\Cookie\\Middleware\\EncryptCookies->handle(Object(Illuminate\\Http\\Request), Object(Closure))
#20 /home/notfuad/ngodingweb/www/laundry-go/vendor/laravel/framework/src/Illuminate/Pipeline/Pipeline.php(137): Illuminate\\Pipeline\\Pipeline->{closure:{closure:Illuminate\\Pipeline\\Pipeline::carry():194}:195}(Object(Illuminate\\Http\\Request))
#21 /home/notfuad/ngodingweb/www/laundry-go/vendor/laravel/framework/src/Illuminate/Routing/Router.php(821): Illuminate\\Pipeline\\Pipeline->then(Object(Closure))
#22 /home/notfuad/ngodingweb/www/laundry-go/vendor/laravel/framework/src/Illuminate/Routing/Router.php(800): Illuminate\\Routing\\Router->runRouteWithinStack(Object(Illuminate\\Routing\\Route), Object(Illuminate\\Http\\Request))
#23 /home/notfuad/ngodingweb/www/laundry-go/vendor/laravel/framework/src/Illuminate/Routing/Router.php(764): Illuminate\\Routing\\Router->runRoute(Object(Illuminate\\Http\\Request), Object(Illuminate\\Routing\\Route))
#24 /home/notfuad/ngodingweb/www/laundry-go/vendor/laravel/framework/src/Illuminate/Routing/Router.php(753): Illuminate\\Routing\\Router->dispatchToRoute(Object(Illuminate\\Http\\Request))
#25 /home/notfuad/ngodingweb/www/laundry-go/vendor/laravel/framework/src/Illuminate/Foundation/Http/Kernel.php(200): Illuminate\\Routing\\Router->dispatch(Object(Illuminate\\Http\\Request))
#26 /home/notfuad/ngodingweb/www/laundry-go/vendor/laravel/framework/src/Illuminate/Pipeline/Pipeline.php(180): Illuminate\\Foundation\\Http\\Kernel->{closure:Illuminate\\Foundation\\Http\\Kernel::dispatchToRouter():197}(Object(Illuminate\\Http\\Request))
#27 /home/notfuad/ngodingweb/www/laundry-go/vendor/laravel/mcp/src/Server/Middleware/AddWwwAuthenticateHeader.php(21): Illuminate\\Pipeline\\Pipeline->{closure:Illuminate\\Pipeline\\Pipeline::prepareDestination():178}(Object(Illuminate\\Http\\Request))
#28 /home/notfuad/ngodingweb/www/laundry-go/vendor/laravel/framework/src/Illuminate/Pipeline/Pipeline.php(219): Laravel\\Mcp\\Server\\Middleware\\AddWwwAuthenticateHeader->handle(Object(Illuminate\\Http\\Request), Object(Closure))
#29 /home/notfuad/ngodingweb/www/laundry-go/vendor/laravel/framework/src/Illuminate/Foundation/Http/Middleware/TransformsRequest.php(21): Illuminate\\Pipeline\\Pipeline->{closure:{closure:Illuminate\\Pipeline\\Pipeline::carry():194}:195}(Object(Illuminate\\Http\\Request))
#30 /home/notfuad/ngodingweb/www/laundry-go/vendor/laravel/framework/src/Illuminate/Foundation/Http/Middleware/ConvertEmptyStringsToNull.php(31): Illuminate\\Foundation\\Http\\Middleware\\TransformsRequest->handle(Object(Illuminate\\Http\\Request), Object(Closure))
#31 /home/notfuad/ngodingweb/www/laundry-go/vendor/laravel/framework/src/Illuminate/Pipeline/Pipeline.php(219): Illuminate\\Foundation\\Http\\Middleware\\ConvertEmptyStringsToNull->handle(Object(Illuminate\\Http\\Request), Object(Closure))
#32 /home/notfuad/ngodingweb/www/laundry-go/vendor/laravel/framework/src/Illuminate/Foundation/Http/Middleware/TransformsRequest.php(21): Illuminate\\Pipeline\\Pipeline->{closure:{closure:Illuminate\\Pipeline\\Pipeline::carry():194}:195}(Object(Illuminate\\Http\\Request))
#33 /home/notfuad/ngodingweb/www/laundry-go/vendor/laravel/framework/src/Illuminate/Foundation/Http/Middleware/TrimStrings.php(51): Illuminate\\Foundation\\Http\\Middleware\\TransformsRequest->handle(Object(Illuminate\\Http\\Request), Object(Closure))
#34 /home/notfuad/ngodingweb/www/laundry-go/vendor/laravel/framework/src/Illuminate/Pipeline/Pipeline.php(219): Illuminate\\Foundation\\Http\\Middleware\\TrimStrings->handle(Object(Illuminate\\Http\\Request), Object(Closure))
#35 /home/notfuad/ngodingweb/www/laundry-go/vendor/laravel/framework/src/Illuminate/Http/Middleware/ValidatePostSize.php(27): Illuminate\\Pipeline\\Pipeline->{closure:{closure:Illuminate\\Pipeline\\Pipeline::carry():194}:195}(Object(Illuminate\\Http\\Request))
#36 /home/notfuad/ngodingweb/www/laundry-go/vendor/laravel/framework/src/Illuminate/Pipeline/Pipeline.php(219): Illuminate\\Http\\Middleware\\ValidatePostSize->handle(Object(Illuminate\\Http\\Request), Object(Closure))
#37 /home/notfuad/ngodingweb/www/laundry-go/vendor/laravel/framework/src/Illuminate/Foundation/Http/Middleware/PreventRequestsDuringMaintenance.php(110): Illuminate\\Pipeline\\Pipeline->{closure:{closure:Illuminate\\Pipeline\\Pipeline::carry():194}:195}(Object(Illuminate\\Http\\Request))
#38 /home/notfuad/ngodingweb/www/laundry-go/vendor/laravel/framework/src/Illuminate/Pipeline/Pipeline.php(219): Illuminate\\Foundation\\Http\\Middleware\\PreventRequestsDuringMaintenance->handle(Object(Illuminate\\Http\\Request), Object(Closure))
#39 /home/notfuad/ngodingweb/www/laundry-go/vendor/laravel/framework/src/Illuminate/Http/Middleware/HandleCors.php(61): Illuminate\\Pipeline\\Pipeline->{closure:{closure:Illuminate\\Pipeline\\Pipeline::carry():194}:195}(Object(Illuminate\\Http\\Request))
#40 /home/notfuad/ngodingweb/www/laundry-go/vendor/laravel/framework/src/Illuminate/Pipeline/Pipeline.php(219): Illuminate\\Http\\Middleware\\HandleCors->handle(Object(Illuminate\\Http\\Request), Object(Closure))
#41 /home/notfuad/ngodingweb/www/laundry-go/vendor/laravel/framework/src/Illuminate/Http/Middleware/TrustProxies.php(58): Illuminate\\Pipeline\\Pipeline->{closure:{closure:Illuminate\\Pipeline\\Pipeline::carry():194}:195}(Object(Illuminate\\Http\\Request))
#42 /home/notfuad/ngodingweb/www/laundry-go/vendor/laravel/framework/src/Illuminate/Pipeline/Pipeline.php(219): Illuminate\\Http\\Middleware\\TrustProxies->handle(Object(Illuminate\\Http\\Request), Object(Closure))
#43 /home/notfuad/ngodingweb/www/laundry-go/vendor/laravel/framework/src/Illuminate/Foundation/Http/Middleware/InvokeDeferredCallbacks.php(22): Illuminate\\Pipeline\\Pipeline->{closure:{closure:Illuminate\\Pipeline\\Pipeline::carry():194}:195}(Object(Illuminate\\Http\\Request))
#44 /home/notfuad/ngodingweb/www/laundry-go/vendor/laravel/framework/src/Illuminate/Pipeline/Pipeline.php(219): Illuminate\\Foundation\\Http\\Middleware\\InvokeDeferredCallbacks->handle(Object(Illuminate\\Http\\Request), Object(Closure))
#45 /home/notfuad/ngodingweb/www/laundry-go/vendor/laravel/framework/src/Illuminate/Http/Middleware/ValidatePathEncoding.php(28): Illuminate\\Pipeline\\Pipeline->{closure:{closure:Illuminate\\Pipeline\\Pipeline::carry():194}:195}(Object(Illuminate\\Http\\Request))
#46 /home/notfuad/ngodingweb/www/laundry-go/vendor/laravel/framework/src/Illuminate/Pipeline/Pipeline.php(219): Illuminate\\Http\\Middleware\\ValidatePathEncoding->handle(Object(Illuminate\\Http\\Request), Object(Closure))
#47 /home/notfuad/ngodingweb/www/laundry-go/vendor/laravel/framework/src/Illuminate/Pipeline/Pipeline.php(137): Illuminate\\Pipeline\\Pipeline->{closure:{closure:Illuminate\\Pipeline\\Pipeline::carry():194}:195}(Object(Illuminate\\Http\\Request))
#48 /home/notfuad/ngodingweb/www/laundry-go/vendor/laravel/framework/src/Illuminate/Foundation/Http/Kernel.php(175): Illuminate\\Pipeline\\Pipeline->then(Object(Closure))
#49 /home/notfuad/ngodingweb/www/laundry-go/vendor/laravel/framework/src/Illuminate/Foundation/Http/Kernel.php(144): Illuminate\\Foundation\\Http\\Kernel->sendRequestThroughRouter(Object(Illuminate\\Http\\Request))
#50 /home/notfuad/ngodingweb/www/laundry-go/vendor/laravel/framework/src/Illuminate/Foundation/Testing/Concerns/MakesHttpRequests.php(638): Illuminate\\Foundation\\Http\\Kernel->handle(Object(Illuminate\\Http\\Request))
#51 /home/notfuad/ngodingweb/www/laundry-go/vendor/laravel/framework/src/Illuminate/Foundation/Testing/Concerns/MakesHttpRequests.php(368): Illuminate\\Foundation\\Testing\\TestCase->call('GET', '/admin/dashboar...', Array, Array, Array, Array)
#52 /home/notfuad/ngodingweb/www/laundry-go/tests/Feature/LaundryGoTest.php(111): Illuminate\\Foundation\\Testing\\TestCase->get('/admin/dashboar...')
#53 /home/notfuad/ngodingweb/www/laundry-go/vendor/pestphp/pest/src/Factories/TestCaseMethodFactory.php(135): P\\Tests\\Feature\\LaundryGoTest->{closure:/home/notfuad/ngodingweb/www/laundry-go/tests/Feature/LaundryGoTest.php:101}()
#54 [internal function]: P\\Tests\\Feature\\LaundryGoTest->{closure:Pest\\Factories\\TestCaseMethodFactory::getClosure():125}()
#55 /home/notfuad/ngodingweb/www/laundry-go/vendor/pestphp/pest/src/Concerns/Testable.php(508): call_user_func_array(Object(Closure), Array)
#56 /home/notfuad/ngodingweb/www/laundry-go/vendor/pestphp/pest/src/Support/ExceptionTrace.php(24): P\\Tests\\Feature\\LaundryGoTest->{closure:Pest\\Concerns\\Testable::__callClosure():508}()
#57 /home/notfuad/ngodingweb/www/laundry-go/vendor/pestphp/pest/src/Concerns/Testable.php(508): Pest\\Support\\ExceptionTrace::ensure(Object(Closure))
#58 /home/notfuad/ngodingweb/www/laundry-go/vendor/pestphp/pest/src/Concerns/Testable.php(322): P\\Tests\\Feature\\LaundryGoTest->__callClosure(Object(Closure), Array)
#59 /home/notfuad/ngodingweb/www/laundry-go/vendor/pestphp/pest/src/Factories/TestCaseFactory.php(170) : eval()'d code(100): P\\Tests\\Feature\\LaundryGoTest->__runTest(Object(Closure))
#60 /home/notfuad/ngodingweb/www/laundry-go/vendor/phpunit/phpunit/src/Framework/TestCase.php(1461): P\\Tests\\Feature\\LaundryGoTest->__pest_evaluable_it_logs_an_admin_into_the_admin_guard_and_renders_the_dashboard()
#61 /home/notfuad/ngodingweb/www/laundry-go/vendor/phpunit/phpunit/src/Framework/TestCase.php(1475): PHPUnit\\Framework\\TestCase->invokeTestMethod('__pest_evaluabl...', Array)
#62 /home/notfuad/ngodingweb/www/laundry-go/vendor/phpunit/phpunit/src/Framework/TestCase.php(496): PHPUnit\\Framework\\TestCase->runTest()
#63 /home/notfuad/ngodingweb/www/laundry-go/vendor/phpunit/phpunit/src/Framework/TestRunner/TestRunner.php(126): PHPUnit\\Framework\\TestCase->runBare()
#64 /home/notfuad/ngodingweb/www/laundry-go/vendor/phpunit/phpunit/src/Framework/TestCase.php(328): PHPUnit\\Framework\\TestRunner\\TestRunner->run(Object(P\\Tests\\Feature\\LaundryGoTest))
#65 /home/notfuad/ngodingweb/www/laundry-go/vendor/phpunit/phpunit/src/Framework/TestSuite.php(627): PHPUnit\\Framework\\TestCase->run()
#66 /home/notfuad/ngodingweb/www/laundry-go/vendor/phpunit/phpunit/src/Framework/TestSuite.php(420): PHPUnit\\Framework\\TestSuite->runTests(Array, Object(PHPUnit\\Event\\DispatchingEmitter))
#67 /home/notfuad/ngodingweb/www/laundry-go/vendor/phpunit/phpunit/src/TextUI/TestRunner.php(64): PHPUnit\\Framework\\TestSuite->run()
#68 /home/notfuad/ngodingweb/www/laundry-go/vendor/phpunit/phpunit/src/TextUI/Application.php(255): PHPUnit\\TextUI\\TestRunner->run(Object(PHPUnit\\TextUI\\Configuration\\Configuration), Object(PHPUnit\\Runner\\TestRunHistory\\DefaultTestRunHistory), Object(PHPUnit\\Framework\\TestSuite))
#69 /home/notfuad/ngodingweb/www/laundry-go/vendor/pestphp/pest/src/Kernel.php(100): PHPUnit\\TextUI\\Application->run(Array)
#70 /home/notfuad/ngodingweb/www/laundry-go/vendor/pestphp/pest/bin/pest(207): Pest\\Kernel->handle(Array, Array)
#71 /home/notfuad/ngodingweb/www/laundry-go/vendor/pestphp/pest/bin/pest(215): {closure:/home/notfuad/ngodingweb/www/laundry-go/vendor/pestphp/pest/bin/pest:21}()
#72 {main}
"} 
[2026-09-24 15:19:15] testing.ERROR: Undefined variable $user (View: /home/notfuad/ngodingweb/www/laundry-go/resources/views/layouts/customer.blade.php) (View: /home/notfuad/ngodingweb/www/laundry-go/resources/views/layouts/customer.blade.php) {"userId":1,"exception":"[object] (Illuminate\\View\\ViewException(code: 0): Undefined variable $user (View: /home/notfuad/ngodingweb/www/laundry-go/resources/views/layouts/customer.blade.php) (View: /home/notfuad/ngodingweb/www/laundry-go/resources/views/layouts/customer.blade.php) at /home/notfuad/ngodingweb/www/laundry-go/storage/framework/views/c8a7c4871e5b0a72e073e657d41c02d8.php:41)
[stacktrace]
#0 /home/notfuad/ngodingweb/www/laundry-go/vendor/laravel/framework/src/Illuminate/View/Engines/PhpEngine.php(59): Illuminate\\View\\Engines\\CompilerEngine->handleViewException(Object(Illuminate\\View\\ViewException), 2)
#1 /home/notfuad/ngodingweb/www/laundry-go/vendor/laravel/framework/src/Illuminate/View/Engines/CompilerEngine.php(76): Illuminate\\View\\Engines\\PhpEngine->evaluatePath('/home/notfuad/n...', Array)
#2 /home/notfuad/ngodingweb/www/laundry-go/vendor/laravel/framework/src/Illuminate/View/View.php(208): Illuminate\\View\\Engines\\CompilerEngine->get('/home/notfuad/n...', Array)
#3 /home/notfuad/ngodingweb/www/laundry-go/vendor/laravel/framework/src/Illuminate/View/View.php(191): Illuminate\\View\\View->getContents()
#4 /home/notfuad/ngodingweb/www/laundry-go/vendor/laravel/framework/src/Illuminate/View/View.php(160): Illuminate\\View\\View->renderContents()
#5 /home/notfuad/ngodingweb/www/laundry-go/vendor/laravel/framework/src/Illuminate/Http/Response.php(82): Illuminate\\View\\View->render()
#6 /home/notfuad/ngodingweb/www/laundry-go/vendor/laravel/framework/src/Illuminate/Http/Response.php(40): Illuminate\\Http\\Response->setContent(Object(Illuminate\\View\\View))
#7 /home/notfuad/ngodingweb/www/laundry-go/vendor/laravel/framework/src/Illuminate/Routing/Router.php(939): Illuminate\\Http\\Response->__construct(Object(Illuminate\\View\\View), 200, Array)
#8 /home/notfuad/ngodingweb/www/laundry-go/vendor/laravel/framework/src/Illuminate/Routing/Router.php(906): Illuminate\\Routing\\Router::toResponse(Object(Illuminate\\Http\\Request), Object(Illuminate\\View\\View))
#9 /home/notfuad/ngodingweb/www/laundry-go/vendor/laravel/framework/src/Illuminate/Routing/Router.php(821): Illuminate\\Routing\\Router->prepareResponse(Object(Illuminate\\Http\\Request), Object(Illuminate\\View\\View))
#10 /home/notfuad/ngodingweb/www/laundry-go/vendor/laravel/framework/src/Illuminate/Pipeline/Pipeline.php(180): Illuminate\\Routing\\Router->{closure:Illuminate\\Routing\\Router::runRouteWithinStack():821}(Object(Illuminate\\Http\\Request))
#11 /home/notfuad/ngodingweb/www/laundry-go/app/Http/Middleware/CustomerMiddleware.php(29): Illuminate\\Pipeline\\Pipeline->{closure:Illuminate\\Pipeline\\Pipeline::prepareDestination():178}(Object(Illuminate\\Http\\Request))
#12 /home/notfuad/ngodingweb/www/laundry-go/vendor/laravel/framework/src/Illuminate/Pipeline/Pipeline.php(219): App\\Http\\Middleware\\CustomerMiddleware->handle(Object(Illuminate\\Http\\Request), Object(Closure))
#13 /home/notfuad/ngodingweb/www/laundry-go/vendor/laravel/framework/src/Illuminate/Routing/Middleware/SubstituteBindings.php(52): Illuminate\\Pipeline\\Pipeline->{closure:{closure:Illuminate\\Pipeline\\Pipeline::carry():194}:195}(Object(Illuminate\\Http\\Request))
#14 /home/notfuad/ngodingweb/www/laundry-go/vendor/laravel/framework/src/Illuminate/Pipeline/Pipeline.php(219): Illuminate\\Routing\\Middleware\\SubstituteBindings->handle(Object(Illuminate\\Http\\Request), Object(Closure))
#15 /home/notfuad/ngodingweb/www/laundry-go/vendor/laravel/framework/src/Illuminate/Foundation/Http/Middleware/PreventRequestForgery.php(104): Illuminate\\Pipeline\\Pipeline->{closure:{closure:Illuminate\\Pipeline\\Pipeline::carry():194}:195}(Object(Illuminate\\Http\\Request))
#16 /home/notfuad/ngodingweb/www/laundry-go/vendor/laravel/framework/src/Illuminate/Pipeline/Pipeline.php(219): Illuminate\\Foundation\\Http\\Middleware\\PreventRequestForgery->handle(Object(Illuminate\\Http\\Request), Object(Closure))
#17 /home/notfuad/ngodingweb/www/laundry-go/vendor/laravel/framework/src/Illuminate/View/Middleware/ShareErrorsFromSession.php(48): Illuminate\\Pipeline\\Pipeline->{closure:{closure:Illuminate\\Pipeline\\Pipeline::carry():194}:195}(Object(Illuminate\\Http\\Request))
#18 /home/notfuad/ngodingweb/www/laundry-go/vendor/laravel/framework/src/Illuminate/Pipeline/Pipeline.php(219): Illuminate\\View\\Middleware\\ShareErrorsFromSession->handle(Object(Illuminate\\Http\\Request), Object(Closure))
#19 /home/notfuad/ngodingweb/www/laundry-go/vendor/laravel/framework/src/Illuminate/Session/Middleware/StartSession.php(120): Illuminate\\Pipeline\\Pipeline->{closure:{closure:Illuminate\\Pipeline\\Pipeline::carry():194}:195}(Object(Illuminate\\Http\\Request))
#20 /home/notfuad/ngodingweb/www/laundry-go/vendor/laravel/framework/src/Illuminate/Session/Middleware/StartSession.php(63): Illuminate\\Session\\Middleware\\StartSession->handleStatefulRequest(Object(Illuminate\\Http\\Request), Object(Illuminate\\Session\\Store), Object(Closure))
#21 /home/notfuad/ngodingweb/www/laundry-go/vendor/laravel/framework/src/Illuminate/Pipeline/Pipeline.php(219): Illuminate\\Session\\Middleware\\StartSession->handle(Object(Illuminate\\Http\\Request), Object(Closure))
#22 /home/notfuad/ngodingweb/www/laundry-go/vendor/laravel/framework/src/Illuminate/Cookie/Middleware/AddQueuedCookiesToResponse.php(36): Illuminate\\Pipeline\\Pipeline->{closure:{closure:Illuminate\\Pipeline\\Pipeline::carry():194}:195}(Object(Illuminate\\Http\\Request))
#23 /home/notfuad/ngodingweb/www/laundry-go/vendor/laravel/framework/src/Illuminate/Pipeline/Pipeline.php(219): Illuminate\\Cookie\\Middleware\\AddQueuedCookiesToResponse->handle(Object(Illuminate\\Http\\Request), Object(Closure))
#24 /home/notfuad/ngodingweb/www/laundry-go/vendor/laravel/framework/src/Illuminate/Cookie/Middleware/EncryptCookies.php(74): Illuminate\\Pipeline\\Pipeline->{closure:{closure:Illuminate\\Pipeline\\Pipeline::carry():194}:195}(Object(Illuminate\\Http\\Request))
#25 /home/notfuad/ngodingweb/www/laundry-go/vendor/laravel/framework/src/Illuminate/Pipeline/Pipeline.php(219): Illuminate\\Cookie\\Middleware\\EncryptCookies->handle(Object(Illuminate\\Http\\Request), Object(Closure))
#26 /home/notfuad/ngodingweb/www/laundry-go/vendor/laravel/framework/src/Illuminate/Pipeline/Pipeline.php(137): Illuminate\\Pipeline\\Pipeline->{closure:{closure:Illuminate\\Pipeline\\Pipeline::carry():194}:195}(Object(Illuminate\\Http\\Request))
#27 /home/notfuad/ngodingweb/www/laundry-go/vendor/laravel/framework/src/Illuminate/Routing/Router.php(821): Illuminate\\Pipeline\\Pipeline->then(Object(Closure))
#28 /home/notfuad/ngodingweb/www/laundry-go/vendor/laravel/framework/src/Illuminate/Routing/Router.php(800): Illuminate\\Routing\\Router->runRouteWithinStack(Object(Illuminate\\Routing\\Route), Object(Illuminate\\Http\\Request))
#29 /home/notfuad/ngodingweb/www/laundry-go/vendor/laravel/framework/src/Illuminate/Routing/Router.php(764): Illuminate\\Routing\\Router->runRoute(Object(Illuminate\\Http\\Request), Object(Illuminate\\Routing\\Route))
#30 /home/notfuad/ngodingweb/www/laundry-go/vendor/laravel/framework/src/Illuminate/Routing/Router.php(753): Illuminate\\Routing\\Router->dispatchToRoute(Object(Illuminate\\Http\\Request))
#31 /home/notfuad/ngodingweb/www/laundry-go/vendor/laravel/framework/src/Illuminate/Foundation/Http/Kernel.php(200): Illuminate\\Routing\\Router->dispatch(Object(Illuminate\\Http\\Request))
#32 /home/notfuad/ngodingweb/www/laundry-go/vendor/laravel/framework/src/Illuminate/Pipeline/Pipeline.php(180): Illuminate\\Foundation\\Http\\Kernel->{closure:Illuminate\\Foundation\\Http\\Kernel::dispatchToRouter():197}(Object(Illuminate\\Http\\Request))
#33 /home/notfuad/ngodingweb/www/laundry-go/vendor/laravel/mcp/src/Server/Middleware/AddWwwAuthenticateHeader.php(21): Illuminate\\Pipeline\\Pipeline->{closure:Illuminate\\Pipeline\\Pipeline::prepareDestination():178}(Object(Illuminate\\Http\\Request))
#34 /home/notfuad/ngodingweb/www/laundry-go/vendor/laravel/framework/src/Illuminate/Pipeline/Pipeline.php(219): Laravel\\Mcp\\Server\\Middleware\\AddWwwAuthenticateHeader->handle(Object(Illuminate\\Http\\Request), Object(Closure))
#35 /home/notfuad/ngodingweb/www/laundry-go/vendor/laravel/framework/src/Illuminate/Foundation/Http/Middleware/TransformsRequest.php(21): Illuminate\\Pipeline\\Pipeline->{closure:{closure:Illuminate\\Pipeline\\Pipeline::carry():194}:195}(Object(Illuminate\\Http\\Request))
#36 /home/notfuad/ngodingweb/www/laundry-go/vendor/laravel/framework/src/Illuminate/Foundation/Http/Middleware/ConvertEmptyStringsToNull.php(31): Illuminate\\Foundation\\Http\\Middleware\\TransformsRequest->handle(Object(Illuminate\\Http\\Request), Object(Closure))
#37 /home/notfuad/ngodingweb/www/laundry-go/vendor/laravel/framework/src/Illuminate/Pipeline/Pipeline.php(219): Illuminate\\Foundation\\Http\\Middleware\\ConvertEmptyStringsToNull->handle(Object(Illuminate\\Http\\Request), Object(Closure))
#38 /home/notfuad/ngodingweb/www/laundry-go/vendor/laravel/framework/src/Illuminate/Foundation/Http/Middleware/TransformsRequest.php(21): Illuminate\\Pipeline\\Pipeline->{closure:{closure:Illuminate\\Pipeline\\Pipeline::carry():194}:195}(Object(Illuminate\\Http\\Request))
#39 /home/notfuad/ngodingweb/www/laundry-go/vendor/laravel/framework/src/Illuminate/Foundation/Http/Middleware/TrimStrings.php(51): Illuminate\\Foundation\\Http\\Middleware\\TransformsRequest->handle(Object(Illuminate\\Http\\Request), Object(Closure))
#40 /home/notfuad/ngodingweb/www/laundry-go/vendor/laravel/framework/src/Illuminate/Pipeline/Pipeline.php(219): Illuminate\\Foundation\\Http\\Middleware\\TrimStrings->handle(Object(Illuminate\\Http\\Request), Object(Closure))
#41 /home/notfuad/ngodingweb/www/laundry-go/vendor/laravel/framework/src/Illuminate/Http/Middleware/ValidatePostSize.php(27): Illuminate\\Pipeline\\Pipeline->{closure:{closure:Illuminate\\Pipeline\\Pipeline::carry():194}:195}(Object(Illuminate\\Http\\Request))
#42 /home/notfuad/ngodingweb/www/laundry-go/vendor/laravel/framework/src/Illuminate/Pipeline/Pipeline.php(219): Illuminate\\Http\\Middleware\\ValidatePostSize->handle(Object(Illuminate\\Http\\Request), Object(Closure))
#43 /home/notfuad/ngodingweb/www/laundry-go/vendor/laravel/framework/src/Illuminate/Foundation/Http/Middleware/PreventRequestsDuringMaintenance.php(110): Illuminate\\Pipeline\\Pipeline->{closure:{closure:Illuminate\\Pipeline\\Pipeline::carry():194}:195}(Object(Illuminate\\Http\\Request))
#44 /home/notfuad/ngodingweb/www/laundry-go/vendor/laravel/framework/src/Illuminate/Pipeline/Pipeline.php(219): Illuminate\\Foundation\\Http\\Middleware\\PreventRequestsDuringMaintenance->handle(Object(Illuminate\\Http\\Request), Object(Closure))
#45 /home/notfuad/ngodingweb/www/laundry-go/vendor/laravel/framework/src/Illuminate/Http/Middleware/HandleCors.php(61): Illuminate\\Pipeline\\Pipeline->{closure:{closure:Illuminate\\Pipeline\\Pipeline::carry():194}:195}(Object(Illuminate\\Http\\Request))
#46 /home/notfuad/ngodingweb/www/laundry-go/vendor/laravel/framework/src/Illuminate/Pipeline/Pipeline.php(219): Illuminate\\Http\\Middleware\\HandleCors->handle(Object(Illuminate\\Http\\Request), Object(Closure))
#47 /home/notfuad/ngodingweb/www/laundry-go/vendor/laravel/framework/src/Illuminate/Http/Middleware/TrustProxies.php(58): Illuminate\\Pipeline\\Pipeline->{closure:{closure:Illuminate\\Pipeline\\Pipeline::carry():194}:195}(Object(Illuminate\\Http\\Request))
#48 /home/notfuad/ngodingweb/www/laundry-go/vendor/laravel/framework/src/Illuminate/Pipeline/Pipeline.php(219): Illuminate\\Http\\Middleware\\TrustProxies->handle(Object(Illuminate\\Http\\Request), Object(Closure))
#49 /home/notfuad/ngodingweb/www/laundry-go/vendor/laravel/framework/src/Illuminate/Foundation/Http/Middleware/InvokeDeferredCallbacks.php(22): Illuminate\\Pipeline\\Pipeline->{closure:{closure:Illuminate\\Pipeline\\Pipeline::carry():194}:195}(Object(Illuminate\\Http\\Request))
#50 /home/notfuad/ngodingweb/www/laundry-go/vendor/laravel/framework/src/Illuminate/Pipeline/Pipeline.php(219): Illuminate\\Foundation\\Http\\Middleware\\InvokeDeferredCallbacks->handle(Object(Illuminate\\Http\\Request), Object(Closure))
#51 /home/notfuad/ngodingweb/www/laundry-go/vendor/laravel/framework/src/Illuminate/Http/Middleware/ValidatePathEncoding.php(28): Illuminate\\Pipeline\\Pipeline->{closure:{closure:Illuminate\\Pipeline\\Pipeline::carry():194}:195}(Object(Illuminate\\Http\\Request))
#52 /home/notfuad/ngodingweb/www/laundry-go/vendor/laravel/framework/src/Illuminate/Pipeline/Pipeline.php(219): Illuminate\\Http\\Middleware\\ValidatePathEncoding->handle(Object(Illuminate\\Http\\Request), Object(Closure))
#53 /home/notfuad/ngodingweb/www/laundry-go/vendor/laravel/framework/src/Illuminate/Pipeline/Pipeline.php(137): Illuminate\\Pipeline\\Pipeline->{closure:{closure:Illuminate\\Pipeline\\Pipeline::carry():194}:195}(Object(Illuminate\\Http\\Request))
#54 /home/notfuad/ngodingweb/www/laundry-go/vendor/laravel/framework/src/Illuminate/Foundation/Http/Kernel.php(175): Illuminate\\Pipeline\\Pipeline->then(Object(Closure))
#55 /home/notfuad/ngodingweb/www/laundry-go/vendor/laravel/framework/src/Illuminate/Foundation/Http/Kernel.php(144): Illuminate\\Foundation\\Http\\Kernel->sendRequestThroughRouter(Object(Illuminate\\Http\\Request))
#56 /home/notfuad/ngodingweb/www/laundry-go/vendor/laravel/framework/src/Illuminate/Foundation/Testing/Concerns/MakesHttpRequests.php(638): Illuminate\\Foundation\\Http\\Kernel->handle(Object(Illuminate\\Http\\Request))
#57 /home/notfuad/ngodingweb/www/laundry-go/vendor/laravel/framework/src/Illuminate/Foundation/Testing/Concerns/MakesHttpRequests.php(368): Illuminate\\Foundation\\Testing\\TestCase->call('GET', '/pesan', Array, Array, Array, Array)
#58 /home/notfuad/ngodingweb/www/laundry-go/tests/Feature/AreaPagesTest.php(35): Illuminate\\Foundation\\Testing\\TestCase->get('/pesan')
#59 /home/notfuad/ngodingweb/www/laundry-go/vendor/pestphp/pest/src/Factories/TestCaseMethodFactory.php(135): P\\Tests\\Feature\\AreaPagesTest->{closure:/home/notfuad/ngodingweb/www/laundry-go/tests/Feature/AreaPagesTest.php:11}()
#60 [internal function]: P\\Tests\\Feature\\AreaPagesTest->{closure:Pest\\Factories\\TestCaseMethodFactory::getClosure():125}()
#61 /home/notfuad/ngodingweb/www/laundry-go/vendor/pestphp/pest/src/Concerns/Testable.php(508): call_user_func_array(Object(Closure), Array)
#62 /home/notfuad/ngodingweb/www/laundry-go/vendor/pestphp/pest/src/Support/ExceptionTrace.php(24): P\\Tests\\Feature\\AreaPagesTest->{closure:Pest\\Concerns\\Testable::__callClosure():508}()
#63 /home/notfuad/ngodingweb/www/laundry-go/vendor/pestphp/pest/src/Concerns/Testable.php(508): Pest\\Support\\ExceptionTrace::ensure(Object(Closure))
#64 /home/notfuad/ngodingweb/www/laundry-go/vendor/pestphp/pest/src/Concerns/Testable.php(322): P\\Tests\\Feature\\AreaPagesTest->__callClosure(Object(Closure), Array)
#65 /home/notfuad/ngodingweb/www/laundry-go/vendor/pestphp/pest/src/Factories/TestCaseFactory.php(170) : eval()'d code(22): P\\Tests\\Feature\\AreaPagesTest->__runTest(Object(Closure))
#66 /home/notfuad/ngodingweb/www/laundry-go/vendor/phpunit/phpunit/src/Framework/TestCase.php(1461): P\\Tests\\Feature\\AreaPagesTest->__pest_evaluable_it_renders_all_customer_pages_for_an_authenticated_customer()
#67 /home/notfuad/ngodingweb/www/laundry-go/vendor/phpunit/phpunit/src/Framework/TestCase.php(1475): PHPUnit\\Framework\\TestCase->invokeTestMethod('__pest_evaluabl...', Array)
#68 /home/notfuad/ngodingweb/www/laundry-go/vendor/phpunit/phpunit/src/Framework/TestCase.php(496): PHPUnit\\Framework\\TestCase->runTest()
#69 /home/notfuad/ngodingweb/www/laundry-go/vendor/phpunit/phpunit/src/Framework/TestRunner/TestRunner.php(126): PHPUnit\\Framework\\TestCase->runBare()
#70 /home/notfuad/ngodingweb/www/laundry-go/vendor/phpunit/phpunit/src/Framework/TestCase.php(328): PHPUnit\\Framework\\TestRunner\\TestRunner->run(Object(P\\Tests\\Feature\\AreaPagesTest))
#71 /home/notfuad/ngodingweb/www/laundry-go/vendor/phpunit/phpunit/src/Framework/TestSuite.php(627): PHPUnit\\Framework\\TestCase->run()
#72 /home/notfuad/ngodingweb/www/laundry-go/vendor/phpunit/phpunit/src/Framework/TestSuite.php(420): PHPUnit\\Framework\\TestSuite->runTests(Array, Object(PHPUnit\\Event\\DispatchingEmitter))
#73 /home/notfuad/ngodingweb/www/laundry-go/vendor/phpunit/phpunit/src/TextUI/TestRunner.php(64): PHPUnit\\Framework\\TestSuite->run()
#74 /home/notfuad/ngodingweb/www/laundry-go/vendor/phpunit/phpunit/src/TextUI/Application.php(255): PHPUnit\\TextUI\\TestRunner->run(Object(PHPUnit\\TextUI\\Configuration\\Configuration), Object(PHPUnit\\Runner\\TestRunHistory\\DefaultTestRunHistory), Object(PHPUnit\\Framework\\TestSuite))
#75 /home/notfuad/ngodingweb/www/laundry-go/vendor/pestphp/pest/src/Kernel.php(100): PHPUnit\\TextUI\\Application->run(Array)
#76 /home/notfuad/ngodingweb/www/laundry-go/vendor/pestphp/pest/bin/pest(207): Pest\\Kernel->handle(Array, Array)
#77 /home/notfuad/ngodingweb/www/laundry-go/vendor/pestphp/pest/bin/pest(215): {closure:/home/notfuad/ngodingweb/www/laundry-go/vendor/pestphp/pest/bin/pest:21}()
#78 {main}

[previous exception] [object] (Illuminate\\View\\ViewException(code: 0): Undefined variable $user (View: /home/notfuad/ngodingweb/www/laundry-go/resources/views/layouts/customer.blade.php) at /home/notfuad/ngodingweb/www/laundry-go/storage/framework/views/c8a7c4871e5b0a72e073e657d41c02d8.php:41)
[stacktrace]
#0 /home/notfuad/ngodingweb/www/laundry-go/vendor/laravel/framework/src/Illuminate/View/Engines/PhpEngine.php(59): Illuminate\\View\\Engines\\CompilerEngine->handleViewException(Object(ErrorException), 3)
#1 /home/notfuad/ngodingweb/www/laundry-go/vendor/laravel/framework/src/Illuminate/View/Engines/CompilerEngine.php(76): Illuminate\\View\\Engines\\PhpEngine->evaluatePath('/home/notfuad/n...', Array)
#2 /home/notfuad/ngodingweb/www/laundry-go/vendor/laravel/framework/src/Illuminate/View/View.php(208): Illuminate\\View\\Engines\\CompilerEngine->get('/home/notfuad/n...', Array)
#3 /home/notfuad/ngodingweb/www/laundry-go/vendor/laravel/framework/src/Illuminate/View/View.php(191): Illuminate\\View\\View->getContents()
#4 /home/notfuad/ngodingweb/www/laundry-go/vendor/laravel/framework/src/Illuminate/View/View.php(160): Illuminate\\View\\View->renderContents()
#5 /home/notfuad/ngodingweb/www/laundry-go/storage/framework/views/f809e7106270c536f9e8e15024d5cdc9.php(63): Illuminate\\View\\View->render()
#6 /home/notfuad/ngodingweb/www/laundry-go/vendor/laravel/framework/src/Illuminate/Filesystem/Filesystem.php(123): require('/home/notfuad/n...')
#7 /home/notfuad/ngodingweb/www/laundry-go/vendor/laravel/framework/src/Illuminate/Filesystem/Filesystem.php(124): Illuminate\\Filesystem\\Filesystem::{closure:Illuminate\\Filesystem\\Filesystem::getRequire():120}()
#8 /home/notfuad/ngodingweb/www/laundry-go/vendor/laravel/framework/src/Illuminate/View/Engines/PhpEngine.php(57): Illuminate\\Filesystem\\Filesystem->getRequire('/home/notfuad/n...', Array)
#9 /home/notfuad/ngodingweb/www/laundry-go/vendor/laravel/framework/src/Illuminate/View/Engines/CompilerEngine.php(76): Illuminate\\View\\Engines\\PhpEngine->evaluatePath('/home/notfuad/n...', Array)
#10 /home/notfuad/ngodingweb/www/laundry-go/vendor/laravel/framework/src/Illuminate/View/View.php(208): Illuminate\\View\\Engines\\CompilerEngine->get('/home/notfuad/n...', Array)
#11 /home/notfuad/ngodingweb/www/laundry-go/vendor/laravel/framework/src/Illuminate/View/View.php(191): Illuminate\\View\\View->getContents()
#12 /home/notfuad/ngodingweb/www/laundry-go/vendor/laravel/framework/src/Illuminate/View/View.php(160): Illuminate\\View\\View->renderContents()
#13 /home/notfuad/ngodingweb/www/laundry-go/vendor/laravel/framework/src/Illuminate/Http/Response.php(82): Illuminate\\View\\View->render()
#14 /home/notfuad/ngodingweb/www/laundry-go/vendor/laravel/framework/src/Illuminate/Http/Response.php(40): Illuminate\\Http\\Response->setContent(Object(Illuminate\\View\\View))
#15 /home/notfuad/ngodingweb/www/laundry-go/vendor/laravel/framework/src/Illuminate/Routing/Router.php(939): Illuminate\\Http\\Response->__construct(Object(Illuminate\\View\\View), 200, Array)
#16 /home/notfuad/ngodingweb/www/laundry-go/vendor/laravel/framework/src/Illuminate/Routing/Router.php(906): Illuminate\\Routing\\Router::toResponse(Object(Illuminate\\Http\\Request), Object(Illuminate\\View\\View))
#17 /home/notfuad/ngodingweb/www/laundry-go/vendor/laravel/framework/src/Illuminate/Routing/Router.php(821): Illuminate\\Routing\\Router->prepareResponse(Object(Illuminate\\Http\\Request), Object(Illuminate\\View\\View))
#18 /home/notfuad/ngodingweb/www/laundry-go/vendor/laravel/framework/src/Illuminate/Pipeline/Pipeline.php(180): Illuminate\\Routing\\Router->{closure:Illuminate\\Routing\\Router::runRouteWithinStack():821}(Object(Illuminate\\Http\\Request))
#19 /home/notfuad/ngodingweb/www/laundry-go/app/Http/Middleware/CustomerMiddleware.php(29): Illuminate\\Pipeline\\Pipeline->{closure:Illuminate\\Pipeline\\Pipeline::prepareDestination():178}(Object(Illuminate\\Http\\Request))
#20 /home/notfuad/ngodingweb/www/laundry-go/vendor/laravel/framework/src/Illuminate/Pipeline/Pipeline.php(219): App\\Http\\Middleware\\CustomerMiddleware->handle(Object(Illuminate\\Http\\Request), Object(Closure))
#21 /home/notfuad/ngodingweb/www/laundry-go/vendor/laravel/framework/src/Illuminate/Routing/Middleware/SubstituteBindings.php(52): Illuminate\\Pipeline\\Pipeline->{closure:{closure:Illuminate\\Pipeline\\Pipeline::carry():194}:195}(Object(Illuminate\\Http\\Request))
#22 /home/notfuad/ngodingweb/www/laundry-go/vendor/laravel/framework/src/Illuminate/Pipeline/Pipeline.php(219): Illuminate\\Routing\\Middleware\\SubstituteBindings->handle(Object(Illuminate\\Http\\Request), Object(Closure))
#23 /home/notfuad/ngodingweb/www/laundry-go/vendor/laravel/framework/src/Illuminate/Foundation/Http/Middleware/PreventRequestForgery.php(104): Illuminate\\Pipeline\\Pipeline->{closure:{closure:Illuminate\\Pipeline\\Pipeline::carry():194}:195}(Object(Illuminate\\Http\\Request))
#24 /home/notfuad/ngodingweb/www/laundry-go/vendor/laravel/framework/src/Illuminate/Pipeline/Pipeline.php(219): Illuminate\\Foundation\\Http\\Middleware\\PreventRequestForgery->handle(Object(Illuminate\\Http\\Request), Object(Closure))
#25 /home/notfuad/ngodingweb/www/laundry-go/vendor/laravel/framework/src/Illuminate/View/Middleware/ShareErrorsFromSession.php(48): Illuminate\\Pipeline\\Pipeline->{closure:{closure:Illuminate\\Pipeline\\Pipeline::carry():194}:195}(Object(Illuminate\\Http\\Request))
#26 /home/notfuad/ngodingweb/www/laundry-go/vendor/laravel/framework/src/Illuminate/Pipeline/Pipeline.php(219): Illuminate\\View\\Middleware\\ShareErrorsFromSession->handle(Object(Illuminate\\Http\\Request), Object(Closure))
#27 /home/notfuad/ngodingweb/www/laundry-go/vendor/laravel/framework/src/Illuminate/Session/Middleware/StartSession.php(120): Illuminate\\Pipeline\\Pipeline->{closure:{closure:Illuminate\\Pipeline\\Pipeline::carry():194}:195}(Object(Illuminate\\Http\\Request))
#28 /home/notfuad/ngodingweb/www/laundry-go/vendor/laravel/framework/src/Illuminate/Session/Middleware/StartSession.php(63): Illuminate\\Session\\Middleware\\StartSession->handleStatefulRequest(Object(Illuminate\\Http\\Request), Object(Illuminate\\Session\\Store), Object(Closure))
#29 /home/notfuad/ngodingweb/www/laundry-go/vendor/laravel/framework/src/Illuminate/Pipeline/Pipeline.php(219): Illuminate\\Session\\Middleware\\StartSession->handle(Object(Illuminate\\Http\\Request), Object(Closure))
#30 /home/notfuad/ngodingweb/www/laundry-go/vendor/laravel/framework/src/Illuminate/Cookie/Middleware/AddQueuedCookiesToResponse.php(36): Illuminate\\Pipeline\\Pipeline->{closure:{closure:Illuminate\\Pipeline\\Pipeline::carry():194}:195}(Object(Illuminate\\Http\\Request))
#31 /home/notfuad/ngodingweb/www/laundry-go/vendor/laravel/framework/src/Illuminate/Pipeline/Pipeline.php(219): Illuminate\\Cookie\\Middleware\\AddQueuedCookiesToResponse->handle(Object(Illuminate\\Http\\Request), Object(Closure))
#32 /home/notfuad/ngodingweb/www/laundry-go/vendor/laravel/framework/src/Illuminate/Cookie/Middleware/EncryptCookies.php(74): Illuminate\\Pipeline\\Pipeline->{closure:{closure:Illuminate\\Pipeline\\Pipeline::carry():194}:195}(Object(Illuminate\\Http\\Request))
#33 /home/notfuad/ngodingweb/www/laundry-go/vendor/laravel/framework/src/Illuminate/Pipeline/Pipeline.php(219): Illuminate\\Cookie\\Middleware\\EncryptCookies->handle(Object(Illuminate\\Http\\Request), Object(Closure))
#34 /home/notfuad/ngodingweb/www/laundry-go/vendor/laravel/framework/src/Illuminate/Pipeline/Pipeline.php(137): Illuminate\\Pipeline\\Pipeline->{closure:{closure:Illuminate\\Pipeline\\Pipeline::carry():194}:195}(Object(Illuminate\\Http\\Request))
#35 /home/notfuad/ngodingweb/www/laundry-go/vendor/laravel/framework/src/Illuminate/Routing/Router.php(821): Illuminate\\Pipeline\\Pipeline->then(Object(Closure))
#36 /home/notfuad/ngodingweb/www/laundry-go/vendor/laravel/framework/src/Illuminate/Routing/Router.php(800): Illuminate\\Routing\\Router->runRouteWithinStack(Object(Illuminate\\Routing\\Route), Object(Illuminate\\Http\\Request))
#37 /home/notfuad/ngodingweb/www/laundry-go/vendor/laravel/framework/src/Illuminate/Routing/Router.php(764): Illuminate\\Routing\\Router->runRoute(Object(Illuminate\\Http\\Request), Object(Illuminate\\Routing\\Route))
#38 /home/notfuad/ngodingweb/www/laundry-go/vendor/laravel/framework/src/Illuminate/Routing/Router.php(753): Illuminate\\Routing\\Router->dispatchToRoute(Object(Illuminate\\Http\\Request))
#39 /home/notfuad/ngodingweb/www/laundry-go/vendor/laravel/framework/src/Illuminate/Foundation/Http/Kernel.php(200): Illuminate\\Routing\\Router->dispatch(Object(Illuminate\\Http\\Request))
#40 /home/notfuad/ngodingweb/www/laundry-go/vendor/laravel/framework/src/Illuminate/Pipeline/Pipeline.php(180): Illuminate\\Foundation\\Http\\Kernel->{closure:Illuminate\\Foundation\\Http\\Kernel::dispatchToRouter():197}(Object(Illuminate\\Http\\Request))
#41 /home/notfuad/ngodingweb/www/laundry-go/vendor/laravel/mcp/src/Server/Middleware/AddWwwAuthenticateHeader.php(21): Illuminate\\Pipeline\\Pipeline->{closure:Illuminate\\Pipeline\\Pipeline::prepareDestination():178}(Object(Illuminate\\Http\\Request))
#42 /home/notfuad/ngodingweb/www/laundry-go/vendor/laravel/framework/src/Illuminate/Pipeline/Pipeline.php(219): Laravel\\Mcp\\Server\\Middleware\\AddWwwAuthenticateHeader->handle(Object(Illuminate\\Http\\Request), Object(Closure))
#43 /home/notfuad/ngodingweb/www/laundry-go/vendor/laravel/framework/src/Illuminate/Foundation/Http/Middleware/TransformsRequest.php(21): Illuminate\\Pipeline\\Pipeline->{closure:{closure:Illuminate\\Pipeline\\Pipeline::carry():194}:195}(Object(Illuminate\\Http\\Request))
#44 /home/notfuad/ngodingweb/www/laundry-go/vendor/laravel/framework/src/Illuminate/Foundation/Http/Middleware/ConvertEmptyStringsToNull.php(31): Illuminate\\Foundation\\Http\\Middleware\\TransformsRequest->handle(Object(Illuminate\\Http\\Request), Object(Closure))
#45 /home/notfuad/ngodingweb/www/laundry-go/vendor/laravel/framework/src/Illuminate/Pipeline/Pipeline.php(219): Illuminate\\Foundation\\Http\\Middleware\\ConvertEmptyStringsToNull->handle(Object(Illuminate\\Http\\Request), Object(Closure))
#46 /home/notfuad/ngodingweb/www/laundry-go/vendor/laravel/framework/src/Illuminate/Foundation/Http/Middleware/TransformsRequest.php(21): Illuminate\\Pipeline\\Pipeline->{closure:{closure:Illuminate\\Pipeline\\Pipeline::carry():194}:195}(Object(Illuminate\\Http\\Request))
#47 /home/notfuad/ngodingweb/www/laundry-go/vendor/laravel/framework/src/Illuminate/Foundation/Http/Middleware/TrimStrings.php(51): Illuminate\\Foundation\\Http\\Middleware\\TransformsRequest->handle(Object(Illuminate\\Http\\Request), Object(Closure))
#48 /home/notfuad/ngodingweb/www/laundry-go/vendor/laravel/framework/src/Illuminate/Pipeline/Pipeline.php(219): Illuminate\\Foundation\\Http\\Middleware\\TrimStrings->handle(Object(Illuminate\\Http\\Request), Object(Closure))
#49 /home/notfuad/ngodingweb/www/laundry-go/vendor/laravel/framework/src/Illuminate/Http/Middleware/ValidatePostSize.php(27): Illuminate\\Pipeline\\Pipeline->{closure:{closure:Illuminate\\Pipeline\\Pipeline::carry():194}:195}(Object(Illuminate\\Http\\Request))
#50 /home/notfuad/ngodingweb/www/laundry-go/vendor/laravel/framework/src/Illuminate/Pipeline/Pipeline.php(219): Illuminate\\Http\\Middleware\\ValidatePostSize->handle(Object(Illuminate\\Http\\Request), Object(Closure))
#51 /home/notfuad/ngodingweb/www/laundry-go/vendor/laravel/framework/src/Illuminate/Foundation/Http/Middleware/PreventRequestsDuringMaintenance.php(110): Illuminate\\Pipeline\\Pipeline->{closure:{closure:Illuminate\\Pipeline\\Pipeline::carry():194}:195}(Object(Illuminate\\Http\\Request))
#52 /home/notfuad/ngodingweb/www/laundry-go/vendor/laravel/framework/src/Illuminate/Pipeline/Pipeline.php(219): Illuminate\\Foundation\\Http\\Middleware\\PreventRequestsDuringMaintenance->handle(Object(Illuminate\\Http\\Request), Object(Closure))
#53 /home/notfuad/ngodingweb/www/laundry-go/vendor/laravel/framework/src/Illuminate/Http/Middleware/HandleCors.php(61): Illuminate\\Pipeline\\Pipeline->{closure:{closure:Illuminate\\Pipeline\\Pipeline::carry():194}:195}(Object(Illuminate\\Http\\Request))
#54 /home/notfuad/ngodingweb/www/laundry-go/vendor/laravel/framework/src/Illuminate/Pipeline/Pipeline.php(219): Illuminate\\Http\\Middleware\\HandleCors->handle(Object(Illuminate\\Http\\Request), Object(Closure))
#55 /home/notfuad/ngodingweb/www/laundry-go/vendor/laravel/framework/src/Illuminate/Http/Middleware/TrustProxies.php(58): Illuminate\\Pipeline\\Pipeline->{closure:{closure:Illuminate\\Pipeline\\Pipeline::carry():194}:195}(Object(Illuminate\\Http\\Request))
#56 /home/notfuad/ngodingweb/www/laundry-go/vendor/laravel/framework/src/Illuminate/Pipeline/Pipeline.php(219): Illuminate\\Http\\Middleware\\TrustProxies->handle(Object(Illuminate\\Http\\Request), Object(Closure))
#57 /home/notfuad/ngodingweb/www/laundry-go/vendor/laravel/framework/src/Illuminate/Foundation/Http/Middleware/InvokeDeferredCallbacks.php(22): Illuminate\\Pipeline\\Pipeline->{closure:{closure:Illuminate\\Pipeline\\Pipeline::carry():194}:195}(Object(Illuminate\\Http\\Request))
#58 /home/notfuad/ngodingweb/www/laundry-go/vendor/laravel/framework/src/Illuminate/Pipeline/Pipeline.php(219): Illuminate\\Foundation\\Http\\Middleware\\InvokeDeferredCallbacks->handle(Object(Illuminate\\Http\\Request), Object(Closure))
#59 /home/notfuad/ngodingweb/www/laundry-go/vendor/laravel/framework/src/Illuminate/Http/Middleware/ValidatePathEncoding.php(28): Illuminate\\Pipeline\\Pipeline->{closure:{closure:Illuminate\\Pipeline\\Pipeline::carry():194}:195}(Object(Illuminate\\Http\\Request))
#60 /home/notfuad/ngodingweb/www/laundry-go/vendor/laravel/framework/src/Illuminate/Pipeline/Pipeline.php(219): Illuminate\\Http\\Middleware\\ValidatePathEncoding->handle(Object(Illuminate\\Http\\Request), Object(Closure))
#61 /home/notfuad/ngodingweb/www/laundry-go/vendor/laravel/framework/src/Illuminate/Pipeline/Pipeline.php(137): Illuminate\\Pipeline\\Pipeline->{closure:{closure:Illuminate\\Pipeline\\Pipeline::carry():194}:195}(Object(Illuminate\\Http\\Request))
#62 /home/notfuad/ngodingweb/www/laundry-go/vendor/laravel/framework/src/Illuminate/Foundation/Http/Kernel.php(175): Illuminate\\Pipeline\\Pipeline->then(Object(Closure))
#63 /home/notfuad/ngodingweb/www/laundry-go/vendor/laravel/framework/src/Illuminate/Foundation/Http/Kernel.php(144): Illuminate\\Foundation\\Http\\Kernel->sendRequestThroughRouter(Object(Illuminate\\Http\\Request))
#64 /home/notfuad/ngodingweb/www/laundry-go/vendor/laravel/framework/src/Illuminate/Foundation/Testing/Concerns/MakesHttpRequests.php(638): Illuminate\\Foundation\\Http\\Kernel->handle(Object(Illuminate\\Http\\Request))
#65 /home/notfuad/ngodingweb/www/laundry-go/vendor/laravel/framework/src/Illuminate/Foundation/Testing/Concerns/MakesHttpRequests.php(368): Illuminate\\Foundation\\Testing\\TestCase->call('GET', '/pesan', Array, Array, Array, Array)
#66 /home/notfuad/ngodingweb/www/laundry-go/tests/Feature/AreaPagesTest.php(35): Illuminate\\Foundation\\Testing\\TestCase->get('/pesan')
#67 /home/notfuad/ngodingweb/www/laundry-go/vendor/pestphp/pest/src/Factories/TestCaseMethodFactory.php(135): P\\Tests\\Feature\\AreaPagesTest->{closure:/home/notfuad/ngodingweb/www/laundry-go/tests/Feature/AreaPagesTest.php:11}()
#68 [internal function]: P\\Tests\\Feature\\AreaPagesTest->{closure:Pest\\Factories\\TestCaseMethodFactory::getClosure():125}()
#69 /home/notfuad/ngodingweb/www/laundry-go/vendor/pestphp/pest/src/Concerns/Testable.php(508): call_user_func_array(Object(Closure), Array)
#70 /home/notfuad/ngodingweb/www/laundry-go/vendor/pestphp/pest/src/Support/ExceptionTrace.php(24): P\\Tests\\Feature\\AreaPagesTest->{closure:Pest\\Concerns\\Testable::__callClosure():508}()
#71 /home/notfuad/ngodingweb/www/laundry-go/vendor/pestphp/pest/src/Concerns/Testable.php(508): Pest\\Support\\ExceptionTrace::ensure(Object(Closure))
#72 /home/notfuad/ngodingweb/www/laundry-go/vendor/pestphp/pest/src/Concerns/Testable.php(322): P\\Tests\\Feature\\AreaPagesTest->__callClosure(Object(Closure), Array)
#73 /home/notfuad/ngodingweb/www/laundry-go/vendor/pestphp/pest/src/Factories/TestCaseFactory.php(170) : eval()'d code(22): P\\Tests\\Feature\\AreaPagesTest->__runTest(Object(Closure))
#74 /home/notfuad/ngodingweb/www/laundry-go/vendor/phpunit/phpunit/src/Framework/TestCase.php(1461): P\\Tests\\Feature\\AreaPagesTest->__pest_evaluable_it_renders_all_customer_pages_for_an_authenticated_customer()
#75 /home/notfuad/ngodingweb/www/laundry-go/vendor/phpunit/phpunit/src/Framework/TestCase.php(1475): PHPUnit\\Framework\\TestCase->invokeTestMethod('__pest_evaluabl...', Array)
#76 /home/notfuad/ngodingweb/www/laundry-go/vendor/phpunit/phpunit/src/Framework/TestCase.php(496): PHPUnit\\Framework\\TestCase->runTest()
#77 /home/notfuad/ngodingweb/www/laundry-go/vendor/phpunit/phpunit/src/Framework/TestRunner/TestRunner.php(126): PHPUnit\\Framework\\TestCase->runBare()
#78 /home/notfuad/ngodingweb/www/laundry-go/vendor/phpunit/phpunit/src/Framework/TestCase.php(328): PHPUnit\\Framework\\TestRunner\\TestRunner->run(Object(P\\Tests\\Feature\\AreaPagesTest))
#79 /home/notfuad/ngodingweb/www/laundry-go/vendor/phpunit/phpunit/src/Framework/TestSuite.php(627): PHPUnit\\Framework\\TestCase->run()
#80 /home/notfuad/ngodingweb/www/laundry-go/vendor/phpunit/phpunit/src/Framework/TestSuite.php(420): PHPUnit\\Framework\\TestSuite->runTests(Array, Object(PHPUnit\\Event\\DispatchingEmitter))
#81 /home/notfuad/ngodingweb/www/laundry-go/vendor/phpunit/phpunit/src/TextUI/TestRunner.php(64): PHPUnit\\Framework\\TestSuite->run()
#82 /home/notfuad/ngodingweb/www/laundry-go/vendor/phpunit/phpunit/src/TextUI/Application.php(255): PHPUnit\\TextUI\\TestRunner->run(Object(PHPUnit\\TextUI\\Configuration\\Configuration), Object(PHPUnit\\Runner\\TestRunHistory\\DefaultTestRunHistory), Object(PHPUnit\\Framework\\TestSuite))
#83 /home/notfuad/ngodingweb/www/laundry-go/vendor/pestphp/pest/src/Kernel.php(100): PHPUnit\\TextUI\\Application->run(Array)
#84 /home/notfuad/ngodingweb/www/laundry-go/vendor/pestphp/pest/bin/pest(207): Pest\\Kernel->handle(Array, Array)
#85 /home/notfuad/ngodingweb/www/laundry-go/vendor/pestphp/pest/bin/pest(215): {closure:/home/notfuad/ngodingweb/www/laundry-go/vendor/pestphp/pest/bin/pest:21}()
#86 {main}

[previous exception] [object] (ErrorException(code: 0): Undefined variable $user at /home/notfuad/ngodingweb/www/laundry-go/storage/framework/views/c8a7c4871e5b0a72e073e657d41c02d8.php:41)
[stacktrace]
#0 /home/notfuad/ngodingweb/www/laundry-go/vendor/laravel/framework/src/Illuminate/Foundation/Bootstrap/HandleExceptions.php(265): Illuminate\\Foundation\\Bootstrap\\HandleExceptions->handleError(2, 'Undefined varia...', '/home/notfuad/n...', 41)
#1 /home/notfuad/ngodingweb/www/laundry-go/storage/framework/views/c8a7c4871e5b0a72e073e657d41c02d8.php(41): Illuminate\\Foundation\\Bootstrap\\HandleExceptions->{closure:Illuminate\\Foundation\\Bootstrap\\HandleExceptions::forwardsTo():264}(2, 'Undefined varia...', '/home/notfuad/n...', 41)
#2 /home/notfuad/ngodingweb/www/laundry-go/vendor/laravel/framework/src/Illuminate/Filesystem/Filesystem.php(123): require('/home/notfuad/n...')
#3 /home/notfuad/ngodingweb/www/laundry-go/vendor/laravel/framework/src/Illuminate/Filesystem/Filesystem.php(124): Illuminate\\Filesystem\\Filesystem::{closure:Illuminate\\Filesystem\\Filesystem::getRequire():120}()
#4 /home/notfuad/ngodingweb/www/laundry-go/vendor/laravel/framework/src/Illuminate/View/Engines/PhpEngine.php(57): Illuminate\\Filesystem\\Filesystem->getRequire('/home/notfuad/n...', Array)
#5 /home/notfuad/ngodingweb/www/laundry-go/vendor/laravel/framework/src/Illuminate/View/Engines/CompilerEngine.php(76): Illuminate\\View\\Engines\\PhpEngine->evaluatePath('/home/notfuad/n...', Array)
#6 /home/notfuad/ngodingweb/www/laundry-go/vendor/laravel/framework/src/Illuminate/View/View.php(208): Illuminate\\View\\Engines\\CompilerEngine->get('/home/notfuad/n...', Array)
#7 /home/notfuad/ngodingweb/www/laundry-go/vendor/laravel/framework/src/Illuminate/View/View.php(191): Illuminate\\View\\View->getContents()
#8 /home/notfuad/ngodingweb/www/laundry-go/vendor/laravel/framework/src/Illuminate/View/View.php(160): Illuminate\\View\\View->renderContents()
#9 /home/notfuad/ngodingweb/www/laundry-go/storage/framework/views/f809e7106270c536f9e8e15024d5cdc9.php(63): Illuminate\\View\\View->render()
#10 /home/notfuad/ngodingweb/www/laundry-go/vendor/laravel/framework/src/Illuminate/Filesystem/Filesystem.php(123): require('/home/notfuad/n...')
#11 /home/notfuad/ngodingweb/www/laundry-go/vendor/laravel/framework/src/Illuminate/Filesystem/Filesystem.php(124): Illuminate\\Filesystem\\Filesystem::{closure:Illuminate\\Filesystem\\Filesystem::getRequire():120}()
#12 /home/notfuad/ngodingweb/www/laundry-go/vendor/laravel/framework/src/Illuminate/View/Engines/PhpEngine.php(57): Illuminate\\Filesystem\\Filesystem->getRequire('/home/notfuad/n...', Array)
#13 /home/notfuad/ngodingweb/www/laundry-go/vendor/laravel/framework/src/Illuminate/View/Engines/CompilerEngine.php(76): Illuminate\\View\\Engines\\PhpEngine->evaluatePath('/home/notfuad/n...', Array)
#14 /home/notfuad/ngodingweb/www/laundry-go/vendor/laravel/framework/src/Illuminate/View/View.php(208): Illuminate\\View\\Engines\\CompilerEngine->get('/home/notfuad/n...', Array)
#15 /home/notfuad/ngodingweb/www/laundry-go/vendor/laravel/framework/src/Illuminate/View/View.php(191): Illuminate\\View\\View->getContents()
#16 /home/notfuad/ngodingweb/www/laundry-go/vendor/laravel/framework/src/Illuminate/View/View.php(160): Illuminate\\View\\View->renderContents()
#17 /home/notfuad/ngodingweb/www/laundry-go/vendor/laravel/framework/src/Illuminate/Http/Response.php(82): Illuminate\\View\\View->render()
#18 /home/notfuad/ngodingweb/www/laundry-go/vendor/laravel/framework/src/Illuminate/Http/Response.php(40): Illuminate\\Http\\Response->setContent(Object(Illuminate\\View\\View))
#19 /home/notfuad/ngodingweb/www/laundry-go/vendor/laravel/framework/src/Illuminate/Routing/Router.php(939): Illuminate\\Http\\Response->__construct(Object(Illuminate\\View\\View), 200, Array)
#20 /home/notfuad/ngodingweb/www/laundry-go/vendor/laravel/framework/src/Illuminate/Routing/Router.php(906): Illuminate\\Routing\\Router::toResponse(Object(Illuminate\\Http\\Request), Object(Illuminate\\View\\View))
#21 /home/notfuad/ngodingweb/www/laundry-go/vendor/laravel/framework/src/Illuminate/Routing/Router.php(821): Illuminate\\Routing\\Router->prepareResponse(Object(Illuminate\\Http\\Request), Object(Illuminate\\View\\View))
#22 /home/notfuad/ngodingweb/www/laundry-go/vendor/laravel/framework/src/Illuminate/Pipeline/Pipeline.php(180): Illuminate\\Routing\\Router->{closure:Illuminate\\Routing\\Router::runRouteWithinStack():821}(Object(Illuminate\\Http\\Request))
#23 /home/notfuad/ngodingweb/www/laundry-go/app/Http/Middleware/CustomerMiddleware.php(29): Illuminate\\Pipeline\\Pipeline->{closure:Illuminate\\Pipeline\\Pipeline::prepareDestination():178}(Object(Illuminate\\Http\\Request))
#24 /home/notfuad/ngodingweb/www/laundry-go/vendor/laravel/framework/src/Illuminate/Pipeline/Pipeline.php(219): App\\Http\\Middleware\\CustomerMiddleware->handle(Object(Illuminate\\Http\\Request), Object(Closure))
#25 /home/notfuad/ngodingweb/www/laundry-go/vendor/laravel/framework/src/Illuminate/Routing/Middleware/SubstituteBindings.php(52): Illuminate\\Pipeline\\Pipeline->{closure:{closure:Illuminate\\Pipeline\\Pipeline::carry():194}:195}(Object(Illuminate\\Http\\Request))
#26 /home/notfuad/ngodingweb/www/laundry-go/vendor/laravel/framework/src/Illuminate/Pipeline/Pipeline.php(219): Illuminate\\Routing\\Middleware\\SubstituteBindings->handle(Object(Illuminate\\Http\\Request), Object(Closure))
#27 /home/notfuad/ngodingweb/www/laundry-go/vendor/laravel/framework/src/Illuminate/Foundation/Http/Middleware/PreventRequestForgery.php(104): Illuminate\\Pipeline\\Pipeline->{closure:{closure:Illuminate\\Pipeline\\Pipeline::carry():194}:195}(Object(Illuminate\\Http\\Request))
#28 /home/notfuad/ngodingweb/www/laundry-go/vendor/laravel/framework/src/Illuminate/Pipeline/Pipeline.php(219): Illuminate\\Foundation\\Http\\Middleware\\PreventRequestForgery->handle(Object(Illuminate\\Http\\Request), Object(Closure))
#29 /home/notfuad/ngodingweb/www/laundry-go/vendor/laravel/framework/src/Illuminate/View/Middleware/ShareErrorsFromSession.php(48): Illuminate\\Pipeline\\Pipeline->{closure:{closure:Illuminate\\Pipeline\\Pipeline::carry():194}:195}(Object(Illuminate\\Http\\Request))
#30 /home/notfuad/ngodingweb/www/laundry-go/vendor/laravel/framework/src/Illuminate/Pipeline/Pipeline.php(219): Illuminate\\View\\Middleware\\ShareErrorsFromSession->handle(Object(Illuminate\\Http\\Request), Object(Closure))
#31 /home/notfuad/ngodingweb/www/laundry-go/vendor/laravel/framework/src/Illuminate/Session/Middleware/StartSession.php(120): Illuminate\\Pipeline\\Pipeline->{closure:{closure:Illuminate\\Pipeline\\Pipeline::carry():194}:195}(Object(Illuminate\\Http\\Request))
#32 /home/notfuad/ngodingweb/www/laundry-go/vendor/laravel/framework/src/Illuminate/Session/Middleware/StartSession.php(63): Illuminate\\Session\\Middleware\\StartSession->handleStatefulRequest(Object(Illuminate\\Http\\Request), Object(Illuminate\\Session\\Store), Object(Closure))
#33 /home/notfuad/ngodingweb/www/laundry-go/vendor/laravel/framework/src/Illuminate/Pipeline/Pipeline.php(219): Illuminate\\Session\\Middleware\\StartSession->handle(Object(Illuminate\\Http\\Request), Object(Closure))
#34 /home/notfuad/ngodingweb/www/laundry-go/vendor/laravel/framework/src/Illuminate/Cookie/Middleware/AddQueuedCookiesToResponse.php(36): Illuminate\\Pipeline\\Pipeline->{closure:{closure:Illuminate\\Pipeline\\Pipeline::carry():194}:195}(Object(Illuminate\\Http\\Request))
#35 /home/notfuad/ngodingweb/www/laundry-go/vendor/laravel/framework/src/Illuminate/Pipeline/Pipeline.php(219): Illuminate\\Cookie\\Middleware\\AddQueuedCookiesToResponse->handle(Object(Illuminate\\Http\\Request), Object(Closure))
#36 /home/notfuad/ngodingweb/www/laundry-go/vendor/laravel/framework/src/Illuminate/Cookie/Middleware/EncryptCookies.php(74): Illuminate\\Pipeline\\Pipeline->{closure:{closure:Illuminate\\Pipeline\\Pipeline::carry():194}:195}(Object(Illuminate\\Http\\Request))
#37 /home/notfuad/ngodingweb/www/laundry-go/vendor/laravel/framework/src/Illuminate/Pipeline/Pipeline.php(219): Illuminate\\Cookie\\Middleware\\EncryptCookies->handle(Object(Illuminate\\Http\\Request), Object(Closure))
#38 /home/notfuad/ngodingweb/www/laundry-go/vendor/laravel/framework/src/Illuminate/Pipeline/Pipeline.php(137): Illuminate\\Pipeline\\Pipeline->{closure:{closure:Illuminate\\Pipeline\\Pipeline::carry():194}:195}(Object(Illuminate\\Http\\Request))
#39 /home/notfuad/ngodingweb/www/laundry-go/vendor/laravel/framework/src/Illuminate/Routing/Router.php(821): Illuminate\\Pipeline\\Pipeline->then(Object(Closure))
#40 /home/notfuad/ngodingweb/www/laundry-go/vendor/laravel/framework/src/Illuminate/Routing/Router.php(800): Illuminate\\Routing\\Router->runRouteWithinStack(Object(Illuminate\\Routing\\Route), Object(Illuminate\\Http\\Request))
#41 /home/notfuad/ngodingweb/www/laundry-go/vendor/laravel/framework/src/Illuminate/Routing/Router.php(764): Illuminate\\Routing\\Router->runRoute(Object(Illuminate\\Http\\Request), Object(Illuminate\\Routing\\Route))
#42 /home/notfuad/ngodingweb/www/laundry-go/vendor/laravel/framework/src/Illuminate/Routing/Router.php(753): Illuminate\\Routing\\Router->dispatchToRoute(Object(Illuminate\\Http\\Request))
#43 /home/notfuad/ngodingweb/www/laundry-go/vendor/laravel/framework/src/Illuminate/Foundation/Http/Kernel.php(200): Illuminate\\Routing\\Router->dispatch(Object(Illuminate\\Http\\Request))
#44 /home/notfuad/ngodingweb/www/laundry-go/vendor/laravel/framework/src/Illuminate/Pipeline/Pipeline.php(180): Illuminate\\Foundation\\Http\\Kernel->{closure:Illuminate\\Foundation\\Http\\Kernel::dispatchToRouter():197}(Object(Illuminate\\Http\\Request))
#45 /home/notfuad/ngodingweb/www/laundry-go/vendor/laravel/mcp/src/Server/Middleware/AddWwwAuthenticateHeader.php(21): Illuminate\\Pipeline\\Pipeline->{closure:Illuminate\\Pipeline\\Pipeline::prepareDestination():178}(Object(Illuminate\\Http\\Request))
#46 /home/notfuad/ngodingweb/www/laundry-go/vendor/laravel/framework/src/Illuminate/Pipeline/Pipeline.php(219): Laravel\\Mcp\\Server\\Middleware\\AddWwwAuthenticateHeader->handle(Object(Illuminate\\Http\\Request), Object(Closure))
#47 /home/notfuad/ngodingweb/www/laundry-go/vendor/laravel/framework/src/Illuminate/Foundation/Http/Middleware/TransformsRequest.php(21): Illuminate\\Pipeline\\Pipeline->{closure:{closure:Illuminate\\Pipeline\\Pipeline::carry():194}:195}(Object(Illuminate\\Http\\Request))
#48 /home/notfuad/ngodingweb/www/laundry-go/vendor/laravel/framework/src/Illuminate/Foundation/Http/Middleware/ConvertEmptyStringsToNull.php(31): Illuminate\\Foundation\\Http\\Middleware\\TransformsRequest->handle(Object(Illuminate\\Http\\Request), Object(Closure))
#49 /home/notfuad/ngodingweb/www/laundry-go/vendor/laravel/framework/src/Illuminate/Pipeline/Pipeline.php(219): Illuminate\\Foundation\\Http\\Middleware\\ConvertEmptyStringsToNull->handle(Object(Illuminate\\Http\\Request), Object(Closure))
#50 /home/notfuad/ngodingweb/www/laundry-go/vendor/laravel/framework/src/Illuminate/Foundation/Http/Middleware/TransformsRequest.php(21): Illuminate\\Pipeline\\Pipeline->{closure:{closure:Illuminate\\Pipeline\\Pipeline::carry():194}:195}(Object(Illuminate\\Http\\Request))
#51 /home/notfuad/ngodingweb/www/laundry-go/vendor/laravel/framework/src/Illuminate/Foundation/Http/Middleware/TrimStrings.php(51): Illuminate\\Foundation\\Http\\Middleware\\TransformsRequest->handle(Object(Illuminate\\Http\\Request), Object(Closure))
#52 /home/notfuad/ngodingweb/www/laundry-go/vendor/laravel/framework/src/Illuminate/Pipeline/Pipeline.php(219): Illuminate\\Foundation\\Http\\Middleware\\TrimStrings->handle(Object(Illuminate\\Http\\Request), Object(Closure))
#53 /home/notfuad/ngodingweb/www/laundry-go/vendor/laravel/framework/src/Illuminate/Http/Middleware/ValidatePostSize.php(27): Illuminate\\Pipeline\\Pipeline->{closure:{closure:Illuminate\\Pipeline\\Pipeline::carry():194}:195}(Object(Illuminate\\Http\\Request))
#54 /home/notfuad/ngodingweb/www/laundry-go/vendor/laravel/framework/src/Illuminate/Pipeline/Pipeline.php(219): Illuminate\\Http\\Middleware\\ValidatePostSize->handle(Object(Illuminate\\Http\\Request), Object(Closure))
#55 /home/notfuad/ngodingweb/www/laundry-go/vendor/laravel/framework/src/Illuminate/Foundation/Http/Middleware/PreventRequestsDuringMaintenance.php(110): Illuminate\\Pipeline\\Pipeline->{closure:{closure:Illuminate\\Pipeline\\Pipeline::carry():194}:195}(Object(Illuminate\\Http\\Request))
#56 /home/notfuad/ngodingweb/www/laundry-go/vendor/laravel/framework/src/Illuminate/Pipeline/Pipeline.php(219): Illuminate\\Foundation\\Http\\Middleware\\PreventRequestsDuringMaintenance->handle(Object(Illuminate\\Http\\Request), Object(Closure))
#57 /home/notfuad/ngodingweb/www/laundry-go/vendor/laravel/framework/src/Illuminate/Http/Middleware/HandleCors.php(61): Illuminate\\Pipeline\\Pipeline->{closure:{closure:Illuminate\\Pipeline\\Pipeline::carry():194}:195}(Object(Illuminate\\Http\\Request))
#58 /home/notfuad/ngodingweb/www/laundry-go/vendor/laravel/framework/src/Illuminate/Pipeline/Pipeline.php(219): Illuminate\\Http\\Middleware\\HandleCors->handle(Object(Illuminate\\Http\\Request), Object(Closure))
#59 /home/notfuad/ngodingweb/www/laundry-go/vendor/laravel/framework/src/Illuminate/Http/Middleware/TrustProxies.php(58): Illuminate\\Pipeline\\Pipeline->{closure:{closure:Illuminate\\Pipeline\\Pipeline::carry():194}:195}(Object(Illuminate\\Http\\Request))
#60 /home/notfuad/ngodingweb/www/laundry-go/vendor/laravel/framework/src/Illuminate/Pipeline/Pipeline.php(219): Illuminate\\Http\\Middleware\\TrustProxies->handle(Object(Illuminate\\Http\\Request), Object(Closure))
#61 /home/notfuad/ngodingweb/www/laundry-go/vendor/laravel/framework/src/Illuminate/Foundation/Http/Middleware/InvokeDeferredCallbacks.php(22): Illuminate\\Pipeline\\Pipeline->{closure:{closure:Illuminate\\Pipeline\\Pipeline::carry():194}:195}(Object(Illuminate\\Http\\Request))
#62 /home/notfuad/ngodingweb/www/laundry-go/vendor/laravel/framework/src/Illuminate/Pipeline/Pipeline.php(219): Illuminate\\Foundation\\Http\\Middleware\\InvokeDeferredCallbacks->handle(Object(Illuminate\\Http\\Request), Object(Closure))
#63 /home/notfuad/ngodingweb/www/laundry-go/vendor/laravel/framework/src/Illuminate/Http/Middleware/ValidatePathEncoding.php(28): Illuminate\\Pipeline\\Pipeline->{closure:{closure:Illuminate\\Pipeline\\Pipeline::carry():194}:195}(Object(Illuminate\\Http\\Request))
#64 /home/notfuad/ngodingweb/www/laundry-go/vendor/laravel/framework/src/Illuminate/Pipeline/Pipeline.php(219): Illuminate\\Http\\Middleware\\ValidatePathEncoding->handle(Object(Illuminate\\Http\\Request), Object(Closure))
#65 /home/notfuad/ngodingweb/www/laundry-go/vendor/laravel/framework/src/Illuminate/Pipeline/Pipeline.php(137): Illuminate\\Pipeline\\Pipeline->{closure:{closure:Illuminate\\Pipeline\\Pipeline::carry():194}:195}(Object(Illuminate\\Http\\Request))
#66 /home/notfuad/ngodingweb/www/laundry-go/vendor/laravel/framework/src/Illuminate/Foundation/Http/Kernel.php(175): Illuminate\\Pipeline\\Pipeline->then(Object(Closure))
#67 /home/notfuad/ngodingweb/www/laundry-go/vendor/laravel/framework/src/Illuminate/Foundation/Http/Kernel.php(144): Illuminate\\Foundation\\Http\\Kernel->sendRequestThroughRouter(Object(Illuminate\\Http\\Request))
#68 /home/notfuad/ngodingweb/www/laundry-go/vendor/laravel/framework/src/Illuminate/Foundation/Testing/Concerns/MakesHttpRequests.php(638): Illuminate\\Foundation\\Http\\Kernel->handle(Object(Illuminate\\Http\\Request))
#69 /home/notfuad/ngodingweb/www/laundry-go/vendor/laravel/framework/src/Illuminate/Foundation/Testing/Concerns/MakesHttpRequests.php(368): Illuminate\\Foundation\\Testing\\TestCase->call('GET', '/pesan', Array, Array, Array, Array)
#70 /home/notfuad/ngodingweb/www/laundry-go/tests/Feature/AreaPagesTest.php(35): Illuminate\\Foundation\\Testing\\TestCase->get('/pesan')
#71 /home/notfuad/ngodingweb/www/laundry-go/vendor/pestphp/pest/src/Factories/TestCaseMethodFactory.php(135): P\\Tests\\Feature\\AreaPagesTest->{closure:/home/notfuad/ngodingweb/www/laundry-go/tests/Feature/AreaPagesTest.php:11}()
#72 [internal function]: P\\Tests\\Feature\\AreaPagesTest->{closure:Pest\\Factories\\TestCaseMethodFactory::getClosure():125}()
#73 /home/notfuad/ngodingweb/www/laundry-go/vendor/pestphp/pest/src/Concerns/Testable.php(508): call_user_func_array(Object(Closure), Array)
#74 /home/notfuad/ngodingweb/www/laundry-go/vendor/pestphp/pest/src/Support/ExceptionTrace.php(24): P\\Tests\\Feature\\AreaPagesTest->{closure:Pest\\Concerns\\Testable::__callClosure():508}()
#75 /home/notfuad/ngodingweb/www/laundry-go/vendor/pestphp/pest/src/Concerns/Testable.php(508): Pest\\Support\\ExceptionTrace::ensure(Object(Closure))
#76 /home/notfuad/ngodingweb/www/laundry-go/vendor/pestphp/pest/src/Concerns/Testable.php(322): P\\Tests\\Feature\\AreaPagesTest->__callClosure(Object(Closure), Array)
#77 /home/notfuad/ngodingweb/www/laundry-go/vendor/pestphp/pest/src/Factories/TestCaseFactory.php(170) : eval()'d code(22): P\\Tests\\Feature\\AreaPagesTest->__runTest(Object(Closure))
#78 /home/notfuad/ngodingweb/www/laundry-go/vendor/phpunit/phpunit/src/Framework/TestCase.php(1461): P\\Tests\\Feature\\AreaPagesTest->__pest_evaluable_it_renders_all_customer_pages_for_an_authenticated_customer()
#79 /home/notfuad/ngodingweb/www/laundry-go/vendor/phpunit/phpunit/src/Framework/TestCase.php(1475): PHPUnit\\Framework\\TestCase->invokeTestMethod('__pest_evaluabl...', Array)
#80 /home/notfuad/ngodingweb/www/laundry-go/vendor/phpunit/phpunit/src/Framework/TestCase.php(496): PHPUnit\\Framework\\TestCase->runTest()
#81 /home/notfuad/ngodingweb/www/laundry-go/vendor/phpunit/phpunit/src/Framework/TestRunner/TestRunner.php(126): PHPUnit\\Framework\\TestCase->runBare()
#82 /home/notfuad/ngodingweb/www/laundry-go/vendor/phpunit/phpunit/src/Framework/TestCase.php(328): PHPUnit\\Framework\\TestRunner\\TestRunner->run(Object(P\\Tests\\Feature\\AreaPagesTest))
#83 /home/notfuad/ngodingweb/www/laundry-go/vendor/phpunit/phpunit/src/Framework/TestSuite.php(627): PHPUnit\\Framework\\TestCase->run()
#84 /home/notfuad/ngodingweb/www/laundry-go/vendor/phpunit/phpunit/src/Framework/TestSuite.php(420): PHPUnit\\Framework\\TestSuite->runTests(Array, Object(PHPUnit\\Event\\DispatchingEmitter))
#85 /home/notfuad/ngodingweb/www/laundry-go/vendor/phpunit/phpunit/src/TextUI/TestRunner.php(64): PHPUnit\\Framework\\TestSuite->run()
#86 /home/notfuad/ngodingweb/www/laundry-go/vendor/phpunit/phpunit/src/TextUI/Application.php(255): PHPUnit\\TextUI\\TestRunner->run(Object(PHPUnit\\TextUI\\Configuration\\Configuration), Object(PHPUnit\\Runner\\TestRunHistory\\DefaultTestRunHistory), Object(PHPUnit\\Framework\\TestSuite))
#87 /home/notfuad/ngodingweb/www/laundry-go/vendor/pestphp/pest/src/Kernel.php(100): PHPUnit\\TextUI\\Application->run(Array)
#88 /home/notfuad/ngodingweb/www/laundry-go/vendor/pestphp/pest/bin/pest(207): Pest\\Kernel->handle(Array, Array)
#89 /home/notfuad/ngodingweb/www/laundry-go/vendor/pestphp/pest/bin/pest(215): {closure:/home/notfuad/ngodingweb/www/laundry-go/vendor/pestphp/pest/bin/pest:21}()
#90 {main}
"} 
[2026-09-24 15:19:29] testing.ERROR: syntax error, unexpected token "class" (View: /home/notfuad/ngodingweb/www/laundry-go/resources/views/layouts/customer.blade.php) (View: /home/notfuad/ngodingweb/www/laundry-go/resources/views/layouts/customer.blade.php) {"userId":1,"exception":"[object] (Illuminate\\View\\ViewException(code: 0): syntax error, unexpected token \"class\" (View: /home/notfuad/ngodingweb/www/laundry-go/resources/views/layouts/customer.blade.php) (View: /home/notfuad/ngodingweb/www/laundry-go/resources/views/layouts/customer.blade.php) at /home/notfuad/ngodingweb/www/laundry-go/storage/framework/views/c8a7c4871e5b0a72e073e657d41c02d8.php:12)
[stacktrace]
#0 /home/notfuad/ngodingweb/www/laundry-go/vendor/laravel/framework/src/Illuminate/View/Engines/PhpEngine.php(59): Illuminate\\View\\Engines\\CompilerEngine->handleViewException(Object(Illuminate\\View\\ViewException), 2)
#1 /home/notfuad/ngodingweb/www/laundry-go/vendor/laravel/framework/src/Illuminate/View/Engines/CompilerEngine.php(76): Illuminate\\View\\Engines\\PhpEngine->evaluatePath('/home/notfuad/n...', Array)
#2 /home/notfuad/ngodingweb/www/laundry-go/vendor/laravel/framework/src/Illuminate/View/View.php(208): Illuminate\\View\\Engines\\CompilerEngine->get('/home/notfuad/n...', Array)
#3 /home/notfuad/ngodingweb/www/laundry-go/vendor/laravel/framework/src/Illuminate/View/View.php(191): Illuminate\\View\\View->getContents()
#4 /home/notfuad/ngodingweb/www/laundry-go/vendor/laravel/framework/src/Illuminate/View/View.php(160): Illuminate\\View\\View->renderContents()
#5 /home/notfuad/ngodingweb/www/laundry-go/vendor/laravel/framework/src/Illuminate/Http/Response.php(82): Illuminate\\View\\View->render()
#6 /home/notfuad/ngodingweb/www/laundry-go/vendor/laravel/framework/src/Illuminate/Http/Response.php(40): Illuminate\\Http\\Response->setContent(Object(Illuminate\\View\\View))
#7 /home/notfuad/ngodingweb/www/laundry-go/vendor/laravel/framework/src/Illuminate/Routing/Router.php(939): Illuminate\\Http\\Response->__construct(Object(Illuminate\\View\\View), 200, Array)
#8 /home/notfuad/ngodingweb/www/laundry-go/vendor/laravel/framework/src/Illuminate/Routing/Router.php(906): Illuminate\\Routing\\Router::toResponse(Object(Illuminate\\Http\\Request), Object(Illuminate\\View\\View))
#9 /home/notfuad/ngodingweb/www/laundry-go/vendor/laravel/framework/src/Illuminate/Routing/Router.php(821): Illuminate\\Routing\\Router->prepareResponse(Object(Illuminate\\Http\\Request), Object(Illuminate\\View\\View))
#10 /home/notfuad/ngodingweb/www/laundry-go/vendor/laravel/framework/src/Illuminate/Pipeline/Pipeline.php(180): Illuminate\\Routing\\Router->{closure:Illuminate\\Routing\\Router::runRouteWithinStack():821}(Object(Illuminate\\Http\\Request))
#11 /home/notfuad/ngodingweb/www/laundry-go/app/Http/Middleware/CustomerMiddleware.php(29): Illuminate\\Pipeline\\Pipeline->{closure:Illuminate\\Pipeline\\Pipeline::prepareDestination():178}(Object(Illuminate\\Http\\Request))
#12 /home/notfuad/ngodingweb/www/laundry-go/vendor/laravel/framework/src/Illuminate/Pipeline/Pipeline.php(219): App\\Http\\Middleware\\CustomerMiddleware->handle(Object(Illuminate\\Http\\Request), Object(Closure))
#13 /home/notfuad/ngodingweb/www/laundry-go/vendor/laravel/framework/src/Illuminate/Routing/Middleware/SubstituteBindings.php(52): Illuminate\\Pipeline\\Pipeline->{closure:{closure:Illuminate\\Pipeline\\Pipeline::carry():194}:195}(Object(Illuminate\\Http\\Request))
#14 /home/notfuad/ngodingweb/www/laundry-go/vendor/laravel/framework/src/Illuminate/Pipeline/Pipeline.php(219): Illuminate\\Routing\\Middleware\\SubstituteBindings->handle(Object(Illuminate\\Http\\Request), Object(Closure))
#15 /home/notfuad/ngodingweb/www/laundry-go/vendor/laravel/framework/src/Illuminate/Foundation/Http/Middleware/PreventRequestForgery.php(104): Illuminate\\Pipeline\\Pipeline->{closure:{closure:Illuminate\\Pipeline\\Pipeline::carry():194}:195}(Object(Illuminate\\Http\\Request))
#16 /home/notfuad/ngodingweb/www/laundry-go/vendor/laravel/framework/src/Illuminate/Pipeline/Pipeline.php(219): Illuminate\\Foundation\\Http\\Middleware\\PreventRequestForgery->handle(Object(Illuminate\\Http\\Request), Object(Closure))
#17 /home/notfuad/ngodingweb/www/laundry-go/vendor/laravel/framework/src/Illuminate/View/Middleware/ShareErrorsFromSession.php(48): Illuminate\\Pipeline\\Pipeline->{closure:{closure:Illuminate\\Pipeline\\Pipeline::carry():194}:195}(Object(Illuminate\\Http\\Request))
#18 /home/notfuad/ngodingweb/www/laundry-go/vendor/laravel/framework/src/Illuminate/Pipeline/Pipeline.php(219): Illuminate\\View\\Middleware\\ShareErrorsFromSession->handle(Object(Illuminate\\Http\\Request), Object(Closure))
#19 /home/notfuad/ngodingweb/www/laundry-go/vendor/laravel/framework/src/Illuminate/Session/Middleware/StartSession.php(120): Illuminate\\Pipeline\\Pipeline->{closure:{closure:Illuminate\\Pipeline\\Pipeline::carry():194}:195}(Object(Illuminate\\Http\\Request))
#20 /home/notfuad/ngodingweb/www/laundry-go/vendor/laravel/framework/src/Illuminate/Session/Middleware/StartSession.php(63): Illuminate\\Session\\Middleware\\StartSession->handleStatefulRequest(Object(Illuminate\\Http\\Request), Object(Illuminate\\Session\\Store), Object(Closure))
#21 /home/notfuad/ngodingweb/www/laundry-go/vendor/laravel/framework/src/Illuminate/Pipeline/Pipeline.php(219): Illuminate\\Session\\Middleware\\StartSession->handle(Object(Illuminate\\Http\\Request), Object(Closure))
#22 /home/notfuad/ngodingweb/www/laundry-go/vendor/laravel/framework/src/Illuminate/Cookie/Middleware/AddQueuedCookiesToResponse.php(36): Illuminate\\Pipeline\\Pipeline->{closure:{closure:Illuminate\\Pipeline\\Pipeline::carry():194}:195}(Object(Illuminate\\Http\\Request))
#23 /home/notfuad/ngodingweb/www/laundry-go/vendor/laravel/framework/src/Illuminate/Pipeline/Pipeline.php(219): Illuminate\\Cookie\\Middleware\\AddQueuedCookiesToResponse->handle(Object(Illuminate\\Http\\Request), Object(Closure))
#24 /home/notfuad/ngodingweb/www/laundry-go/vendor/laravel/framework/src/Illuminate/Cookie/Middleware/EncryptCookies.php(74): Illuminate\\Pipeline\\Pipeline->{closure:{closure:Illuminate\\Pipeline\\Pipeline::carry():194}:195}(Object(Illuminate\\Http\\Request))
#25 /home/notfuad/ngodingweb/www/laundry-go/vendor/laravel/framework/src/Illuminate/Pipeline/Pipeline.php(219): Illuminate\\Cookie\\Middleware\\EncryptCookies->handle(Object(Illuminate\\Http\\Request), Object(Closure))
#26 /home/notfuad/ngodingweb/www/laundry-go/vendor/laravel/framework/src/Illuminate/Pipeline/Pipeline.php(137): Illuminate\\Pipeline\\Pipeline->{closure:{closure:Illuminate\\Pipeline\\Pipeline::carry():194}:195}(Object(Illuminate\\Http\\Request))
#27 /home/notfuad/ngodingweb/www/laundry-go/vendor/laravel/framework/src/Illuminate/Routing/Router.php(821): Illuminate\\Pipeline\\Pipeline->then(Object(Closure))
#28 /home/notfuad/ngodingweb/www/laundry-go/vendor/laravel/framework/src/Illuminate/Routing/Router.php(800): Illuminate\\Routing\\Router->runRouteWithinStack(Object(Illuminate\\Routing\\Route), Object(Illuminate\\Http\\Request))
#29 /home/notfuad/ngodingweb/www/laundry-go/vendor/laravel/framework/src/Illuminate/Routing/Router.php(764): Illuminate\\Routing\\Router->runRoute(Object(Illuminate\\Http\\Request), Object(Illuminate\\Routing\\Route))
#30 /home/notfuad/ngodingweb/www/laundry-go/vendor/laravel/framework/src/Illuminate/Routing/Router.php(753): Illuminate\\Routing\\Router->dispatchToRoute(Object(Illuminate\\Http\\Request))
#31 /home/notfuad/ngodingweb/www/laundry-go/vendor/laravel/framework/src/Illuminate/Foundation/Http/Kernel.php(200): Illuminate\\Routing\\Router->dispatch(Object(Illuminate\\Http\\Request))
#32 /home/notfuad/ngodingweb/www/laundry-go/vendor/laravel/framework/src/Illuminate/Pipeline/Pipeline.php(180): Illuminate\\Foundation\\Http\\Kernel->{closure:Illuminate\\Foundation\\Http\\Kernel::dispatchToRouter():197}(Object(Illuminate\\Http\\Request))
#33 /home/notfuad/ngodingweb/www/laundry-go/vendor/laravel/mcp/src/Server/Middleware/AddWwwAuthenticateHeader.php(21): Illuminate\\Pipeline\\Pipeline->{closure:Illuminate\\Pipeline\\Pipeline::prepareDestination():178}(Object(Illuminate\\Http\\Request))
#34 /home/notfuad/ngodingweb/www/laundry-go/vendor/laravel/framework/src/Illuminate/Pipeline/Pipeline.php(219): Laravel\\Mcp\\Server\\Middleware\\AddWwwAuthenticateHeader->handle(Object(Illuminate\\Http\\Request), Object(Closure))
#35 /home/notfuad/ngodingweb/www/laundry-go/vendor/laravel/framework/src/Illuminate/Foundation/Http/Middleware/TransformsRequest.php(21): Illuminate\\Pipeline\\Pipeline->{closure:{closure:Illuminate\\Pipeline\\Pipeline::carry():194}:195}(Object(Illuminate\\Http\\Request))
#36 /home/notfuad/ngodingweb/www/laundry-go/vendor/laravel/framework/src/Illuminate/Foundation/Http/Middleware/ConvertEmptyStringsToNull.php(31): Illuminate\\Foundation\\Http\\Middleware\\TransformsRequest->handle(Object(Illuminate\\Http\\Request), Object(Closure))
#37 /home/notfuad/ngodingweb/www/laundry-go/vendor/laravel/framework/src/Illuminate/Pipeline/Pipeline.php(219): Illuminate\\Foundation\\Http\\Middleware\\ConvertEmptyStringsToNull->handle(Object(Illuminate\\Http\\Request), Object(Closure))
#38 /home/notfuad/ngodingweb/www/laundry-go/vendor/laravel/framework/src/Illuminate/Foundation/Http/Middleware/TransformsRequest.php(21): Illuminate\\Pipeline\\Pipeline->{closure:{closure:Illuminate\\Pipeline\\Pipeline::carry():194}:195}(Object(Illuminate\\Http\\Request))
#39 /home/notfuad/ngodingweb/www/laundry-go/vendor/laravel/framework/src/Illuminate/Foundation/Http/Middleware/TrimStrings.php(51): Illuminate\\Foundation\\Http\\Middleware\\TransformsRequest->handle(Object(Illuminate\\Http\\Request), Object(Closure))
#40 /home/notfuad/ngodingweb/www/laundry-go/vendor/laravel/framework/src/Illuminate/Pipeline/Pipeline.php(219): Illuminate\\Foundation\\Http\\Middleware\\TrimStrings->handle(Object(Illuminate\\Http\\Request), Object(Closure))
#41 /home/notfuad/ngodingweb/www/laundry-go/vendor/laravel/framework/src/Illuminate/Http/Middleware/ValidatePostSize.php(27): Illuminate\\Pipeline\\Pipeline->{closure:{closure:Illuminate\\Pipeline\\Pipeline::carry():194}:195}(Object(Illuminate\\Http\\Request))
#42 /home/notfuad/ngodingweb/www/laundry-go/vendor/laravel/framework/src/Illuminate/Pipeline/Pipeline.php(219): Illuminate\\Http\\Middleware\\ValidatePostSize->handle(Object(Illuminate\\Http\\Request), Object(Closure))
#43 /home/notfuad/ngodingweb/www/laundry-go/vendor/laravel/framework/src/Illuminate/Foundation/Http/Middleware/PreventRequestsDuringMaintenance.php(110): Illuminate\\Pipeline\\Pipeline->{closure:{closure:Illuminate\\Pipeline\\Pipeline::carry():194}:195}(Object(Illuminate\\Http\\Request))
#44 /home/notfuad/ngodingweb/www/laundry-go/vendor/laravel/framework/src/Illuminate/Pipeline/Pipeline.php(219): Illuminate\\Foundation\\Http\\Middleware\\PreventRequestsDuringMaintenance->handle(Object(Illuminate\\Http\\Request), Object(Closure))
#45 /home/notfuad/ngodingweb/www/laundry-go/vendor/laravel/framework/src/Illuminate/Http/Middleware/HandleCors.php(61): Illuminate\\Pipeline\\Pipeline->{closure:{closure:Illuminate\\Pipeline\\Pipeline::carry():194}:195}(Object(Illuminate\\Http\\Request))
#46 /home/notfuad/ngodingweb/www/laundry-go/vendor/laravel/framework/src/Illuminate/Pipeline/Pipeline.php(219): Illuminate\\Http\\Middleware\\HandleCors->handle(Object(Illuminate\\Http\\Request), Object(Closure))
#47 /home/notfuad/ngodingweb/www/laundry-go/vendor/laravel/framework/src/Illuminate/Http/Middleware/TrustProxies.php(58): Illuminate\\Pipeline\\Pipeline->{closure:{closure:Illuminate\\Pipeline\\Pipeline::carry():194}:195}(Object(Illuminate\\Http\\Request))
#48 /home/notfuad/ngodingweb/www/laundry-go/vendor/laravel/framework/src/Illuminate/Pipeline/Pipeline.php(219): Illuminate\\Http\\Middleware\\TrustProxies->handle(Object(Illuminate\\Http\\Request), Object(Closure))
#49 /home/notfuad/ngodingweb/www/laundry-go/vendor/laravel/framework/src/Illuminate/Foundation/Http/Middleware/InvokeDeferredCallbacks.php(22): Illuminate\\Pipeline\\Pipeline->{closure:{closure:Illuminate\\Pipeline\\Pipeline::carry():194}:195}(Object(Illuminate\\Http\\Request))
#50 /home/notfuad/ngodingweb/www/laundry-go/vendor/laravel/framework/src/Illuminate/Pipeline/Pipeline.php(219): Illuminate\\Foundation\\Http\\Middleware\\InvokeDeferredCallbacks->handle(Object(Illuminate\\Http\\Request), Object(Closure))
#51 /home/notfuad/ngodingweb/www/laundry-go/vendor/laravel/framework/src/Illuminate/Http/Middleware/ValidatePathEncoding.php(28): Illuminate\\Pipeline\\Pipeline->{closure:{closure:Illuminate\\Pipeline\\Pipeline::carry():194}:195}(Object(Illuminate\\Http\\Request))
#52 /home/notfuad/ngodingweb/www/laundry-go/vendor/laravel/framework/src/Illuminate/Pipeline/Pipeline.php(219): Illuminate\\Http\\Middleware\\ValidatePathEncoding->handle(Object(Illuminate\\Http\\Request), Object(Closure))
#53 /home/notfuad/ngodingweb/www/laundry-go/vendor/laravel/framework/src/Illuminate/Pipeline/Pipeline.php(137): Illuminate\\Pipeline\\Pipeline->{closure:{closure:Illuminate\\Pipeline\\Pipeline::carry():194}:195}(Object(Illuminate\\Http\\Request))
#54 /home/notfuad/ngodingweb/www/laundry-go/vendor/laravel/framework/src/Illuminate/Foundation/Http/Kernel.php(175): Illuminate\\Pipeline\\Pipeline->then(Object(Closure))
#55 /home/notfuad/ngodingweb/www/laundry-go/vendor/laravel/framework/src/Illuminate/Foundation/Http/Kernel.php(144): Illuminate\\Foundation\\Http\\Kernel->sendRequestThroughRouter(Object(Illuminate\\Http\\Request))
#56 /home/notfuad/ngodingweb/www/laundry-go/vendor/laravel/framework/src/Illuminate/Foundation/Testing/Concerns/MakesHttpRequests.php(638): Illuminate\\Foundation\\Http\\Kernel->handle(Object(Illuminate\\Http\\Request))
#57 /home/notfuad/ngodingweb/www/laundry-go/vendor/laravel/framework/src/Illuminate/Foundation/Testing/Concerns/MakesHttpRequests.php(368): Illuminate\\Foundation\\Testing\\TestCase->call('GET', '/dashboard', Array, Array, Array, Array)
#58 /home/notfuad/ngodingweb/www/laundry-go/tests/Feature/AreaPagesTest.php(35): Illuminate\\Foundation\\Testing\\TestCase->get('/dashboard')
#59 /home/notfuad/ngodingweb/www/laundry-go/vendor/pestphp/pest/src/Factories/TestCaseMethodFactory.php(135): P\\Tests\\Feature\\AreaPagesTest->{closure:/home/notfuad/ngodingweb/www/laundry-go/tests/Feature/AreaPagesTest.php:11}()
#60 [internal function]: P\\Tests\\Feature\\AreaPagesTest->{closure:Pest\\Factories\\TestCaseMethodFactory::getClosure():125}()
#61 /home/notfuad/ngodingweb/www/laundry-go/vendor/pestphp/pest/src/Concerns/Testable.php(508): call_user_func_array(Object(Closure), Array)
#62 /home/notfuad/ngodingweb/www/laundry-go/vendor/pestphp/pest/src/Support/ExceptionTrace.php(24): P\\Tests\\Feature\\AreaPagesTest->{closure:Pest\\Concerns\\Testable::__callClosure():508}()
#63 /home/notfuad/ngodingweb/www/laundry-go/vendor/pestphp/pest/src/Concerns/Testable.php(508): Pest\\Support\\ExceptionTrace::ensure(Object(Closure))
#64 /home/notfuad/ngodingweb/www/laundry-go/vendor/pestphp/pest/src/Concerns/Testable.php(322): P\\Tests\\Feature\\AreaPagesTest->__callClosure(Object(Closure), Array)
#65 /home/notfuad/ngodingweb/www/laundry-go/vendor/pestphp/pest/src/Factories/TestCaseFactory.php(170) : eval()'d code(22): P\\Tests\\Feature\\AreaPagesTest->__runTest(Object(Closure))
#66 /home/notfuad/ngodingweb/www/laundry-go/vendor/phpunit/phpunit/src/Framework/TestCase.php(1461): P\\Tests\\Feature\\AreaPagesTest->__pest_evaluable_it_renders_all_customer_pages_for_an_authenticated_customer()
#67 /home/notfuad/ngodingweb/www/laundry-go/vendor/phpunit/phpunit/src/Framework/TestCase.php(1475): PHPUnit\\Framework\\TestCase->invokeTestMethod('__pest_evaluabl...', Array)
#68 /home/notfuad/ngodingweb/www/laundry-go/vendor/phpunit/phpunit/src/Framework/TestCase.php(496): PHPUnit\\Framework\\TestCase->runTest()
#69 /home/notfuad/ngodingweb/www/laundry-go/vendor/phpunit/phpunit/src/Framework/TestRunner/TestRunner.php(126): PHPUnit\\Framework\\TestCase->runBare()
#70 /home/notfuad/ngodingweb/www/laundry-go/vendor/phpunit/phpunit/src/Framework/TestCase.php(328): PHPUnit\\Framework\\TestRunner\\TestRunner->run(Object(P\\Tests\\Feature\\AreaPagesTest))
#71 /home/notfuad/ngodingweb/www/laundry-go/vendor/phpunit/phpunit/src/Framework/TestSuite.php(627): PHPUnit\\Framework\\TestCase->run()
#72 /home/notfuad/ngodingweb/www/laundry-go/vendor/phpunit/phpunit/src/Framework/TestSuite.php(420): PHPUnit\\Framework\\TestSuite->runTests(Array, Object(PHPUnit\\Event\\DispatchingEmitter))
#73 /home/notfuad/ngodingweb/www/laundry-go/vendor/phpunit/phpunit/src/TextUI/TestRunner.php(64): PHPUnit\\Framework\\TestSuite->run()
#74 /home/notfuad/ngodingweb/www/laundry-go/vendor/phpunit/phpunit/src/TextUI/Application.php(255): PHPUnit\\TextUI\\TestRunner->run(Object(PHPUnit\\TextUI\\Configuration\\Configuration), Object(PHPUnit\\Runner\\TestRunHistory\\DefaultTestRunHistory), Object(PHPUnit\\Framework\\TestSuite))
#75 /home/notfuad/ngodingweb/www/laundry-go/vendor/pestphp/pest/src/Kernel.php(100): PHPUnit\\TextUI\\Application->run(Array)
#76 /home/notfuad/ngodingweb/www/laundry-go/vendor/pestphp/pest/bin/pest(207): Pest\\Kernel->handle(Array, Array)
#77 /home/notfuad/ngodingweb/www/laundry-go/vendor/pestphp/pest/bin/pest(215): {closure:/home/notfuad/ngodingweb/www/laundry-go/vendor/pestphp/pest/bin/pest:21}()
#78 {main}

[previous exception] [object] (Illuminate\\View\\ViewException(code: 0): syntax error, unexpected token \"class\" (View: /home/notfuad/ngodingweb/www/laundry-go/resources/views/layouts/customer.blade.php) at /home/notfuad/ngodingweb/www/laundry-go/storage/framework/views/c8a7c4871e5b0a72e073e657d41c02d8.php:12)
[stacktrace]
#0 /home/notfuad/ngodingweb/www/laundry-go/vendor/laravel/framework/src/Illuminate/View/Engines/PhpEngine.php(59): Illuminate\\View\\Engines\\CompilerEngine->handleViewException(Object(ParseError), 3)
#1 /home/notfuad/ngodingweb/www/laundry-go/vendor/laravel/framework/src/Illuminate/View/Engines/CompilerEngine.php(76): Illuminate\\View\\Engines\\PhpEngine->evaluatePath('/home/notfuad/n...', Array)
#2 /home/notfuad/ngodingweb/www/laundry-go/vendor/laravel/framework/src/Illuminate/View/View.php(208): Illuminate\\View\\Engines\\CompilerEngine->get('/home/notfuad/n...', Array)
#3 /home/notfuad/ngodingweb/www/laundry-go/vendor/laravel/framework/src/Illuminate/View/View.php(191): Illuminate\\View\\View->getContents()
#4 /home/notfuad/ngodingweb/www/laundry-go/vendor/laravel/framework/src/Illuminate/View/View.php(160): Illuminate\\View\\View->renderContents()
#5 /home/notfuad/ngodingweb/www/laundry-go/storage/framework/views/a1e5ae5a6738d94be8bf0314c36a4462.php(162): Illuminate\\View\\View->render()
#6 /home/notfuad/ngodingweb/www/laundry-go/vendor/laravel/framework/src/Illuminate/Filesystem/Filesystem.php(123): require('/home/notfuad/n...')
#7 /home/notfuad/ngodingweb/www/laundry-go/vendor/laravel/framework/src/Illuminate/Filesystem/Filesystem.php(124): Illuminate\\Filesystem\\Filesystem::{closure:Illuminate\\Filesystem\\Filesystem::getRequire():120}()
#8 /home/notfuad/ngodingweb/www/laundry-go/vendor/laravel/framework/src/Illuminate/View/Engines/PhpEngine.php(57): Illuminate\\Filesystem\\Filesystem->getRequire('/home/notfuad/n...', Array)
#9 /home/notfuad/ngodingweb/www/laundry-go/vendor/laravel/framework/src/Illuminate/View/Engines/CompilerEngine.php(76): Illuminate\\View\\Engines\\PhpEngine->evaluatePath('/home/notfuad/n...', Array)
#10 /home/notfuad/ngodingweb/www/laundry-go/vendor/laravel/framework/src/Illuminate/View/View.php(208): Illuminate\\View\\Engines\\CompilerEngine->get('/home/notfuad/n...', Array)
#11 /home/notfuad/ngodingweb/www/laundry-go/vendor/laravel/framework/src/Illuminate/View/View.php(191): Illuminate\\View\\View->getContents()
#12 /home/notfuad/ngodingweb/www/laundry-go/vendor/laravel/framework/src/Illuminate/View/View.php(160): Illuminate\\View\\View->renderContents()
#13 /home/notfuad/ngodingweb/www/laundry-go/vendor/laravel/framework/src/Illuminate/Http/Response.php(82): Illuminate\\View\\View->render()
#14 /home/notfuad/ngodingweb/www/laundry-go/vendor/laravel/framework/src/Illuminate/Http/Response.php(40): Illuminate\\Http\\Response->setContent(Object(Illuminate\\View\\View))
#15 /home/notfuad/ngodingweb/www/laundry-go/vendor/laravel/framework/src/Illuminate/Routing/Router.php(939): Illuminate\\Http\\Response->__construct(Object(Illuminate\\View\\View), 200, Array)
#16 /home/notfuad/ngodingweb/www/laundry-go/vendor/laravel/framework/src/Illuminate/Routing/Router.php(906): Illuminate\\Routing\\Router::toResponse(Object(Illuminate\\Http\\Request), Object(Illuminate\\View\\View))
#17 /home/notfuad/ngodingweb/www/laundry-go/vendor/laravel/framework/src/Illuminate/Routing/Router.php(821): Illuminate\\Routing\\Router->prepareResponse(Object(Illuminate\\Http\\Request), Object(Illuminate\\View\\View))
#18 /home/notfuad/ngodingweb/www/laundry-go/vendor/laravel/framework/src/Illuminate/Pipeline/Pipeline.php(180): Illuminate\\Routing\\Router->{closure:Illuminate\\Routing\\Router::runRouteWithinStack():821}(Object(Illuminate\\Http\\Request))
#19 /home/notfuad/ngodingweb/www/laundry-go/app/Http/Middleware/CustomerMiddleware.php(29): Illuminate\\Pipeline\\Pipeline->{closure:Illuminate\\Pipeline\\Pipeline::prepareDestination():178}(Object(Illuminate\\Http\\Request))
#20 /home/notfuad/ngodingweb/www/laundry-go/vendor/laravel/framework/src/Illuminate/Pipeline/Pipeline.php(219): App\\Http\\Middleware\\CustomerMiddleware->handle(Object(Illuminate\\Http\\Request), Object(Closure))
#21 /home/notfuad/ngodingweb/www/laundry-go/vendor/laravel/framework/src/Illuminate/Routing/Middleware/SubstituteBindings.php(52): Illuminate\\Pipeline\\Pipeline->{closure:{closure:Illuminate\\Pipeline\\Pipeline::carry():194}:195}(Object(Illuminate\\Http\\Request))
#22 /home/notfuad/ngodingweb/www/laundry-go/vendor/laravel/framework/src/Illuminate/Pipeline/Pipeline.php(219): Illuminate\\Routing\\Middleware\\SubstituteBindings->handle(Object(Illuminate\\Http\\Request), Object(Closure))
#23 /home/notfuad/ngodingweb/www/laundry-go/vendor/laravel/framework/src/Illuminate/Foundation/Http/Middleware/PreventRequestForgery.php(104): Illuminate\\Pipeline\\Pipeline->{closure:{closure:Illuminate\\Pipeline\\Pipeline::carry():194}:195}(Object(Illuminate\\Http\\Request))
#24 /home/notfuad/ngodingweb/www/laundry-go/vendor/laravel/framework/src/Illuminate/Pipeline/Pipeline.php(219): Illuminate\\Foundation\\Http\\Middleware\\PreventRequestForgery->handle(Object(Illuminate\\Http\\Request), Object(Closure))
#25 /home/notfuad/ngodingweb/www/laundry-go/vendor/laravel/framework/src/Illuminate/View/Middleware/ShareErrorsFromSession.php(48): Illuminate\\Pipeline\\Pipeline->{closure:{closure:Illuminate\\Pipeline\\Pipeline::carry():194}:195}(Object(Illuminate\\Http\\Request))
#26 /home/notfuad/ngodingweb/www/laundry-go/vendor/laravel/framework/src/Illuminate/Pipeline/Pipeline.php(219): Illuminate\\View\\Middleware\\ShareErrorsFromSession->handle(Object(Illuminate\\Http\\Request), Object(Closure))
#27 /home/notfuad/ngodingweb/www/laundry-go/vendor/laravel/framework/src/Illuminate/Session/Middleware/StartSession.php(120): Illuminate\\Pipeline\\Pipeline->{closure:{closure:Illuminate\\Pipeline\\Pipeline::carry():194}:195}(Object(Illuminate\\Http\\Request))
#28 /home/notfuad/ngodingweb/www/laundry-go/vendor/laravel/framework/src/Illuminate/Session/Middleware/StartSession.php(63): Illuminate\\Session\\Middleware\\StartSession->handleStatefulRequest(Object(Illuminate\\Http\\Request), Object(Illuminate\\Session\\Store), Object(Closure))
#29 /home/notfuad/ngodingweb/www/laundry-go/vendor/laravel/framework/src/Illuminate/Pipeline/Pipeline.php(219): Illuminate\\Session\\Middleware\\StartSession->handle(Object(Illuminate\\Http\\Request), Object(Closure))
#30 /home/notfuad/ngodingweb/www/laundry-go/vendor/laravel/framework/src/Illuminate/Cookie/Middleware/AddQueuedCookiesToResponse.php(36): Illuminate\\Pipeline\\Pipeline->{closure:{closure:Illuminate\\Pipeline\\Pipeline::carry():194}:195}(Object(Illuminate\\Http\\Request))
#31 /home/notfuad/ngodingweb/www/laundry-go/vendor/laravel/framework/src/Illuminate/Pipeline/Pipeline.php(219): Illuminate\\Cookie\\Middleware\\AddQueuedCookiesToResponse->handle(Object(Illuminate\\Http\\Request), Object(Closure))
#32 /home/notfuad/ngodingweb/www/laundry-go/vendor/laravel/framework/src/Illuminate/Cookie/Middleware/EncryptCookies.php(74): Illuminate\\Pipeline\\Pipeline->{closure:{closure:Illuminate\\Pipeline\\Pipeline::carry():194}:195}(Object(Illuminate\\Http\\Request))
#33 /home/notfuad/ngodingweb/www/laundry-go/vendor/laravel/framework/src/Illuminate/Pipeline/Pipeline.php(219): Illuminate\\Cookie\\Middleware\\EncryptCookies->handle(Object(Illuminate\\Http\\Request), Object(Closure))
#34 /home/notfuad/ngodingweb/www/laundry-go/vendor/laravel/framework/src/Illuminate/Pipeline/Pipeline.php(137): Illuminate\\Pipeline\\Pipeline->{closure:{closure:Illuminate\\Pipeline\\Pipeline::carry():194}:195}(Object(Illuminate\\Http\\Request))
#35 /home/notfuad/ngodingweb/www/laundry-go/vendor/laravel/framework/src/Illuminate/Routing/Router.php(821): Illuminate\\Pipeline\\Pipeline->then(Object(Closure))
#36 /home/notfuad/ngodingweb/www/laundry-go/vendor/laravel/framework/src/Illuminate/Routing/Router.php(800): Illuminate\\Routing\\Router->runRouteWithinStack(Object(Illuminate\\Routing\\Route), Object(Illuminate\\Http\\Request))
#37 /home/notfuad/ngodingweb/www/laundry-go/vendor/laravel/framework/src/Illuminate/Routing/Router.php(764): Illuminate\\Routing\\Router->runRoute(Object(Illuminate\\Http\\Request), Object(Illuminate\\Routing\\Route))
#38 /home/notfuad/ngodingweb/www/laundry-go/vendor/laravel/framework/src/Illuminate/Routing/Router.php(753): Illuminate\\Routing\\Router->dispatchToRoute(Object(Illuminate\\Http\\Request))
#39 /home/notfuad/ngodingweb/www/laundry-go/vendor/laravel/framework/src/Illuminate/Foundation/Http/Kernel.php(200): Illuminate\\Routing\\Router->dispatch(Object(Illuminate\\Http\\Request))
#40 /home/notfuad/ngodingweb/www/laundry-go/vendor/laravel/framework/src/Illuminate/Pipeline/Pipeline.php(180): Illuminate\\Foundation\\Http\\Kernel->{closure:Illuminate\\Foundation\\Http\\Kernel::dispatchToRouter():197}(Object(Illuminate\\Http\\Request))
#41 /home/notfuad/ngodingweb/www/laundry-go/vendor/laravel/mcp/src/Server/Middleware/AddWwwAuthenticateHeader.php(21): Illuminate\\Pipeline\\Pipeline->{closure:Illuminate\\Pipeline\\Pipeline::prepareDestination():178}(Object(Illuminate\\Http\\Request))
#42 /home/notfuad/ngodingweb/www/laundry-go/vendor/laravel/framework/src/Illuminate/Pipeline/Pipeline.php(219): Laravel\\Mcp\\Server\\Middleware\\AddWwwAuthenticateHeader->handle(Object(Illuminate\\Http\\Request), Object(Closure))
#43 /home/notfuad/ngodingweb/www/laundry-go/vendor/laravel/framework/src/Illuminate/Foundation/Http/Middleware/TransformsRequest.php(21): Illuminate\\Pipeline\\Pipeline->{closure:{closure:Illuminate\\Pipeline\\Pipeline::carry():194}:195}(Object(Illuminate\\Http\\Request))
#44 /home/notfuad/ngodingweb/www/laundry-go/vendor/laravel/framework/src/Illuminate/Foundation/Http/Middleware/ConvertEmptyStringsToNull.php(31): Illuminate\\Foundation\\Http\\Middleware\\TransformsRequest->handle(Object(Illuminate\\Http\\Request), Object(Closure))
#45 /home/notfuad/ngodingweb/www/laundry-go/vendor/laravel/framework/src/Illuminate/Pipeline/Pipeline.php(219): Illuminate\\Foundation\\Http\\Middleware\\ConvertEmptyStringsToNull->handle(Object(Illuminate\\Http\\Request), Object(Closure))
#46 /home/notfuad/ngodingweb/www/laundry-go/vendor/laravel/framework/src/Illuminate/Foundation/Http/Middleware/TransformsRequest.php(21): Illuminate\\Pipeline\\Pipeline->{closure:{closure:Illuminate\\Pipeline\\Pipeline::carry():194}:195}(Object(Illuminate\\Http\\Request))
#47 /home/notfuad/ngodingweb/www/laundry-go/vendor/laravel/framework/src/Illuminate/Foundation/Http/Middleware/TrimStrings.php(51): Illuminate\\Foundation\\Http\\Middleware\\TransformsRequest->handle(Object(Illuminate\\Http\\Request), Object(Closure))
#48 /home/notfuad/ngodingweb/www/laundry-go/vendor/laravel/framework/src/Illuminate/Pipeline/Pipeline.php(219): Illuminate\\Foundation\\Http\\Middleware\\TrimStrings->handle(Object(Illuminate\\Http\\Request), Object(Closure))
#49 /home/notfuad/ngodingweb/www/laundry-go/vendor/laravel/framework/src/Illuminate/Http/Middleware/ValidatePostSize.php(27): Illuminate\\Pipeline\\Pipeline->{closure:{closure:Illuminate\\Pipeline\\Pipeline::carry():194}:195}(Object(Illuminate\\Http\\Request))
#50 /home/notfuad/ngodingweb/www/laundry-go/vendor/laravel/framework/src/Illuminate/Pipeline/Pipeline.php(219): Illuminate\\Http\\Middleware\\ValidatePostSize->handle(Object(Illuminate\\Http\\Request), Object(Closure))
#51 /home/notfuad/ngodingweb/www/laundry-go/vendor/laravel/framework/src/Illuminate/Foundation/Http/Middleware/PreventRequestsDuringMaintenance.php(110): Illuminate\\Pipeline\\Pipeline->{closure:{closure:Illuminate\\Pipeline\\Pipeline::carry():194}:195}(Object(Illuminate\\Http\\Request))
#52 /home/notfuad/ngodingweb/www/laundry-go/vendor/laravel/framework/src/Illuminate/Pipeline/Pipeline.php(219): Illuminate\\Foundation\\Http\\Middleware\\PreventRequestsDuringMaintenance->handle(Object(Illuminate\\Http\\Request), Object(Closure))
#53 /home/notfuad/ngodingweb/www/laundry-go/vendor/laravel/framework/src/Illuminate/Http/Middleware/HandleCors.php(61): Illuminate\\Pipeline\\Pipeline->{closure:{closure:Illuminate\\Pipeline\\Pipeline::carry():194}:195}(Object(Illuminate\\Http\\Request))
#54 /home/notfuad/ngodingweb/www/laundry-go/vendor/laravel/framework/src/Illuminate/Pipeline/Pipeline.php(219): Illuminate\\Http\\Middleware\\HandleCors->handle(Object(Illuminate\\Http\\Request), Object(Closure))
#55 /home/notfuad/ngodingweb/www/laundry-go/vendor/laravel/framework/src/Illuminate/Http/Middleware/TrustProxies.php(58): Illuminate\\Pipeline\\Pipeline->{closure:{closure:Illuminate\\Pipeline\\Pipeline::carry():194}:195}(Object(Illuminate\\Http\\Request))
#56 /home/notfuad/ngodingweb/www/laundry-go/vendor/laravel/framework/src/Illuminate/Pipeline/Pipeline.php(219): Illuminate\\Http\\Middleware\\TrustProxies->handle(Object(Illuminate\\Http\\Request), Object(Closure))
#57 /home/notfuad/ngodingweb/www/laundry-go/vendor/laravel/framework/src/Illuminate/Foundation/Http/Middleware/InvokeDeferredCallbacks.php(22): Illuminate\\Pipeline\\Pipeline->{closure:{closure:Illuminate\\Pipeline\\Pipeline::carry():194}:195}(Object(Illuminate\\Http\\Request))
#58 /home/notfuad/ngodingweb/www/laundry-go/vendor/laravel/framework/src/Illuminate/Pipeline/Pipeline.php(219): Illuminate\\Foundation\\Http\\Middleware\\InvokeDeferredCallbacks->handle(Object(Illuminate\\Http\\Request), Object(Closure))
#59 /home/notfuad/ngodingweb/www/laundry-go/vendor/laravel/framework/src/Illuminate/Http/Middleware/ValidatePathEncoding.php(28): Illuminate\\Pipeline\\Pipeline->{closure:{closure:Illuminate\\Pipeline\\Pipeline::carry():194}:195}(Object(Illuminate\\Http\\Request))
#60 /home/notfuad/ngodingweb/www/laundry-go/vendor/laravel/framework/src/Illuminate/Pipeline/Pipeline.php(219): Illuminate\\Http\\Middleware\\ValidatePathEncoding->handle(Object(Illuminate\\Http\\Request), Object(Closure))
#61 /home/notfuad/ngodingweb/www/laundry-go/vendor/laravel/framework/src/Illuminate/Pipeline/Pipeline.php(137): Illuminate\\Pipeline\\Pipeline->{closure:{closure:Illuminate\\Pipeline\\Pipeline::carry():194}:195}(Object(Illuminate\\Http\\Request))
#62 /home/notfuad/ngodingweb/www/laundry-go/vendor/laravel/framework/src/Illuminate/Foundation/Http/Kernel.php(175): Illuminate\\Pipeline\\Pipeline->then(Object(Closure))
#63 /home/notfuad/ngodingweb/www/laundry-go/vendor/laravel/framework/src/Illuminate/Foundation/Http/Kernel.php(144): Illuminate\\Foundation\\Http\\Kernel->sendRequestThroughRouter(Object(Illuminate\\Http\\Request))
#64 /home/notfuad/ngodingweb/www/laundry-go/vendor/laravel/framework/src/Illuminate/Foundation/Testing/Concerns/MakesHttpRequests.php(638): Illuminate\\Foundation\\Http\\Kernel->handle(Object(Illuminate\\Http\\Request))
#65 /home/notfuad/ngodingweb/www/laundry-go/vendor/laravel/framework/src/Illuminate/Foundation/Testing/Concerns/MakesHttpRequests.php(368): Illuminate\\Foundation\\Testing\\TestCase->call('GET', '/dashboard', Array, Array, Array, Array)
#66 /home/notfuad/ngodingweb/www/laundry-go/tests/Feature/AreaPagesTest.php(35): Illuminate\\Foundation\\Testing\\TestCase->get('/dashboard')
#67 /home/notfuad/ngodingweb/www/laundry-go/vendor/pestphp/pest/src/Factories/TestCaseMethodFactory.php(135): P\\Tests\\Feature\\AreaPagesTest->{closure:/home/notfuad/ngodingweb/www/laundry-go/tests/Feature/AreaPagesTest.php:11}()
#68 [internal function]: P\\Tests\\Feature\\AreaPagesTest->{closure:Pest\\Factories\\TestCaseMethodFactory::getClosure():125}()
#69 /home/notfuad/ngodingweb/www/laundry-go/vendor/pestphp/pest/src/Concerns/Testable.php(508): call_user_func_array(Object(Closure), Array)
#70 /home/notfuad/ngodingweb/www/laundry-go/vendor/pestphp/pest/src/Support/ExceptionTrace.php(24): P\\Tests\\Feature\\AreaPagesTest->{closure:Pest\\Concerns\\Testable::__callClosure():508}()
#71 /home/notfuad/ngodingweb/www/laundry-go/vendor/pestphp/pest/src/Concerns/Testable.php(508): Pest\\Support\\ExceptionTrace::ensure(Object(Closure))
#72 /home/notfuad/ngodingweb/www/laundry-go/vendor/pestphp/pest/src/Concerns/Testable.php(322): P\\Tests\\Feature\\AreaPagesTest->__callClosure(Object(Closure), Array)
#73 /home/notfuad/ngodingweb/www/laundry-go/vendor/pestphp/pest/src/Factories/TestCaseFactory.php(170) : eval()'d code(22): P\\Tests\\Feature\\AreaPagesTest->__runTest(Object(Closure))
#74 /home/notfuad/ngodingweb/www/laundry-go/vendor/phpunit/phpunit/src/Framework/TestCase.php(1461): P\\Tests\\Feature\\AreaPagesTest->__pest_evaluable_it_renders_all_customer_pages_for_an_authenticated_customer()
#75 /home/notfuad/ngodingweb/www/laundry-go/vendor/phpunit/phpunit/src/Framework/TestCase.php(1475): PHPUnit\\Framework\\TestCase->invokeTestMethod('__pest_evaluabl...', Array)
#76 /home/notfuad/ngodingweb/www/laundry-go/vendor/phpunit/phpunit/src/Framework/TestCase.php(496): PHPUnit\\Framework\\TestCase->runTest()
#77 /home/notfuad/ngodingweb/www/laundry-go/vendor/phpunit/phpunit/src/Framework/TestRunner/TestRunner.php(126): PHPUnit\\Framework\\TestCase->runBare()
#78 /home/notfuad/ngodingweb/www/laundry-go/vendor/phpunit/phpunit/src/Framework/TestCase.php(328): PHPUnit\\Framework\\TestRunner\\TestRunner->run(Object(P\\Tests\\Feature\\AreaPagesTest))
#79 /home/notfuad/ngodingweb/www/laundry-go/vendor/phpunit/phpunit/src/Framework/TestSuite.php(627): PHPUnit\\Framework\\TestCase->run()
#80 /home/notfuad/ngodingweb/www/laundry-go/vendor/phpunit/phpunit/src/Framework/TestSuite.php(420): PHPUnit\\Framework\\TestSuite->runTests(Array, Object(PHPUnit\\Event\\DispatchingEmitter))
#81 /home/notfuad/ngodingweb/www/laundry-go/vendor/phpunit/phpunit/src/TextUI/TestRunner.php(64): PHPUnit\\Framework\\TestSuite->run()
#82 /home/notfuad/ngodingweb/www/laundry-go/vendor/phpunit/phpunit/src/TextUI/Application.php(255): PHPUnit\\TextUI\\TestRunner->run(Object(PHPUnit\\TextUI\\Configuration\\Configuration), Object(PHPUnit\\Runner\\TestRunHistory\\DefaultTestRunHistory), Object(PHPUnit\\Framework\\TestSuite))
#83 /home/notfuad/ngodingweb/www/laundry-go/vendor/pestphp/pest/src/Kernel.php(100): PHPUnit\\TextUI\\Application->run(Array)
#84 /home/notfuad/ngodingweb/www/laundry-go/vendor/pestphp/pest/bin/pest(207): Pest\\Kernel->handle(Array, Array)
#85 /home/notfuad/ngodingweb/www/laundry-go/vendor/pestphp/pest/bin/pest(215): {closure:/home/notfuad/ngodingweb/www/laundry-go/vendor/pestphp/pest/bin/pest:21}()
#86 {main}

[previous exception] [object] (ParseError(code: 0): syntax error, unexpected token \"class\" at /home/notfuad/ngodingweb/www/laundry-go/storage/framework/views/c8a7c4871e5b0a72e073e657d41c02d8.php:12)
[stacktrace]
#0 /home/notfuad/ngodingweb/www/laundry-go/vendor/laravel/framework/src/Illuminate/Filesystem/Filesystem.php(124): Illuminate\\Filesystem\\Filesystem::{closure:Illuminate\\Filesystem\\Filesystem::getRequire():120}()
#1 /home/notfuad/ngodingweb/www/laundry-go/vendor/laravel/framework/src/Illuminate/View/Engines/PhpEngine.php(57): Illuminate\\Filesystem\\Filesystem->getRequire('/home/notfuad/n...', Array)
#2 /home/notfuad/ngodingweb/www/laundry-go/vendor/laravel/framework/src/Illuminate/View/Engines/CompilerEngine.php(76): Illuminate\\View\\Engines\\PhpEngine->evaluatePath('/home/notfuad/n...', Array)
#3 /home/notfuad/ngodingweb/www/laundry-go/vendor/laravel/framework/src/Illuminate/View/View.php(208): Illuminate\\View\\Engines\\CompilerEngine->get('/home/notfuad/n...', Array)
#4 /home/notfuad/ngodingweb/www/laundry-go/vendor/laravel/framework/src/Illuminate/View/View.php(191): Illuminate\\View\\View->getContents()
#5 /home/notfuad/ngodingweb/www/laundry-go/vendor/laravel/framework/src/Illuminate/View/View.php(160): Illuminate\\View\\View->renderContents()
#6 /home/notfuad/ngodingweb/www/laundry-go/storage/framework/views/a1e5ae5a6738d94be8bf0314c36a4462.php(162): Illuminate\\View\\View->render()
#7 /home/notfuad/ngodingweb/www/laundry-go/vendor/laravel/framework/src/Illuminate/Filesystem/Filesystem.php(123): require('/home/notfuad/n...')
#8 /home/notfuad/ngodingweb/www/laundry-go/vendor/laravel/framework/src/Illuminate/Filesystem/Filesystem.php(124): Illuminate\\Filesystem\\Filesystem::{closure:Illuminate\\Filesystem\\Filesystem::getRequire():120}()
#9 /home/notfuad/ngodingweb/www/laundry-go/vendor/laravel/framework/src/Illuminate/View/Engines/PhpEngine.php(57): Illuminate\\Filesystem\\Filesystem->getRequire('/home/notfuad/n...', Array)
#10 /home/notfuad/ngodingweb/www/laundry-go/vendor/laravel/framework/src/Illuminate/View/Engines/CompilerEngine.php(76): Illuminate\\View\\Engines\\PhpEngine->evaluatePath('/home/notfuad/n...', Array)
#11 /home/notfuad/ngodingweb/www/laundry-go/vendor/laravel/framework/src/Illuminate/View/View.php(208): Illuminate\\View\\Engines\\CompilerEngine->get('/home/notfuad/n...', Array)
#12 /home/notfuad/ngodingweb/www/laundry-go/vendor/laravel/framework/src/Illuminate/View/View.php(191): Illuminate\\View\\View->getContents()
#13 /home/notfuad/ngodingweb/www/laundry-go/vendor/laravel/framework/src/Illuminate/View/View.php(160): Illuminate\\View\\View->renderContents()
#14 /home/notfuad/ngodingweb/www/laundry-go/vendor/laravel/framework/src/Illuminate/Http/Response.php(82): Illuminate\\View\\View->render()
#15 /home/notfuad/ngodingweb/www/laundry-go/vendor/laravel/framework/src/Illuminate/Http/Response.php(40): Illuminate\\Http\\Response->setContent(Object(Illuminate\\View\\View))
#16 /home/notfuad/ngodingweb/www/laundry-go/vendor/laravel/framework/src/Illuminate/Routing/Router.php(939): Illuminate\\Http\\Response->__construct(Object(Illuminate\\View\\View), 200, Array)
#17 /home/notfuad/ngodingweb/www/laundry-go/vendor/laravel/framework/src/Illuminate/Routing/Router.php(906): Illuminate\\Routing\\Router::toResponse(Object(Illuminate\\Http\\Request), Object(Illuminate\\View\\View))
#18 /home/notfuad/ngodingweb/www/laundry-go/vendor/laravel/framework/src/Illuminate/Routing/Router.php(821): Illuminate\\Routing\\Router->prepareResponse(Object(Illuminate\\Http\\Request), Object(Illuminate\\View\\View))
#19 /home/notfuad/ngodingweb/www/laundry-go/vendor/laravel/framework/src/Illuminate/Pipeline/Pipeline.php(180): Illuminate\\Routing\\Router->{closure:Illuminate\\Routing\\Router::runRouteWithinStack():821}(Object(Illuminate\\Http\\Request))
#20 /home/notfuad/ngodingweb/www/laundry-go/app/Http/Middleware/CustomerMiddleware.php(29): Illuminate\\Pipeline\\Pipeline->{closure:Illuminate\\Pipeline\\Pipeline::prepareDestination():178}(Object(Illuminate\\Http\\Request))
#21 /home/notfuad/ngodingweb/www/laundry-go/vendor/laravel/framework/src/Illuminate/Pipeline/Pipeline.php(219): App\\Http\\Middleware\\CustomerMiddleware->handle(Object(Illuminate\\Http\\Request), Object(Closure))
#22 /home/notfuad/ngodingweb/www/laundry-go/vendor/laravel/framework/src/Illuminate/Routing/Middleware/SubstituteBindings.php(52): Illuminate\\Pipeline\\Pipeline->{closure:{closure:Illuminate\\Pipeline\\Pipeline::carry():194}:195}(Object(Illuminate\\Http\\Request))
#23 /home/notfuad/ngodingweb/www/laundry-go/vendor/laravel/framework/src/Illuminate/Pipeline/Pipeline.php(219): Illuminate\\Routing\\Middleware\\SubstituteBindings->handle(Object(Illuminate\\Http\\Request), Object(Closure))
#24 /home/notfuad/ngodingweb/www/laundry-go/vendor/laravel/framework/src/Illuminate/Foundation/Http/Middleware/PreventRequestForgery.php(104): Illuminate\\Pipeline\\Pipeline->{closure:{closure:Illuminate\\Pipeline\\Pipeline::carry():194}:195}(Object(Illuminate\\Http\\Request))
#25 /home/notfuad/ngodingweb/www/laundry-go/vendor/laravel/framework/src/Illuminate/Pipeline/Pipeline.php(219): Illuminate\\Foundation\\Http\\Middleware\\PreventRequestForgery->handle(Object(Illuminate\\Http\\Request), Object(Closure))
#26 /home/notfuad/ngodingweb/www/laundry-go/vendor/laravel/framework/src/Illuminate/View/Middleware/ShareErrorsFromSession.php(48): Illuminate\\Pipeline\\Pipeline->{closure:{closure:Illuminate\\Pipeline\\Pipeline::carry():194}:195}(Object(Illuminate\\Http\\Request))
#27 /home/notfuad/ngodingweb/www/laundry-go/vendor/laravel/framework/src/Illuminate/Pipeline/Pipeline.php(219): Illuminate\\View\\Middleware\\ShareErrorsFromSession->handle(Object(Illuminate\\Http\\Request), Object(Closure))
#28 /home/notfuad/ngodingweb/www/laundry-go/vendor/laravel/framework/src/Illuminate/Session/Middleware/StartSession.php(120): Illuminate\\Pipeline\\Pipeline->{closure:{closure:Illuminate\\Pipeline\\Pipeline::carry():194}:195}(Object(Illuminate\\Http\\Request))
#29 /home/notfuad/ngodingweb/www/laundry-go/vendor/laravel/framework/src/Illuminate/Session/Middleware/StartSession.php(63): Illuminate\\Session\\Middleware\\StartSession->handleStatefulRequest(Object(Illuminate\\Http\\Request), Object(Illuminate\\Session\\Store), Object(Closure))
#30 /home/notfuad/ngodingweb/www/laundry-go/vendor/laravel/framework/src/Illuminate/Pipeline/Pipeline.php(219): Illuminate\\Session\\Middleware\\StartSession->handle(Object(Illuminate\\Http\\Request), Object(Closure))
#31 /home/notfuad/ngodingweb/www/laundry-go/vendor/laravel/framework/src/Illuminate/Cookie/Middleware/AddQueuedCookiesToResponse.php(36): Illuminate\\Pipeline\\Pipeline->{closure:{closure:Illuminate\\Pipeline\\Pipeline::carry():194}:195}(Object(Illuminate\\Http\\Request))
#32 /home/notfuad/ngodingweb/www/laundry-go/vendor/laravel/framework/src/Illuminate/Pipeline/Pipeline.php(219): Illuminate\\Cookie\\Middleware\\AddQueuedCookiesToResponse->handle(Object(Illuminate\\Http\\Request), Object(Closure))
#33 /home/notfuad/ngodingweb/www/laundry-go/vendor/laravel/framework/src/Illuminate/Cookie/Middleware/EncryptCookies.php(74): Illuminate\\Pipeline\\Pipeline->{closure:{closure:Illuminate\\Pipeline\\Pipeline::carry():194}:195}(Object(Illuminate\\Http\\Request))
#34 /home/notfuad/ngodingweb/www/laundry-go/vendor/laravel/framework/src/Illuminate/Pipeline/Pipeline.php(219): Illuminate\\Cookie\\Middleware\\EncryptCookies->handle(Object(Illuminate\\Http\\Request), Object(Closure))
#35 /home/notfuad/ngodingweb/www/laundry-go/vendor/laravel/framework/src/Illuminate/Pipeline/Pipeline.php(137): Illuminate\\Pipeline\\Pipeline->{closure:{closure:Illuminate\\Pipeline\\Pipeline::carry():194}:195}(Object(Illuminate\\Http\\Request))
#36 /home/notfuad/ngodingweb/www/laundry-go/vendor/laravel/framework/src/Illuminate/Routing/Router.php(821): Illuminate\\Pipeline\\Pipeline->then(Object(Closure))
#37 /home/notfuad/ngodingweb/www/laundry-go/vendor/laravel/framework/src/Illuminate/Routing/Router.php(800): Illuminate\\Routing\\Router->runRouteWithinStack(Object(Illuminate\\Routing\\Route), Object(Illuminate\\Http\\Request))
#38 /home/notfuad/ngodingweb/www/laundry-go/vendor/laravel/framework/src/Illuminate/Routing/Router.php(764): Illuminate\\Routing\\Router->runRoute(Object(Illuminate\\Http\\Request), Object(Illuminate\\Routing\\Route))
#39 /home/notfuad/ngodingweb/www/laundry-go/vendor/laravel/framework/src/Illuminate/Routing/Router.php(753): Illuminate\\Routing\\Router->dispatchToRoute(Object(Illuminate\\Http\\Request))
#40 /home/notfuad/ngodingweb/www/laundry-go/vendor/laravel/framework/src/Illuminate/Foundation/Http/Kernel.php(200): Illuminate\\Routing\\Router->dispatch(Object(Illuminate\\Http\\Request))
#41 /home/notfuad/ngodingweb/www/laundry-go/vendor/laravel/framework/src/Illuminate/Pipeline/Pipeline.php(180): Illuminate\\Foundation\\Http\\Kernel->{closure:Illuminate\\Foundation\\Http\\Kernel::dispatchToRouter():197}(Object(Illuminate\\Http\\Request))
#42 /home/notfuad/ngodingweb/www/laundry-go/vendor/laravel/mcp/src/Server/Middleware/AddWwwAuthenticateHeader.php(21): Illuminate\\Pipeline\\Pipeline->{closure:Illuminate\\Pipeline\\Pipeline::prepareDestination():178}(Object(Illuminate\\Http\\Request))
#43 /home/notfuad/ngodingweb/www/laundry-go/vendor/laravel/framework/src/Illuminate/Pipeline/Pipeline.php(219): Laravel\\Mcp\\Server\\Middleware\\AddWwwAuthenticateHeader->handle(Object(Illuminate\\Http\\Request), Object(Closure))
#44 /home/notfuad/ngodingweb/www/laundry-go/vendor/laravel/framework/src/Illuminate/Foundation/Http/Middleware/TransformsRequest.php(21): Illuminate\\Pipeline\\Pipeline->{closure:{closure:Illuminate\\Pipeline\\Pipeline::carry():194}:195}(Object(Illuminate\\Http\\Request))
#45 /home/notfuad/ngodingweb/www/laundry-go/vendor/laravel/framework/src/Illuminate/Foundation/Http/Middleware/ConvertEmptyStringsToNull.php(31): Illuminate\\Foundation\\Http\\Middleware\\TransformsRequest->handle(Object(Illuminate\\Http\\Request), Object(Closure))
#46 /home/notfuad/ngodingweb/www/laundry-go/vendor/laravel/framework/src/Illuminate/Pipeline/Pipeline.php(219): Illuminate\\Foundation\\Http\\Middleware\\ConvertEmptyStringsToNull->handle(Object(Illuminate\\Http\\Request), Object(Closure))
#47 /home/notfuad/ngodingweb/www/laundry-go/vendor/laravel/framework/src/Illuminate/Foundation/Http/Middleware/TransformsRequest.php(21): Illuminate\\Pipeline\\Pipeline->{closure:{closure:Illuminate\\Pipeline\\Pipeline::carry():194}:195}(Object(Illuminate\\Http\\Request))
#48 /home/notfuad/ngodingweb/www/laundry-go/vendor/laravel/framework/src/Illuminate/Foundation/Http/Middleware/TrimStrings.php(51): Illuminate\\Foundation\\Http\\Middleware\\TransformsRequest->handle(Object(Illuminate\\Http\\Request), Object(Closure))
#49 /home/notfuad/ngodingweb/www/laundry-go/vendor/laravel/framework/src/Illuminate/Pipeline/Pipeline.php(219): Illuminate\\Foundation\\Http\\Middleware\\TrimStrings->handle(Object(Illuminate\\Http\\Request), Object(Closure))
#50 /home/notfuad/ngodingweb/www/laundry-go/vendor/laravel/framework/src/Illuminate/Http/Middleware/ValidatePostSize.php(27): Illuminate\\Pipeline\\Pipeline->{closure:{closure:Illuminate\\Pipeline\\Pipeline::carry():194}:195}(Object(Illuminate\\Http\\Request))
#51 /home/notfuad/ngodingweb/www/laundry-go/vendor/laravel/framework/src/Illuminate/Pipeline/Pipeline.php(219): Illuminate\\Http\\Middleware\\ValidatePostSize->handle(Object(Illuminate\\Http\\Request), Object(Closure))
#52 /home/notfuad/ngodingweb/www/laundry-go/vendor/laravel/framework/src/Illuminate/Foundation/Http/Middleware/PreventRequestsDuringMaintenance.php(110): Illuminate\\Pipeline\\Pipeline->{closure:{closure:Illuminate\\Pipeline\\Pipeline::carry():194}:195}(Object(Illuminate\\Http\\Request))
#53 /home/notfuad/ngodingweb/www/laundry-go/vendor/laravel/framework/src/Illuminate/Pipeline/Pipeline.php(219): Illuminate\\Foundation\\Http\\Middleware\\PreventRequestsDuringMaintenance->handle(Object(Illuminate\\Http\\Request), Object(Closure))
#54 /home/notfuad/ngodingweb/www/laundry-go/vendor/laravel/framework/src/Illuminate/Http/Middleware/HandleCors.php(61): Illuminate\\Pipeline\\Pipeline->{closure:{closure:Illuminate\\Pipeline\\Pipeline::carry():194}:195}(Object(Illuminate\\Http\\Request))
#55 /home/notfuad/ngodingweb/www/laundry-go/vendor/laravel/framework/src/Illuminate/Pipeline/Pipeline.php(219): Illuminate\\Http\\Middleware\\HandleCors->handle(Object(Illuminate\\Http\\Request), Object(Closure))
#56 /home/notfuad/ngodingweb/www/laundry-go/vendor/laravel/framework/src/Illuminate/Http/Middleware/TrustProxies.php(58): Illuminate\\Pipeline\\Pipeline->{closure:{closure:Illuminate\\Pipeline\\Pipeline::carry():194}:195}(Object(Illuminate\\Http\\Request))
#57 /home/notfuad/ngodingweb/www/laundry-go/vendor/laravel/framework/src/Illuminate/Pipeline/Pipeline.php(219): Illuminate\\Http\\Middleware\\TrustProxies->handle(Object(Illuminate\\Http\\Request), Object(Closure))
#58 /home/notfuad/ngodingweb/www/laundry-go/vendor/laravel/framework/src/Illuminate/Foundation/Http/Middleware/InvokeDeferredCallbacks.php(22): Illuminate\\Pipeline\\Pipeline->{closure:{closure:Illuminate\\Pipeline\\Pipeline::carry():194}:195}(Object(Illuminate\\Http\\Request))
#59 /home/notfuad/ngodingweb/www/laundry-go/vendor/laravel/framework/src/Illuminate/Pipeline/Pipeline.php(219): Illuminate\\Foundation\\Http\\Middleware\\InvokeDeferredCallbacks->handle(Object(Illuminate\\Http\\Request), Object(Closure))
#60 /home/notfuad/ngodingweb/www/laundry-go/vendor/laravel/framework/src/Illuminate/Http/Middleware/ValidatePathEncoding.php(28): Illuminate\\Pipeline\\Pipeline->{closure:{closure:Illuminate\\Pipeline\\Pipeline::carry():194}:195}(Object(Illuminate\\Http\\Request))
#61 /home/notfuad/ngodingweb/www/laundry-go/vendor/laravel/framework/src/Illuminate/Pipeline/Pipeline.php(219): Illuminate\\Http\\Middleware\\ValidatePathEncoding->handle(Object(Illuminate\\Http\\Request), Object(Closure))
#62 /home/notfuad/ngodingweb/www/laundry-go/vendor/laravel/framework/src/Illuminate/Pipeline/Pipeline.php(137): Illuminate\\Pipeline\\Pipeline->{closure:{closure:Illuminate\\Pipeline\\Pipeline::carry():194}:195}(Object(Illuminate\\Http\\Request))
#63 /home/notfuad/ngodingweb/www/laundry-go/vendor/laravel/framework/src/Illuminate/Foundation/Http/Kernel.php(175): Illuminate\\Pipeline\\Pipeline->then(Object(Closure))
#64 /home/notfuad/ngodingweb/www/laundry-go/vendor/laravel/framework/src/Illuminate/Foundation/Http/Kernel.php(144): Illuminate\\Foundation\\Http\\Kernel->sendRequestThroughRouter(Object(Illuminate\\Http\\Request))
#65 /home/notfuad/ngodingweb/www/laundry-go/vendor/laravel/framework/src/Illuminate/Foundation/Testing/Concerns/MakesHttpRequests.php(638): Illuminate\\Foundation\\Http\\Kernel->handle(Object(Illuminate\\Http\\Request))
#66 /home/notfuad/ngodingweb/www/laundry-go/vendor/laravel/framework/src/Illuminate/Foundation/Testing/Concerns/MakesHttpRequests.php(368): Illuminate\\Foundation\\Testing\\TestCase->call('GET', '/dashboard', Array, Array, Array, Array)
#67 /home/notfuad/ngodingweb/www/laundry-go/tests/Feature/AreaPagesTest.php(35): Illuminate\\Foundation\\Testing\\TestCase->get('/dashboard')
#68 /home/notfuad/ngodingweb/www/laundry-go/vendor/pestphp/pest/src/Factories/TestCaseMethodFactory.php(135): P\\Tests\\Feature\\AreaPagesTest->{closure:/home/notfuad/ngodingweb/www/laundry-go/tests/Feature/AreaPagesTest.php:11}()
#69 [internal function]: P\\Tests\\Feature\\AreaPagesTest->{closure:Pest\\Factories\\TestCaseMethodFactory::getClosure():125}()
#70 /home/notfuad/ngodingweb/www/laundry-go/vendor/pestphp/pest/src/Concerns/Testable.php(508): call_user_func_array(Object(Closure), Array)
#71 /home/notfuad/ngodingweb/www/laundry-go/vendor/pestphp/pest/src/Support/ExceptionTrace.php(24): P\\Tests\\Feature\\AreaPagesTest->{closure:Pest\\Concerns\\Testable::__callClosure():508}()
#72 /home/notfuad/ngodingweb/www/laundry-go/vendor/pestphp/pest/src/Concerns/Testable.php(508): Pest\\Support\\ExceptionTrace::ensure(Object(Closure))
#73 /home/notfuad/ngodingweb/www/laundry-go/vendor/pestphp/pest/src/Concerns/Testable.php(322): P\\Tests\\Feature\\AreaPagesTest->__callClosure(Object(Closure), Array)
#74 /home/notfuad/ngodingweb/www/laundry-go/vendor/pestphp/pest/src/Factories/TestCaseFactory.php(170) : eval()'d code(22): P\\Tests\\Feature\\AreaPagesTest->__runTest(Object(Closure))
#75 /home/notfuad/ngodingweb/www/laundry-go/vendor/phpunit/phpunit/src/Framework/TestCase.php(1461): P\\Tests\\Feature\\AreaPagesTest->__pest_evaluable_it_renders_all_customer_pages_for_an_authenticated_customer()
#76 /home/notfuad/ngodingweb/www/laundry-go/vendor/phpunit/phpunit/src/Framework/TestCase.php(1475): PHPUnit\\Framework\\TestCase->invokeTestMethod('__pest_evaluabl...', Array)
#77 /home/notfuad/ngodingweb/www/laundry-go/vendor/phpunit/phpunit/src/Framework/TestCase.php(496): PHPUnit\\Framework\\TestCase->runTest()
#78 /home/notfuad/ngodingweb/www/laundry-go/vendor/phpunit/phpunit/src/Framework/TestRunner/TestRunner.php(126): PHPUnit\\Framework\\TestCase->runBare()
#79 /home/notfuad/ngodingweb/www/laundry-go/vendor/phpunit/phpunit/src/Framework/TestCase.php(328): PHPUnit\\Framework\\TestRunner\\TestRunner->run(Object(P\\Tests\\Feature\\AreaPagesTest))
#80 /home/notfuad/ngodingweb/www/laundry-go/vendor/phpunit/phpunit/src/Framework/TestSuite.php(627): PHPUnit\\Framework\\TestCase->run()
#81 /home/notfuad/ngodingweb/www/laundry-go/vendor/phpunit/phpunit/src/Framework/TestSuite.php(420): PHPUnit\\Framework\\TestSuite->runTests(Array, Object(PHPUnit\\Event\\DispatchingEmitter))
#82 /home/notfuad/ngodingweb/www/laundry-go/vendor/phpunit/phpunit/src/TextUI/TestRunner.php(64): PHPUnit\\Framework\\TestSuite->run()
#83 /home/notfuad/ngodingweb/www/laundry-go/vendor/phpunit/phpunit/src/TextUI/Application.php(255): PHPUnit\\TextUI\\TestRunner->run(Object(PHPUnit\\TextUI\\Configuration\\Configuration), Object(PHPUnit\\Runner\\TestRunHistory\\DefaultTestRunHistory), Object(PHPUnit\\Framework\\TestSuite))
#84 /home/notfuad/ngodingweb/www/laundry-go/vendor/pestphp/pest/src/Kernel.php(100): PHPUnit\\TextUI\\Application->run(Array)
#85 /home/notfuad/ngodingweb/www/laundry-go/vendor/pestphp/pest/bin/pest(207): Pest\\Kernel->handle(Array, Array)
#86 /home/notfuad/ngodingweb/www/laundry-go/vendor/pestphp/pest/bin/pest(215): {closure:/home/notfuad/ngodingweb/www/laundry-go/vendor/pestphp/pest/bin/pest:21}()
#87 {main}
"} 
[2026-09-24 22:50:09] local.ERROR: Call to a member function name() on array {"exception":"[object] (Error(code: 0): Call to a member function name() on array at /home/notfuad/ngodingweb/www/laundry-go/routes/web.php:59)
[stacktrace]
#0 /home/notfuad/ngodingweb/www/laundry-go/vendor/laravel/framework/src/Illuminate/Routing/Router.php(524): Illuminate\\Routing\\RouteFileRegistrar->{closure:{closure:/home/notfuad/ngodingweb/www/laundry-go/routes/web.php:51}:58}(Object(Illuminate\\Routing\\Router))
#1 /home/notfuad/ngodingweb/www/laundry-go/vendor/laravel/framework/src/Illuminate/Routing/Router.php(480): Illuminate\\Routing\\Router->loadRoutes(Object(Closure))
#2 /home/notfuad/ngodingweb/www/laundry-go/vendor/laravel/framework/src/Illuminate/Routing/RouteRegistrar.php(224): Illuminate\\Routing\\Router->group(Array, Object(Closure))
#3 /home/notfuad/ngodingweb/www/laundry-go/routes/web.php(58): Illuminate\\Routing\\RouteRegistrar->group(Object(Closure))
#4 /home/notfuad/ngodingweb/www/laundry-go/vendor/laravel/framework/src/Illuminate/Routing/Router.php(524): Illuminate\\Routing\\RouteFileRegistrar->{closure:/home/notfuad/ngodingweb/www/laundry-go/routes/web.php:51}(Object(Illuminate\\Routing\\Router))
#5 /home/notfuad/ngodingweb/www/laundry-go/vendor/laravel/framework/src/Illuminate/Routing/Router.php(480): Illuminate\\Routing\\Router->loadRoutes(Object(Closure))
#6 /home/notfuad/ngodingweb/www/laundry-go/vendor/laravel/framework/src/Illuminate/Routing/RouteRegistrar.php(224): Illuminate\\Routing\\Router->group(Array, Object(Closure))
#7 /home/notfuad/ngodingweb/www/laundry-go/routes/web.php(51): Illuminate\\Routing\\RouteRegistrar->group(Object(Closure))
#8 /home/notfuad/ngodingweb/www/laundry-go/vendor/laravel/framework/src/Illuminate/Routing/RouteFileRegistrar.php(34): require('/home/notfuad/n...')
#9 /home/notfuad/ngodingweb/www/laundry-go/vendor/laravel/framework/src/Illuminate/Routing/Router.php(526): Illuminate\\Routing\\RouteFileRegistrar->register('/home/notfuad/n...')
#10 /home/notfuad/ngodingweb/www/laundry-go/vendor/laravel/framework/src/Illuminate/Routing/Router.php(480): Illuminate\\Routing\\Router->loadRoutes('/home/notfuad/n...')
#11 /home/notfuad/ngodingweb/www/laundry-go/vendor/laravel/framework/src/Illuminate/Routing/RouteRegistrar.php(224): Illuminate\\Routing\\Router->group(Array, '/home/notfuad/n...')
#12 /home/notfuad/ngodingweb/www/laundry-go/vendor/laravel/framework/src/Illuminate/Foundation/Configuration/ApplicationBuilder.php(261): Illuminate\\Routing\\RouteRegistrar->group('/home/notfuad/n...')
#13 /home/notfuad/ngodingweb/www/laundry-go/vendor/laravel/framework/src/Illuminate/Container/BoundMethod.php(36): Illuminate\\Foundation\\Configuration\\ApplicationBuilder->{closure:Illuminate\\Foundation\\Configuration\\ApplicationBuilder::buildRoutingCallback():210}()
#14 /home/notfuad/ngodingweb/www/laundry-go/vendor/laravel/framework/src/Illuminate/Container/Util.php(43): Illuminate\\Container\\BoundMethod::{closure:Illuminate\\Container\\BoundMethod::call():35}()
#15 /home/notfuad/ngodingweb/www/laundry-go/vendor/laravel/framework/src/Illuminate/Container/BoundMethod.php(84): Illuminate\\Container\\Util::unwrapIfClosure(Object(Closure))
#16 /home/notfuad/ngodingweb/www/laundry-go/vendor/laravel/framework/src/Illuminate/Container/BoundMethod.php(35): Illuminate\\Container\\BoundMethod::callBoundMethod(Object(Illuminate\\Foundation\\Application), Object(Closure), Object(Closure))
#17 /home/notfuad/ngodingweb/www/laundry-go/vendor/laravel/framework/src/Illuminate/Container/Container.php(803): Illuminate\\Container\\BoundMethod::call(Object(Illuminate\\Foundation\\Application), Object(Closure), Array, NULL)
#18 /home/notfuad/ngodingweb/www/laundry-go/vendor/laravel/framework/src/Illuminate/Foundation/Support/Providers/RouteServiceProvider.php(162): Illuminate\\Container\\Container->call(Object(Closure))
#19 /home/notfuad/ngodingweb/www/laundry-go/vendor/laravel/framework/src/Illuminate/Foundation/Support/Providers/RouteServiceProvider.php(59): Illuminate\\Foundation\\Support\\Providers\\RouteServiceProvider->loadRoutes()
#20 /home/notfuad/ngodingweb/www/laundry-go/vendor/laravel/framework/src/Illuminate/Container/BoundMethod.php(36): Illuminate\\Foundation\\Support\\Providers\\RouteServiceProvider->{closure:Illuminate\\Foundation\\Support\\Providers\\RouteServiceProvider::register():53}()
#21 /home/notfuad/ngodingweb/www/laundry-go/vendor/laravel/framework/src/Illuminate/Container/Util.php(43): Illuminate\\Container\\BoundMethod::{closure:Illuminate\\Container\\BoundMethod::call():35}()
#22 /home/notfuad/ngodingweb/www/laundry-go/vendor/laravel/framework/src/Illuminate/Container/BoundMethod.php(84): Illuminate\\Container\\Util::unwrapIfClosure(Object(Closure))
#23 /home/notfuad/ngodingweb/www/laundry-go/vendor/laravel/framework/src/Illuminate/Container/BoundMethod.php(35): Illuminate\\Container\\BoundMethod::callBoundMethod(Object(Illuminate\\Foundation\\Application), Object(Closure), Object(Closure))
#24 /home/notfuad/ngodingweb/www/laundry-go/vendor/laravel/framework/src/Illuminate/Container/Container.php(803): Illuminate\\Container\\BoundMethod::call(Object(Illuminate\\Foundation\\Application), Object(Closure), Array, NULL)
#25 /home/notfuad/ngodingweb/www/laundry-go/vendor/laravel/framework/src/Illuminate/Support/ServiceProvider.php(150): Illuminate\\Container\\Container->call(Object(Closure))
#26 /home/notfuad/ngodingweb/www/laundry-go/vendor/laravel/framework/src/Illuminate/Foundation/Application.php(1161): Illuminate\\Support\\ServiceProvider->callBootedCallbacks()
#27 /home/notfuad/ngodingweb/www/laundry-go/vendor/laravel/framework/src/Illuminate/Foundation/Application.php(1139): Illuminate\\Foundation\\Application->bootProvider(Object(Illuminate\\Foundation\\Support\\Providers\\RouteServiceProvider))
#28 [internal function]: Illuminate\\Foundation\\Application->{closure:Illuminate\\Foundation\\Application::boot():1138}(Object(Illuminate\\Foundation\\Support\\Providers\\RouteServiceProvider), 'Illuminate\\\\Foun...')
#29 /home/notfuad/ngodingweb/www/laundry-go/vendor/laravel/framework/src/Illuminate/Foundation/Application.php(1138): array_walk(Array, Object(Closure))
#30 /home/notfuad/ngodingweb/www/laundry-go/vendor/laravel/framework/src/Illuminate/Foundation/Bootstrap/BootProviders.php(17): Illuminate\\Foundation\\Application->boot()
#31 /home/notfuad/ngodingweb/www/laundry-go/vendor/laravel/framework/src/Illuminate/Foundation/Application.php(349): Illuminate\\Foundation\\Bootstrap\\BootProviders->bootstrap(Object(Illuminate\\Foundation\\Application))
#32 /home/notfuad/ngodingweb/www/laundry-go/vendor/laravel/framework/src/Illuminate/Foundation/Console/Kernel.php(507): Illuminate\\Foundation\\Application->bootstrapWith(Array)
#33 /home/notfuad/ngodingweb/www/laundry-go/vendor/laravel/framework/src/Illuminate/Foundation/Console/Kernel.php(196): Illuminate\\Foundation\\Console\\Kernel->bootstrap()
#34 /home/notfuad/ngodingweb/www/laundry-go/vendor/laravel/framework/src/Illuminate/Foundation/Application.php(1242): Illuminate\\Foundation\\Console\\Kernel->handle(Object(Symfony\\Component\\Console\\Input\\ArgvInput), Object(Symfony\\Component\\Console\\Output\\ConsoleOutput))
#35 /home/notfuad/ngodingweb/www/laundry-go/artisan(16): Illuminate\\Foundation\\Application->handleCommand(Object(Symfony\\Component\\Console\\Input\\ArgvInput))
#36 {main}
"} 
[2026-09-24 22:50:17] local.ERROR: Call to a member function name() on array {"exception":"[object] (Error(code: 0): Call to a member function name() on array at /home/notfuad/ngodingweb/www/laundry-go/routes/web.php:59)
[stacktrace]
#0 /home/notfuad/ngodingweb/www/laundry-go/vendor/laravel/framework/src/Illuminate/Routing/Router.php(524): Illuminate\\Routing\\RouteFileRegistrar->{closure:{closure:/home/notfuad/ngodingweb/www/laundry-go/routes/web.php:51}:58}(Object(Illuminate\\Routing\\Router))
#1 /home/notfuad/ngodingweb/www/laundry-go/vendor/laravel/framework/src/Illuminate/Routing/Router.php(480): Illuminate\\Routing\\Router->loadRoutes(Object(Closure))
#2 /home/notfuad/ngodingweb/www/laundry-go/vendor/laravel/framework/src/Illuminate/Routing/RouteRegistrar.php(224): Illuminate\\Routing\\Router->group(Array, Object(Closure))
#3 /home/notfuad/ngodingweb/www/laundry-go/routes/web.php(58): Illuminate\\Routing\\RouteRegistrar->group(Object(Closure))
#4 /home/notfuad/ngodingweb/www/laundry-go/vendor/laravel/framework/src/Illuminate/Routing/Router.php(524): Illuminate\\Routing\\RouteFileRegistrar->{closure:/home/notfuad/ngodingweb/www/laundry-go/routes/web.php:51}(Object(Illuminate\\Routing\\Router))
#5 /home/notfuad/ngodingweb/www/laundry-go/vendor/laravel/framework/src/Illuminate/Routing/Router.php(480): Illuminate\\Routing\\Router->loadRoutes(Object(Closure))
#6 /home/notfuad/ngodingweb/www/laundry-go/vendor/laravel/framework/src/Illuminate/Routing/RouteRegistrar.php(224): Illuminate\\Routing\\Router->group(Array, Object(Closure))
#7 /home/notfuad/ngodingweb/www/laundry-go/routes/web.php(51): Illuminate\\Routing\\RouteRegistrar->group(Object(Closure))
#8 /home/notfuad/ngodingweb/www/laundry-go/vendor/laravel/framework/src/Illuminate/Routing/RouteFileRegistrar.php(34): require('/home/notfuad/n...')
#9 /home/notfuad/ngodingweb/www/laundry-go/vendor/laravel/framework/src/Illuminate/Routing/Router.php(526): Illuminate\\Routing\\RouteFileRegistrar->register('/home/notfuad/n...')
#10 /home/notfuad/ngodingweb/www/laundry-go/vendor/laravel/framework/src/Illuminate/Routing/Router.php(480): Illuminate\\Routing\\Router->loadRoutes('/home/notfuad/n...')
#11 /home/notfuad/ngodingweb/www/laundry-go/vendor/laravel/framework/src/Illuminate/Routing/RouteRegistrar.php(224): Illuminate\\Routing\\Router->group(Array, '/home/notfuad/n...')
#12 /home/notfuad/ngodingweb/www/laundry-go/vendor/laravel/framework/src/Illuminate/Foundation/Configuration/ApplicationBuilder.php(261): Illuminate\\Routing\\RouteRegistrar->group('/home/notfuad/n...')
#13 /home/notfuad/ngodingweb/www/laundry-go/vendor/laravel/framework/src/Illuminate/Container/BoundMethod.php(36): Illuminate\\Foundation\\Configuration\\ApplicationBuilder->{closure:Illuminate\\Foundation\\Configuration\\ApplicationBuilder::buildRoutingCallback():210}()
#14 /home/notfuad/ngodingweb/www/laundry-go/vendor/laravel/framework/src/Illuminate/Container/Util.php(43): Illuminate\\Container\\BoundMethod::{closure:Illuminate\\Container\\BoundMethod::call():35}()
#15 /home/notfuad/ngodingweb/www/laundry-go/vendor/laravel/framework/src/Illuminate/Container/BoundMethod.php(84): Illuminate\\Container\\Util::unwrapIfClosure(Object(Closure))
#16 /home/notfuad/ngodingweb/www/laundry-go/vendor/laravel/framework/src/Illuminate/Container/BoundMethod.php(35): Illuminate\\Container\\BoundMethod::callBoundMethod(Object(Illuminate\\Foundation\\Application), Object(Closure), Object(Closure))
#17 /home/notfuad/ngodingweb/www/laundry-go/vendor/laravel/framework/src/Illuminate/Container/Container.php(803): Illuminate\\Container\\BoundMethod::call(Object(Illuminate\\Foundation\\Application), Object(Closure), Array, NULL)
#18 /home/notfuad/ngodingweb/www/laundry-go/vendor/laravel/framework/src/Illuminate/Foundation/Support/Providers/RouteServiceProvider.php(162): Illuminate\\Container\\Container->call(Object(Closure))
#19 /home/notfuad/ngodingweb/www/laundry-go/vendor/laravel/framework/src/Illuminate/Foundation/Support/Providers/RouteServiceProvider.php(59): Illuminate\\Foundation\\Support\\Providers\\RouteServiceProvider->loadRoutes()
#20 /home/notfuad/ngodingweb/www/laundry-go/vendor/laravel/framework/src/Illuminate/Container/BoundMethod.php(36): Illuminate\\Foundation\\Support\\Providers\\RouteServiceProvider->{closure:Illuminate\\Foundation\\Support\\Providers\\RouteServiceProvider::register():53}()
#21 /home/notfuad/ngodingweb/www/laundry-go/vendor/laravel/framework/src/Illuminate/Container/Util.php(43): Illuminate\\Container\\BoundMethod::{closure:Illuminate\\Container\\BoundMethod::call():35}()
#22 /home/notfuad/ngodingweb/www/laundry-go/vendor/laravel/framework/src/Illuminate/Container/BoundMethod.php(84): Illuminate\\Container\\Util::unwrapIfClosure(Object(Closure))
#23 /home/notfuad/ngodingweb/www/laundry-go/vendor/laravel/framework/src/Illuminate/Container/BoundMethod.php(35): Illuminate\\Container\\BoundMethod::callBoundMethod(Object(Illuminate\\Foundation\\Application), Object(Closure), Object(Closure))
#24 /home/notfuad/ngodingweb/www/laundry-go/vendor/laravel/framework/src/Illuminate/Container/Container.php(803): Illuminate\\Container\\BoundMethod::call(Object(Illuminate\\Foundation\\Application), Object(Closure), Array, NULL)
#25 /home/notfuad/ngodingweb/www/laundry-go/vendor/laravel/framework/src/Illuminate/Support/ServiceProvider.php(150): Illuminate\\Container\\Container->call(Object(Closure))
#26 /home/notfuad/ngodingweb/www/laundry-go/vendor/laravel/framework/src/Illuminate/Foundation/Application.php(1161): Illuminate\\Support\\ServiceProvider->callBootedCallbacks()
#27 /home/notfuad/ngodingweb/www/laundry-go/vendor/laravel/framework/src/Illuminate/Foundation/Application.php(1139): Illuminate\\Foundation\\Application->bootProvider(Object(Illuminate\\Foundation\\Support\\Providers\\RouteServiceProvider))
#28 [internal function]: Illuminate\\Foundation\\Application->{closure:Illuminate\\Foundation\\Application::boot():1138}(Object(Illuminate\\Foundation\\Support\\Providers\\RouteServiceProvider), 'Illuminate\\\\Foun...')
#29 /home/notfuad/ngodingweb/www/laundry-go/vendor/laravel/framework/src/Illuminate/Foundation/Application.php(1138): array_walk(Array, Object(Closure))
#30 /home/notfuad/ngodingweb/www/laundry-go/vendor/laravel/framework/src/Illuminate/Foundation/Bootstrap/BootProviders.php(17): Illuminate\\Foundation\\Application->boot()
#31 /home/notfuad/ngodingweb/www/laundry-go/vendor/laravel/framework/src/Illuminate/Foundation/Application.php(349): Illuminate\\Foundation\\Bootstrap\\BootProviders->bootstrap(Object(Illuminate\\Foundation\\Application))
#32 /home/notfuad/ngodingweb/www/laundry-go/vendor/laravel/framework/src/Illuminate/Foundation/Console/Kernel.php(507): Illuminate\\Foundation\\Application->bootstrapWith(Array)
#33 /home/notfuad/ngodingweb/www/laundry-go/vendor/laravel/framework/src/Illuminate/Foundation/Console/Kernel.php(196): Illuminate\\Foundation\\Console\\Kernel->bootstrap()
#34 /home/notfuad/ngodingweb/www/laundry-go/vendor/laravel/framework/src/Illuminate/Foundation/Application.php(1242): Illuminate\\Foundation\\Console\\Kernel->handle(Object(Symfony\\Component\\Console\\Input\\ArgvInput), Object(Symfony\\Component\\Console\\Output\\ConsoleOutput))
#35 /home/notfuad/ngodingweb/www/laundry-go/artisan(16): Illuminate\\Foundation\\Application->handleCommand(Object(Symfony\\Component\\Console\\Input\\ArgvInput))
#36 {main}
"} 
[2026-09-25 04:49:05] local.ERROR: SQLSTATE[HY000] [1045] Access denied for user 'root'@'172.18.0.1' (using password: NO) (Connection: mysql, Host: 127.0.0.1, Port: 3306, Database: laravel, SQL: select * from `sessions` where `id` = FHxPMCe9CFIjXQgW0DGoMH2MsfwhRZkYyFI0EkTG limit 1) {"exception":"[object] (Illuminate\\Database\\QueryException(code: 1045): SQLSTATE[HY000] [1045] Access denied for user 'root'@'172.18.0.1' (using password: NO) (Connection: mysql, Host: 127.0.0.1, Port: 3306, Database: laravel, SQL: select * from `sessions` where `id` = FHxPMCe9CFIjXQgW0DGoMH2MsfwhRZkYyFI0EkTG limit 1) at /home/notfuad/ngodingweb/www/laundry-go/vendor/laravel/framework/src/Illuminate/Database/Connection.php:857)
[stacktrace]
#0 /home/notfuad/ngodingweb/www/laundry-go/vendor/laravel/framework/src/Illuminate/Database/Connection.php(1038): Illuminate\\Database\\Connection->runQueryCallback('select * from `...', Array, Object(Closure))
#1 /home/notfuad/ngodingweb/www/laundry-go/vendor/laravel/framework/src/Illuminate/Database/Connection.php(1017): Illuminate\\Database\\Connection->tryAgainIfCausedByLostConnection(Object(Illuminate\\Database\\QueryException), 'select * from `...', Array, Object(Closure))
#2 /home/notfuad/ngodingweb/www/laundry-go/vendor/laravel/framework/src/Illuminate/Database/Connection.php(815): Illuminate\\Database\\Connection->handleQueryException(Object(Illuminate\\Database\\QueryException), 'select * from `...', Array, Object(Closure))
#3 /home/notfuad/ngodingweb/www/laundry-go/vendor/laravel/framework/src/Illuminate/Database/Connection.php(426): Illuminate\\Database\\Connection->run('select * from `...', Array, Object(Closure))
#4 /home/notfuad/ngodingweb/www/laundry-go/vendor/laravel/framework/src/Illuminate/Database/Query/Builder.php(3631): Illuminate\\Database\\Connection->select('select * from `...', Array, false, Array)
#5 /home/notfuad/ngodingweb/www/laundry-go/vendor/laravel/framework/src/Illuminate/Database/Query/Builder.php(3615): Illuminate\\Database\\Query\\Builder->runSelect()
#6 /home/notfuad/ngodingweb/www/laundry-go/vendor/laravel/framework/src/Illuminate/Database/Concerns/BuildsQueries.php(408): Illuminate\\Database\\Query\\Builder->get(Array)
#7 /home/notfuad/ngodingweb/www/laundry-go/vendor/laravel/framework/src/Illuminate/Database/Query/Builder.php(3533): Illuminate\\Database\\Query\\Builder->first(Array)
#8 /home/notfuad/ngodingweb/www/laundry-go/vendor/laravel/framework/src/Illuminate/Session/DatabaseSessionHandler.php(117): Illuminate\\Database\\Query\\Builder->find('FHxPMCe9CFIjXQg...')
#9 /home/notfuad/ngodingweb/www/laundry-go/vendor/laravel/framework/src/Illuminate/Session/Store.php(128): Illuminate\\Session\\DatabaseSessionHandler->read('FHxPMCe9CFIjXQg...')
#10 /home/notfuad/ngodingweb/www/laundry-go/vendor/laravel/framework/src/Illuminate/Session/Store.php(116): Illuminate\\Session\\Store->readFromHandler()
#11 /home/notfuad/ngodingweb/www/laundry-go/vendor/laravel/framework/src/Illuminate/Session/Store.php(100): Illuminate\\Session\\Store->loadSession()
#12 /home/notfuad/ngodingweb/www/laundry-go/vendor/laravel/framework/src/Illuminate/Session/Middleware/StartSession.php(146): Illuminate\\Session\\Store->start()
#13 /home/notfuad/ngodingweb/www/laundry-go/vendor/laravel/framework/src/Illuminate/Support/helpers.php(393): Illuminate\\Session\\Middleware\\StartSession->{closure:Illuminate\\Session\\Middleware\\StartSession::startSession():143}(Object(Illuminate\\Session\\Store))
#14 /home/notfuad/ngodingweb/www/laundry-go/vendor/laravel/framework/src/Illuminate/Session/Middleware/StartSession.php(143): tap(Object(Illuminate\\Session\\Store), Object(Closure))
#15 /home/notfuad/ngodingweb/www/laundry-go/vendor/laravel/framework/src/Illuminate/Session/Middleware/StartSession.php(115): Illuminate\\Session\\Middleware\\StartSession->startSession(Object(Illuminate\\Http\\Request), Object(Illuminate\\Session\\Store))
#16 /home/notfuad/ngodingweb/www/laundry-go/vendor/laravel/framework/src/Illuminate/Session/Middleware/StartSession.php(63): Illuminate\\Session\\Middleware\\StartSession->handleStatefulRequest(Object(Illuminate\\Http\\Request), Object(Illuminate\\Session\\Store), Object(Closure))
#17 /home/notfuad/ngodingweb/www/laundry-go/vendor/laravel/framework/src/Illuminate/Pipeline/Pipeline.php(219): Illuminate\\Session\\Middleware\\StartSession->handle(Object(Illuminate\\Http\\Request), Object(Closure))
#18 /home/notfuad/ngodingweb/www/laundry-go/vendor/laravel/framework/src/Illuminate/Cookie/Middleware/AddQueuedCookiesToResponse.php(36): Illuminate\\Pipeline\\Pipeline->{closure:{closure:Illuminate\\Pipeline\\Pipeline::carry():194}:195}(Object(Illuminate\\Http\\Request))
#19 /home/notfuad/ngodingweb/www/laundry-go/vendor/laravel/framework/src/Illuminate/Pipeline/Pipeline.php(219): Illuminate\\Cookie\\Middleware\\AddQueuedCookiesToResponse->handle(Object(Illuminate\\Http\\Request), Object(Closure))
#20 /home/notfuad/ngodingweb/www/laundry-go/vendor/laravel/framework/src/Illuminate/Cookie/Middleware/EncryptCookies.php(74): Illuminate\\Pipeline\\Pipeline->{closure:{closure:Illuminate\\Pipeline\\Pipeline::carry():194}:195}(Object(Illuminate\\Http\\Request))
#21 /home/notfuad/ngodingweb/www/laundry-go/vendor/laravel/framework/src/Illuminate/Pipeline/Pipeline.php(219): Illuminate\\Cookie\\Middleware\\EncryptCookies->handle(Object(Illuminate\\Http\\Request), Object(Closure))
#22 /home/notfuad/ngodingweb/www/laundry-go/vendor/laravel/framework/src/Illuminate/Pipeline/Pipeline.php(137): Illuminate\\Pipeline\\Pipeline->{closure:{closure:Illuminate\\Pipeline\\Pipeline::carry():194}:195}(Object(Illuminate\\Http\\Request))
#23 /home/notfuad/ngodingweb/www/laundry-go/vendor/laravel/framework/src/Illuminate/Routing/Router.php(821): Illuminate\\Pipeline\\Pipeline->then(Object(Closure))
#24 /home/notfuad/ngodingweb/www/laundry-go/vendor/laravel/framework/src/Illuminate/Routing/Router.php(800): Illuminate\\Routing\\Router->runRouteWithinStack(Object(Illuminate\\Routing\\Route), Object(Illuminate\\Http\\Request))
#25 /home/notfuad/ngodingweb/www/laundry-go/vendor/laravel/framework/src/Illuminate/Routing/Router.php(764): Illuminate\\Routing\\Router->runRoute(Object(Illuminate\\Http\\Request), Object(Illuminate\\Routing\\Route))
#26 /home/notfuad/ngodingweb/www/laundry-go/vendor/laravel/framework/src/Illuminate/Routing/Router.php(753): Illuminate\\Routing\\Router->dispatchToRoute(Object(Illuminate\\Http\\Request))
#27 /home/notfuad/ngodingweb/www/laundry-go/vendor/laravel/framework/src/Illuminate/Foundation/Http/Kernel.php(200): Illuminate\\Routing\\Router->dispatch(Object(Illuminate\\Http\\Request))
#28 /home/notfuad/ngodingweb/www/laundry-go/vendor/laravel/framework/src/Illuminate/Pipeline/Pipeline.php(180): Illuminate\\Foundation\\Http\\Kernel->{closure:Illuminate\\Foundation\\Http\\Kernel::dispatchToRouter():197}(Object(Illuminate\\Http\\Request))
#29 /home/notfuad/ngodingweb/www/laundry-go/vendor/laravel/mcp/src/Server/Middleware/AddWwwAuthenticateHeader.php(21): Illuminate\\Pipeline\\Pipeline->{closure:Illuminate\\Pipeline\\Pipeline::prepareDestination():178}(Object(Illuminate\\Http\\Request))
#30 /home/notfuad/ngodingweb/www/laundry-go/vendor/laravel/framework/src/Illuminate/Pipeline/Pipeline.php(219): Laravel\\Mcp\\Server\\Middleware\\AddWwwAuthenticateHeader->handle(Object(Illuminate\\Http\\Request), Object(Closure))
#31 /home/notfuad/ngodingweb/www/laundry-go/vendor/laravel/framework/src/Illuminate/Foundation/Http/Middleware/TransformsRequest.php(21): Illuminate\\Pipeline\\Pipeline->{closure:{closure:Illuminate\\Pipeline\\Pipeline::carry():194}:195}(Object(Illuminate\\Http\\Request))
#32 /home/notfuad/ngodingweb/www/laundry-go/vendor/laravel/framework/src/Illuminate/Foundation/Http/Middleware/ConvertEmptyStringsToNull.php(31): Illuminate\\Foundation\\Http\\Middleware\\TransformsRequest->handle(Object(Illuminate\\Http\\Request), Object(Closure))
#33 /home/notfuad/ngodingweb/www/laundry-go/vendor/laravel/framework/src/Illuminate/Pipeline/Pipeline.php(219): Illuminate\\Foundation\\Http\\Middleware\\ConvertEmptyStringsToNull->handle(Object(Illuminate\\Http\\Request), Object(Closure))
#34 /home/notfuad/ngodingweb/www/laundry-go/vendor/laravel/framework/src/Illuminate/Foundation/Http/Middleware/TransformsRequest.php(21): Illuminate\\Pipeline\\Pipeline->{closure:{closure:Illuminate\\Pipeline\\Pipeline::carry():194}:195}(Object(Illuminate\\Http\\Request))
#35 /home/notfuad/ngodingweb/www/laundry-go/vendor/laravel/framework/src/Illuminate/Foundation/Http/Middleware/TrimStrings.php(51): Illuminate\\Foundation\\Http\\Middleware\\TransformsRequest->handle(Object(Illuminate\\Http\\Request), Object(Closure))
#36 /home/notfuad/ngodingweb/www/laundry-go/vendor/laravel/framework/src/Illuminate/Pipeline/Pipeline.php(219): Illuminate\\Foundation\\Http\\Middleware\\TrimStrings->handle(Object(Illuminate\\Http\\Request), Object(Closure))
#37 /home/notfuad/ngodingweb/www/laundry-go/vendor/laravel/framework/src/Illuminate/Http/Middleware/ValidatePostSize.php(27): Illuminate\\Pipeline\\Pipeline->{closure:{closure:Illuminate\\Pipeline\\Pipeline::carry():194}:195}(Object(Illuminate\\Http\\Request))
#38 /home/notfuad/ngodingweb/www/laundry-go/vendor/laravel/framework/src/Illuminate/Pipeline/Pipeline.php(219): Illuminate\\Http\\Middleware\\ValidatePostSize->handle(Object(Illuminate\\Http\\Request), Object(Closure))
#39 /home/notfuad/ngodingweb/www/laundry-go/vendor/laravel/framework/src/Illuminate/Foundation/Http/Middleware/PreventRequestsDuringMaintenance.php(110): Illuminate\\Pipeline\\Pipeline->{closure:{closure:Illuminate\\Pipeline\\Pipeline::carry():194}:195}(Object(Illuminate\\Http\\Request))
#40 /home/notfuad/ngodingweb/www/laundry-go/vendor/laravel/framework/src/Illuminate/Pipeline/Pipeline.php(219): Illuminate\\Foundation\\Http\\Middleware\\PreventRequestsDuringMaintenance->handle(Object(Illuminate\\Http\\Request), Object(Closure))
#41 /home/notfuad/ngodingweb/www/laundry-go/vendor/laravel/framework/src/Illuminate/Http/Middleware/HandleCors.php(61): Illuminate\\Pipeline\\Pipeline->{closure:{closure:Illuminate\\Pipeline\\Pipeline::carry():194}:195}(Object(Illuminate\\Http\\Request))
#42 /home/notfuad/ngodingweb/www/laundry-go/vendor/laravel/framework/src/Illuminate/Pipeline/Pipeline.php(219): Illuminate\\Http\\Middleware\\HandleCors->handle(Object(Illuminate\\Http\\Request), Object(Closure))
#43 /home/notfuad/ngodingweb/www/laundry-go/vendor/laravel/framework/src/Illuminate/Http/Middleware/TrustProxies.php(58): Illuminate\\Pipeline\\Pipeline->{closure:{closure:Illuminate\\Pipeline\\Pipeline::carry():194}:195}(Object(Illuminate\\Http\\Request))
#44 /home/notfuad/ngodingweb/www/laundry-go/vendor/laravel/framework/src/Illuminate/Pipeline/Pipeline.php(219): Illuminate\\Http\\Middleware\\TrustProxies->handle(Object(Illuminate\\Http\\Request), Object(Closure))
#45 /home/notfuad/ngodingweb/www/laundry-go/vendor/laravel/framework/src/Illuminate/Foundation/Http/Middleware/InvokeDeferredCallbacks.php(22): Illuminate\\Pipeline\\Pipeline->{closure:{closure:Illuminate\\Pipeline\\Pipeline::carry():194}:195}(Object(Illuminate\\Http\\Request))
#46 /home/notfuad/ngodingweb/www/laundry-go/vendor/laravel/framework/src/Illuminate/Pipeline/Pipeline.php(219): Illuminate\\Foundation\\Http\\Middleware\\InvokeDeferredCallbacks->handle(Object(Illuminate\\Http\\Request), Object(Closure))
#47 /home/notfuad/ngodingweb/www/laundry-go/vendor/laravel/framework/src/Illuminate/Http/Middleware/ValidatePathEncoding.php(28): Illuminate\\Pipeline\\Pipeline->{closure:{closure:Illuminate\\Pipeline\\Pipeline::carry():194}:195}(Object(Illuminate\\Http\\Request))
#48 /home/notfuad/ngodingweb/www/laundry-go/vendor/laravel/framework/src/Illuminate/Pipeline/Pipeline.php(219): Illuminate\\Http\\Middleware\\ValidatePathEncoding->handle(Object(Illuminate\\Http\\Request), Object(Closure))
#49 /home/notfuad/ngodingweb/www/laundry-go/vendor/laravel/framework/src/Illuminate/Pipeline/Pipeline.php(137): Illuminate\\Pipeline\\Pipeline->{closure:{closure:Illuminate\\Pipeline\\Pipeline::carry():194}:195}(Object(Illuminate\\Http\\Request))
#50 /home/notfuad/ngodingweb/www/laundry-go/vendor/laravel/framework/src/Illuminate/Foundation/Http/Kernel.php(175): Illuminate\\Pipeline\\Pipeline->then(Object(Closure))
#51 /home/notfuad/ngodingweb/www/laundry-go/vendor/laravel/framework/src/Illuminate/Foundation/Http/Kernel.php(144): Illuminate\\Foundation\\Http\\Kernel->sendRequestThroughRouter(Object(Illuminate\\Http\\Request))
#52 /home/notfuad/ngodingweb/www/laundry-go/vendor/laravel/framework/src/Illuminate/Foundation/Application.php(1227): Illuminate\\Foundation\\Http\\Kernel->handle(Object(Illuminate\\Http\\Request))
#53 /home/notfuad/ngodingweb/www/laundry-go/public/index.php(20): Illuminate\\Foundation\\Application->handleRequest(Object(Illuminate\\Http\\Request))
#54 /home/notfuad/ngodingweb/www/laundry-go/vendor/laravel/framework/src/Illuminate/Foundation/resources/server.php(23): require_once('/home/notfuad/n...')
#55 {main}

[previous exception] [object] (PDOException(code: 1045): SQLSTATE[HY000] [1045] Access denied for user 'root'@'172.18.0.1' (using password: NO) at /home/notfuad/ngodingweb/www/laundry-go/vendor/laravel/framework/src/Illuminate/Database/Connectors/Connector.php:67)
[stacktrace]
#0 /home/notfuad/ngodingweb/www/laundry-go/vendor/laravel/framework/src/Illuminate/Database/Connectors/Connector.php(67): PDO::connect('mysql:host=127....', 'root', Object(SensitiveParameterValue), Array)
#1 /home/notfuad/ngodingweb/www/laundry-go/vendor/laravel/framework/src/Illuminate/Database/Connectors/Connector.php(85): Illuminate\\Database\\Connectors\\Connector->createPdoConnection('mysql:host=127....', 'root', Object(SensitiveParameterValue), Array)
#2 /home/notfuad/ngodingweb/www/laundry-go/vendor/laravel/framework/src/Illuminate/Database/Connectors/Connector.php(48): Illuminate\\Database\\Connectors\\Connector->tryAgainIfCausedByLostConnection(Object(PDOException), 'mysql:host=127....', 'root', Object(SensitiveParameterValue), Array)
#3 /home/notfuad/ngodingweb/www/laundry-go/vendor/laravel/framework/src/Illuminate/Database/Connectors/MySqlConnector.php(24): Illuminate\\Database\\Connectors\\Connector->createConnection('mysql:host=127....', Array, Array)
#4 /home/notfuad/ngodingweb/www/laundry-go/vendor/laravel/framework/src/Illuminate/Database/Connectors/ConnectionFactory.php(220): Illuminate\\Database\\Connectors\\MySqlConnector->connect(Array)
#5 [internal function]: Illuminate\\Database\\Connectors\\ConnectionFactory->{closure:Illuminate\\Database\\Connectors\\ConnectionFactory::createPdoResolverWithHosts():213}()
#6 /home/notfuad/ngodingweb/www/laundry-go/vendor/laravel/framework/src/Illuminate/Database/Connection.php(1298): call_user_func(Object(Closure))
#7 /home/notfuad/ngodingweb/www/laundry-go/vendor/laravel/framework/src/Illuminate/Database/Connection.php(542): Illuminate\\Database\\Connection->getPdo()
#8 /home/notfuad/ngodingweb/www/laundry-go/vendor/laravel/framework/src/Illuminate/Database/Connection.php(435): Illuminate\\Database\\Connection->getPdoForSelect(false)
#9 /home/notfuad/ngodingweb/www/laundry-go/vendor/laravel/framework/src/Illuminate/Database/Connection.php(846): Illuminate\\Database\\Connection->{closure:Illuminate\\Database\\Connection::select():426}('select * from `...', Array)
#10 /home/notfuad/ngodingweb/www/laundry-go/vendor/laravel/framework/src/Illuminate/Database/Connection.php(1038): Illuminate\\Database\\Connection->runQueryCallback('select * from `...', Array, Object(Closure))
#11 /home/notfuad/ngodingweb/www/laundry-go/vendor/laravel/framework/src/Illuminate/Database/Connection.php(1017): Illuminate\\Database\\Connection->tryAgainIfCausedByLostConnection(Object(Illuminate\\Database\\QueryException), 'select * from `...', Array, Object(Closure))
#12 /home/notfuad/ngodingweb/www/laundry-go/vendor/laravel/framework/src/Illuminate/Database/Connection.php(815): Illuminate\\Database\\Connection->handleQueryException(Object(Illuminate\\Database\\QueryException), 'select * from `...', Array, Object(Closure))
#13 /home/notfuad/ngodingweb/www/laundry-go/vendor/laravel/framework/src/Illuminate/Database/Connection.php(426): Illuminate\\Database\\Connection->run('select * from `...', Array, Object(Closure))
#14 /home/notfuad/ngodingweb/www/laundry-go/vendor/laravel/framework/src/Illuminate/Database/Query/Builder.php(3631): Illuminate\\Database\\Connection->select('select * from `...', Array, false, Array)
#15 /home/notfuad/ngodingweb/www/laundry-go/vendor/laravel/framework/src/Illuminate/Database/Query/Builder.php(3615): Illuminate\\Database\\Query\\Builder->runSelect()
#16 /home/notfuad/ngodingweb/www/laundry-go/vendor/laravel/framework/src/Illuminate/Database/Concerns/BuildsQueries.php(408): Illuminate\\Database\\Query\\Builder->get(Array)
#17 /home/notfuad/ngodingweb/www/laundry-go/vendor/laravel/framework/src/Illuminate/Database/Query/Builder.php(3533): Illuminate\\Database\\Query\\Builder->first(Array)
#18 /home/notfuad/ngodingweb/www/laundry-go/vendor/laravel/framework/src/Illuminate/Session/DatabaseSessionHandler.php(117): Illuminate\\Database\\Query\\Builder->find('FHxPMCe9CFIjXQg...')
#19 /home/notfuad/ngodingweb/www/laundry-go/vendor/laravel/framework/src/Illuminate/Session/Store.php(128): Illuminate\\Session\\DatabaseSessionHandler->read('FHxPMCe9CFIjXQg...')
#20 /home/notfuad/ngodingweb/www/laundry-go/vendor/laravel/framework/src/Illuminate/Session/Store.php(116): Illuminate\\Session\\Store->readFromHandler()
#21 /home/notfuad/ngodingweb/www/laundry-go/vendor/laravel/framework/src/Illuminate/Session/Store.php(100): Illuminate\\Session\\Store->loadSession()
#22 /home/notfuad/ngodingweb/www/laundry-go/vendor/laravel/framework/src/Illuminate/Session/Middleware/StartSession.php(146): Illuminate\\Session\\Store->start()
#23 /home/notfuad/ngodingweb/www/laundry-go/vendor/laravel/framework/src/Illuminate/Support/helpers.php(393): Illuminate\\Session\\Middleware\\StartSession->{closure:Illuminate\\Session\\Middleware\\StartSession::startSession():143}(Object(Illuminate\\Session\\Store))
#24 /home/notfuad/ngodingweb/www/laundry-go/vendor/laravel/framework/src/Illuminate/Session/Middleware/StartSession.php(143): tap(Object(Illuminate\\Session\\Store), Object(Closure))
#25 /home/notfuad/ngodingweb/www/laundry-go/vendor/laravel/framework/src/Illuminate/Session/Middleware/StartSession.php(115): Illuminate\\Session\\Middleware\\StartSession->startSession(Object(Illuminate\\Http\\Request), Object(Illuminate\\Session\\Store))
#26 /home/notfuad/ngodingweb/www/laundry-go/vendor/laravel/framework/src/Illuminate/Session/Middleware/StartSession.php(63): Illuminate\\Session\\Middleware\\StartSession->handleStatefulRequest(Object(Illuminate\\Http\\Request), Object(Illuminate\\Session\\Store), Object(Closure))
#27 /home/notfuad/ngodingweb/www/laundry-go/vendor/laravel/framework/src/Illuminate/Pipeline/Pipeline.php(219): Illuminate\\Session\\Middleware\\StartSession->handle(Object(Illuminate\\Http\\Request), Object(Closure))
#28 /home/notfuad/ngodingweb/www/laundry-go/vendor/laravel/framework/src/Illuminate/Cookie/Middleware/AddQueuedCookiesToResponse.php(36): Illuminate\\Pipeline\\Pipeline->{closure:{closure:Illuminate\\Pipeline\\Pipeline::carry():194}:195}(Object(Illuminate\\Http\\Request))
#29 /home/notfuad/ngodingweb/www/laundry-go/vendor/laravel/framework/src/Illuminate/Pipeline/Pipeline.php(219): Illuminate\\Cookie\\Middleware\\AddQueuedCookiesToResponse->handle(Object(Illuminate\\Http\\Request), Object(Closure))
#30 /home/notfuad/ngodingweb/www/laundry-go/vendor/laravel/framework/src/Illuminate/Cookie/Middleware/EncryptCookies.php(74): Illuminate\\Pipeline\\Pipeline->{closure:{closure:Illuminate\\Pipeline\\Pipeline::carry():194}:195}(Object(Illuminate\\Http\\Request))
#31 /home/notfuad/ngodingweb/www/laundry-go/vendor/laravel/framework/src/Illuminate/Pipeline/Pipeline.php(219): Illuminate\\Cookie\\Middleware\\EncryptCookies->handle(Object(Illuminate\\Http\\Request), Object(Closure))
#32 /home/notfuad/ngodingweb/www/laundry-go/vendor/laravel/framework/src/Illuminate/Pipeline/Pipeline.php(137): Illuminate\\Pipeline\\Pipeline->{closure:{closure:Illuminate\\Pipeline\\Pipeline::carry():194}:195}(Object(Illuminate\\Http\\Request))
#33 /home/notfuad/ngodingweb/www/laundry-go/vendor/laravel/framework/src/Illuminate/Routing/Router.php(821): Illuminate\\Pipeline\\Pipeline->then(Object(Closure))
#34 /home/notfuad/ngodingweb/www/laundry-go/vendor/laravel/framework/src/Illuminate/Routing/Router.php(800): Illuminate\\Routing\\Router->runRouteWithinStack(Object(Illuminate\\Routing\\Route), Object(Illuminate\\Http\\Request))
#35 /home/notfuad/ngodingweb/www/laundry-go/vendor/laravel/framework/src/Illuminate/Routing/Router.php(764): Illuminate\\Routing\\Router->runRoute(Object(Illuminate\\Http\\Request), Object(Illuminate\\Routing\\Route))
#36 /home/notfuad/ngodingweb/www/laundry-go/vendor/laravel/framework/src/Illuminate/Routing/Router.php(753): Illuminate\\Routing\\Router->dispatchToRoute(Object(Illuminate\\Http\\Request))
#37 /home/notfuad/ngodingweb/www/laundry-go/vendor/laravel/framework/src/Illuminate/Foundation/Http/Kernel.php(200): Illuminate\\Routing\\Router->dispatch(Object(Illuminate\\Http\\Request))
#38 /home/notfuad/ngodingweb/www/laundry-go/vendor/laravel/framework/src/Illuminate/Pipeline/Pipeline.php(180): Illuminate\\Foundation\\Http\\Kernel->{closure:Illuminate\\Foundation\\Http\\Kernel::dispatchToRouter():197}(Object(Illuminate\\Http\\Request))
#39 /home/notfuad/ngodingweb/www/laundry-go/vendor/laravel/mcp/src/Server/Middleware/AddWwwAuthenticateHeader.php(21): Illuminate\\Pipeline\\Pipeline->{closure:Illuminate\\Pipeline\\Pipeline::prepareDestination():178}(Object(Illuminate\\Http\\Request))
#40 /home/notfuad/ngodingweb/www/laundry-go/vendor/laravel/framework/src/Illuminate/Pipeline/Pipeline.php(219): Laravel\\Mcp\\Server\\Middleware\\AddWwwAuthenticateHeader->handle(Object(Illuminate\\Http\\Request), Object(Closure))
#41 /home/notfuad/ngodingweb/www/laundry-go/vendor/laravel/framework/src/Illuminate/Foundation/Http/Middleware/TransformsRequest.php(21): Illuminate\\Pipeline\\Pipeline->{closure:{closure:Illuminate\\Pipeline\\Pipeline::carry():194}:195}(Object(Illuminate\\Http\\Request))
#42 /home/notfuad/ngodingweb/www/laundry-go/vendor/laravel/framework/src/Illuminate/Foundation/Http/Middleware/ConvertEmptyStringsToNull.php(31): Illuminate\\Foundation\\Http\\Middleware\\TransformsRequest->handle(Object(Illuminate\\Http\\Request), Object(Closure))
#43 /home/notfuad/ngodingweb/www/laundry-go/vendor/laravel/framework/src/Illuminate/Pipeline/Pipeline.php(219): Illuminate\\Foundation\\Http\\Middleware\\ConvertEmptyStringsToNull->handle(Object(Illuminate\\Http\\Request), Object(Closure))
#44 /home/notfuad/ngodingweb/www/laundry-go/vendor/laravel/framework/src/Illuminate/Foundation/Http/Middleware/TransformsRequest.php(21): Illuminate\\Pipeline\\Pipeline->{closure:{closure:Illuminate\\Pipeline\\Pipeline::carry():194}:195}(Object(Illuminate\\Http\\Request))
#45 /home/notfuad/ngodingweb/www/laundry-go/vendor/laravel/framework/src/Illuminate/Foundation/Http/Middleware/TrimStrings.php(51): Illuminate\\Foundation\\Http\\Middleware\\TransformsRequest->handle(Object(Illuminate\\Http\\Request), Object(Closure))
#46 /home/notfuad/ngodingweb/www/laundry-go/vendor/laravel/framework/src/Illuminate/Pipeline/Pipeline.php(219): Illuminate\\Foundation\\Http\\Middleware\\TrimStrings->handle(Object(Illuminate\\Http\\Request), Object(Closure))
#47 /home/notfuad/ngodingweb/www/laundry-go/vendor/laravel/framework/src/Illuminate/Http/Middleware/ValidatePostSize.php(27): Illuminate\\Pipeline\\Pipeline->{closure:{closure:Illuminate\\Pipeline\\Pipeline::carry():194}:195}(Object(Illuminate\\Http\\Request))
#48 /home/notfuad/ngodingweb/www/laundry-go/vendor/laravel/framework/src/Illuminate/Pipeline/Pipeline.php(219): Illuminate\\Http\\Middleware\\ValidatePostSize->handle(Object(Illuminate\\Http\\Request), Object(Closure))
#49 /home/notfuad/ngodingweb/www/laundry-go/vendor/laravel/framework/src/Illuminate/Foundation/Http/Middleware/PreventRequestsDuringMaintenance.php(110): Illuminate\\Pipeline\\Pipeline->{closure:{closure:Illuminate\\Pipeline\\Pipeline::carry():194}:195}(Object(Illuminate\\Http\\Request))
#50 /home/notfuad/ngodingweb/www/laundry-go/vendor/laravel/framework/src/Illuminate/Pipeline/Pipeline.php(219): Illuminate\\Foundation\\Http\\Middleware\\PreventRequestsDuringMaintenance->handle(Object(Illuminate\\Http\\Request), Object(Closure))
#51 /home/notfuad/ngodingweb/www/laundry-go/vendor/laravel/framework/src/Illuminate/Http/Middleware/HandleCors.php(61): Illuminate\\Pipeline\\Pipeline->{closure:{closure:Illuminate\\Pipeline\\Pipeline::carry():194}:195}(Object(Illuminate\\Http\\Request))
#52 /home/notfuad/ngodingweb/www/laundry-go/vendor/laravel/framework/src/Illuminate/Pipeline/Pipeline.php(219): Illuminate\\Http\\Middleware\\HandleCors->handle(Object(Illuminate\\Http\\Request), Object(Closure))
#53 /home/notfuad/ngodingweb/www/laundry-go/vendor/laravel/framework/src/Illuminate/Http/Middleware/TrustProxies.php(58): Illuminate\\Pipeline\\Pipeline->{closure:{closure:Illuminate\\Pipeline\\Pipeline::carry():194}:195}(Object(Illuminate\\Http\\Request))
#54 /home/notfuad/ngodingweb/www/laundry-go/vendor/laravel/framework/src/Illuminate/Pipeline/Pipeline.php(219): Illuminate\\Http\\Middleware\\TrustProxies->handle(Object(Illuminate\\Http\\Request), Object(Closure))
#55 /home/notfuad/ngodingweb/www/laundry-go/vendor/laravel/framework/src/Illuminate/Foundation/Http/Middleware/InvokeDeferredCallbacks.php(22): Illuminate\\Pipeline\\Pipeline->{closure:{closure:Illuminate\\Pipeline\\Pipeline::carry():194}:195}(Object(Illuminate\\Http\\Request))
#56 /home/notfuad/ngodingweb/www/laundry-go/vendor/laravel/framework/src/Illuminate/Pipeline/Pipeline.php(219): Illuminate\\Foundation\\Http\\Middleware\\InvokeDeferredCallbacks->handle(Object(Illuminate\\Http\\Request), Object(Closure))
#57 /home/notfuad/ngodingweb/www/laundry-go/vendor/laravel/framework/src/Illuminate/Http/Middleware/ValidatePathEncoding.php(28): Illuminate\\Pipeline\\Pipeline->{closure:{closure:Illuminate\\Pipeline\\Pipeline::carry():194}:195}(Object(Illuminate\\Http\\Request))
#58 /home/notfuad/ngodingweb/www/laundry-go/vendor/laravel/framework/src/Illuminate/Pipeline/Pipeline.php(219): Illuminate\\Http\\Middleware\\ValidatePathEncoding->handle(Object(Illuminate\\Http\\Request), Object(Closure))
#59 /home/notfuad/ngodingweb/www/laundry-go/vendor/laravel/framework/src/Illuminate/Pipeline/Pipeline.php(137): Illuminate\\Pipeline\\Pipeline->{closure:{closure:Illuminate\\Pipeline\\Pipeline::carry():194}:195}(Object(Illuminate\\Http\\Request))
#60 /home/notfuad/ngodingweb/www/laundry-go/vendor/laravel/framework/src/Illuminate/Foundation/Http/Kernel.php(175): Illuminate\\Pipeline\\Pipeline->then(Object(Closure))
#61 /home/notfuad/ngodingweb/www/laundry-go/vendor/laravel/framework/src/Illuminate/Foundation/Http/Kernel.php(144): Illuminate\\Foundation\\Http\\Kernel->sendRequestThroughRouter(Object(Illuminate\\Http\\Request))
#62 /home/notfuad/ngodingweb/www/laundry-go/vendor/laravel/framework/src/Illuminate/Foundation/Application.php(1227): Illuminate\\Foundation\\Http\\Kernel->handle(Object(Illuminate\\Http\\Request))
#63 /home/notfuad/ngodingweb/www/laundry-go/public/index.php(20): Illuminate\\Foundation\\Application->handleRequest(Object(Illuminate\\Http\\Request))
#64 /home/notfuad/ngodingweb/www/laundry-go/vendor/laravel/framework/src/Illuminate/Foundation/resources/server.php(23): require_once('/home/notfuad/n...')
#65 {main}
"} 
[2026-09-25 04:49:15] local.ERROR: SQLSTATE[HY000] [1045] Access denied for user 'root'@'172.18.0.1' (using password: NO) (Connection: mysql, Host: 127.0.0.1, Port: 3306, Database: laravel, SQL: select * from `sessions` where `id` = FHxPMCe9CFIjXQgW0DGoMH2MsfwhRZkYyFI0EkTG limit 1) {"exception":"[object] (Illuminate\\Database\\QueryException(code: 1045): SQLSTATE[HY000] [1045] Access denied for user 'root'@'172.18.0.1' (using password: NO) (Connection: mysql, Host: 127.0.0.1, Port: 3306, Database: laravel, SQL: select * from `sessions` where `id` = FHxPMCe9CFIjXQgW0DGoMH2MsfwhRZkYyFI0EkTG limit 1) at /home/notfuad/ngodingweb/www/laundry-go/vendor/laravel/framework/src/Illuminate/Database/Connection.php:857)
[stacktrace]
#0 /home/notfuad/ngodingweb/www/laundry-go/vendor/laravel/framework/src/Illuminate/Database/Connection.php(1038): Illuminate\\Database\\Connection->runQueryCallback('select * from `...', Array, Object(Closure))
#1 /home/notfuad/ngodingweb/www/laundry-go/vendor/laravel/framework/src/Illuminate/Database/Connection.php(1017): Illuminate\\Database\\Connection->tryAgainIfCausedByLostConnection(Object(Illuminate\\Database\\QueryException), 'select * from `...', Array, Object(Closure))
#2 /home/notfuad/ngodingweb/www/laundry-go/vendor/laravel/framework/src/Illuminate/Database/Connection.php(815): Illuminate\\Database\\Connection->handleQueryException(Object(Illuminate\\Database\\QueryException), 'select * from `...', Array, Object(Closure))
#3 /home/notfuad/ngodingweb/www/laundry-go/vendor/laravel/framework/src/Illuminate/Database/Connection.php(426): Illuminate\\Database\\Connection->run('select * from `...', Array, Object(Closure))
#4 /home/notfuad/ngodingweb/www/laundry-go/vendor/laravel/framework/src/Illuminate/Database/Query/Builder.php(3631): Illuminate\\Database\\Connection->select('select * from `...', Array, false, Array)
#5 /home/notfuad/ngodingweb/www/laundry-go/vendor/laravel/framework/src/Illuminate/Database/Query/Builder.php(3615): Illuminate\\Database\\Query\\Builder->runSelect()
#6 /home/notfuad/ngodingweb/www/laundry-go/vendor/laravel/framework/src/Illuminate/Database/Concerns/BuildsQueries.php(408): Illuminate\\Database\\Query\\Builder->get(Array)
#7 /home/notfuad/ngodingweb/www/laundry-go/vendor/laravel/framework/src/Illuminate/Database/Query/Builder.php(3533): Illuminate\\Database\\Query\\Builder->first(Array)
#8 /home/notfuad/ngodingweb/www/laundry-go/vendor/laravel/framework/src/Illuminate/Session/DatabaseSessionHandler.php(117): Illuminate\\Database\\Query\\Builder->find('FHxPMCe9CFIjXQg...')
#9 /home/notfuad/ngodingweb/www/laundry-go/vendor/laravel/framework/src/Illuminate/Session/Store.php(128): Illuminate\\Session\\DatabaseSessionHandler->read('FHxPMCe9CFIjXQg...')
#10 /home/notfuad/ngodingweb/www/laundry-go/vendor/laravel/framework/src/Illuminate/Session/Store.php(116): Illuminate\\Session\\Store->readFromHandler()
#11 /home/notfuad/ngodingweb/www/laundry-go/vendor/laravel/framework/src/Illuminate/Session/Store.php(100): Illuminate\\Session\\Store->loadSession()
#12 /home/notfuad/ngodingweb/www/laundry-go/vendor/laravel/framework/src/Illuminate/Session/Middleware/StartSession.php(146): Illuminate\\Session\\Store->start()
#13 /home/notfuad/ngodingweb/www/laundry-go/vendor/laravel/framework/src/Illuminate/Support/helpers.php(393): Illuminate\\Session\\Middleware\\StartSession->{closure:Illuminate\\Session\\Middleware\\StartSession::startSession():143}(Object(Illuminate\\Session\\Store))
#14 /home/notfuad/ngodingweb/www/laundry-go/vendor/laravel/framework/src/Illuminate/Session/Middleware/StartSession.php(143): tap(Object(Illuminate\\Session\\Store), Object(Closure))
#15 /home/notfuad/ngodingweb/www/laundry-go/vendor/laravel/framework/src/Illuminate/Session/Middleware/StartSession.php(115): Illuminate\\Session\\Middleware\\StartSession->startSession(Object(Illuminate\\Http\\Request), Object(Illuminate\\Session\\Store))
#16 /home/notfuad/ngodingweb/www/laundry-go/vendor/laravel/framework/src/Illuminate/Session/Middleware/StartSession.php(63): Illuminate\\Session\\Middleware\\StartSession->handleStatefulRequest(Object(Illuminate\\Http\\Request), Object(Illuminate\\Session\\Store), Object(Closure))
#17 /home/notfuad/ngodingweb/www/laundry-go/vendor/laravel/framework/src/Illuminate/Pipeline/Pipeline.php(219): Illuminate\\Session\\Middleware\\StartSession->handle(Object(Illuminate\\Http\\Request), Object(Closure))
#18 /home/notfuad/ngodingweb/www/laundry-go/vendor/laravel/framework/src/Illuminate/Cookie/Middleware/AddQueuedCookiesToResponse.php(36): Illuminate\\Pipeline\\Pipeline->{closure:{closure:Illuminate\\Pipeline\\Pipeline::carry():194}:195}(Object(Illuminate\\Http\\Request))
#19 /home/notfuad/ngodingweb/www/laundry-go/vendor/laravel/framework/src/Illuminate/Pipeline/Pipeline.php(219): Illuminate\\Cookie\\Middleware\\AddQueuedCookiesToResponse->handle(Object(Illuminate\\Http\\Request), Object(Closure))
#20 /home/notfuad/ngodingweb/www/laundry-go/vendor/laravel/framework/src/Illuminate/Cookie/Middleware/EncryptCookies.php(74): Illuminate\\Pipeline\\Pipeline->{closure:{closure:Illuminate\\Pipeline\\Pipeline::carry():194}:195}(Object(Illuminate\\Http\\Request))
#21 /home/notfuad/ngodingweb/www/laundry-go/vendor/laravel/framework/src/Illuminate/Pipeline/Pipeline.php(219): Illuminate\\Cookie\\Middleware\\EncryptCookies->handle(Object(Illuminate\\Http\\Request), Object(Closure))
#22 /home/notfuad/ngodingweb/www/laundry-go/vendor/laravel/framework/src/Illuminate/Pipeline/Pipeline.php(137): Illuminate\\Pipeline\\Pipeline->{closure:{closure:Illuminate\\Pipeline\\Pipeline::carry():194}:195}(Object(Illuminate\\Http\\Request))
#23 /home/notfuad/ngodingweb/www/laundry-go/vendor/laravel/framework/src/Illuminate/Routing/Router.php(821): Illuminate\\Pipeline\\Pipeline->then(Object(Closure))
#24 /home/notfuad/ngodingweb/www/laundry-go/vendor/laravel/framework/src/Illuminate/Routing/Router.php(800): Illuminate\\Routing\\Router->runRouteWithinStack(Object(Illuminate\\Routing\\Route), Object(Illuminate\\Http\\Request))
#25 /home/notfuad/ngodingweb/www/laundry-go/vendor/laravel/framework/src/Illuminate/Routing/Router.php(764): Illuminate\\Routing\\Router->runRoute(Object(Illuminate\\Http\\Request), Object(Illuminate\\Routing\\Route))
#26 /home/notfuad/ngodingweb/www/laundry-go/vendor/laravel/framework/src/Illuminate/Routing/Router.php(753): Illuminate\\Routing\\Router->dispatchToRoute(Object(Illuminate\\Http\\Request))
#27 /home/notfuad/ngodingweb/www/laundry-go/vendor/laravel/framework/src/Illuminate/Foundation/Http/Kernel.php(200): Illuminate\\Routing\\Router->dispatch(Object(Illuminate\\Http\\Request))
#28 /home/notfuad/ngodingweb/www/laundry-go/vendor/laravel/framework/src/Illuminate/Pipeline/Pipeline.php(180): Illuminate\\Foundation\\Http\\Kernel->{closure:Illuminate\\Foundation\\Http\\Kernel::dispatchToRouter():197}(Object(Illuminate\\Http\\Request))
#29 /home/notfuad/ngodingweb/www/laundry-go/vendor/laravel/mcp/src/Server/Middleware/AddWwwAuthenticateHeader.php(21): Illuminate\\Pipeline\\Pipeline->{closure:Illuminate\\Pipeline\\Pipeline::prepareDestination():178}(Object(Illuminate\\Http\\Request))
#30 /home/notfuad/ngodingweb/www/laundry-go/vendor/laravel/framework/src/Illuminate/Pipeline/Pipeline.php(219): Laravel\\Mcp\\Server\\Middleware\\AddWwwAuthenticateHeader->handle(Object(Illuminate\\Http\\Request), Object(Closure))
#31 /home/notfuad/ngodingweb/www/laundry-go/vendor/laravel/framework/src/Illuminate/Foundation/Http/Middleware/TransformsRequest.php(21): Illuminate\\Pipeline\\Pipeline->{closure:{closure:Illuminate\\Pipeline\\Pipeline::carry():194}:195}(Object(Illuminate\\Http\\Request))
#32 /home/notfuad/ngodingweb/www/laundry-go/vendor/laravel/framework/src/Illuminate/Foundation/Http/Middleware/ConvertEmptyStringsToNull.php(31): Illuminate\\Foundation\\Http\\Middleware\\TransformsRequest->handle(Object(Illuminate\\Http\\Request), Object(Closure))
#33 /home/notfuad/ngodingweb/www/laundry-go/vendor/laravel/framework/src/Illuminate/Pipeline/Pipeline.php(219): Illuminate\\Foundation\\Http\\Middleware\\ConvertEmptyStringsToNull->handle(Object(Illuminate\\Http\\Request), Object(Closure))
#34 /home/notfuad/ngodingweb/www/laundry-go/vendor/laravel/framework/src/Illuminate/Foundation/Http/Middleware/TransformsRequest.php(21): Illuminate\\Pipeline\\Pipeline->{closure:{closure:Illuminate\\Pipeline\\Pipeline::carry():194}:195}(Object(Illuminate\\Http\\Request))
#35 /home/notfuad/ngodingweb/www/laundry-go/vendor/laravel/framework/src/Illuminate/Foundation/Http/Middleware/TrimStrings.php(51): Illuminate\\Foundation\\Http\\Middleware\\TransformsRequest->handle(Object(Illuminate\\Http\\Request), Object(Closure))
#36 /home/notfuad/ngodingweb/www/laundry-go/vendor/laravel/framework/src/Illuminate/Pipeline/Pipeline.php(219): Illuminate\\Foundation\\Http\\Middleware\\TrimStrings->handle(Object(Illuminate\\Http\\Request), Object(Closure))
#37 /home/notfuad/ngodingweb/www/laundry-go/vendor/laravel/framework/src/Illuminate/Http/Middleware/ValidatePostSize.php(27): Illuminate\\Pipeline\\Pipeline->{closure:{closure:Illuminate\\Pipeline\\Pipeline::carry():194}:195}(Object(Illuminate\\Http\\Request))
#38 /home/notfuad/ngodingweb/www/laundry-go/vendor/laravel/framework/src/Illuminate/Pipeline/Pipeline.php(219): Illuminate\\Http\\Middleware\\ValidatePostSize->handle(Object(Illuminate\\Http\\Request), Object(Closure))
#39 /home/notfuad/ngodingweb/www/laundry-go/vendor/laravel/framework/src/Illuminate/Foundation/Http/Middleware/PreventRequestsDuringMaintenance.php(110): Illuminate\\Pipeline\\Pipeline->{closure:{closure:Illuminate\\Pipeline\\Pipeline::carry():194}:195}(Object(Illuminate\\Http\\Request))
#40 /home/notfuad/ngodingweb/www/laundry-go/vendor/laravel/framework/src/Illuminate/Pipeline/Pipeline.php(219): Illuminate\\Foundation\\Http\\Middleware\\PreventRequestsDuringMaintenance->handle(Object(Illuminate\\Http\\Request), Object(Closure))
#41 /home/notfuad/ngodingweb/www/laundry-go/vendor/laravel/framework/src/Illuminate/Http/Middleware/HandleCors.php(61): Illuminate\\Pipeline\\Pipeline->{closure:{closure:Illuminate\\Pipeline\\Pipeline::carry():194}:195}(Object(Illuminate\\Http\\Request))
#42 /home/notfuad/ngodingweb/www/laundry-go/vendor/laravel/framework/src/Illuminate/Pipeline/Pipeline.php(219): Illuminate\\Http\\Middleware\\HandleCors->handle(Object(Illuminate\\Http\\Request), Object(Closure))
#43 /home/notfuad/ngodingweb/www/laundry-go/vendor/laravel/framework/src/Illuminate/Http/Middleware/TrustProxies.php(58): Illuminate\\Pipeline\\Pipeline->{closure:{closure:Illuminate\\Pipeline\\Pipeline::carry():194}:195}(Object(Illuminate\\Http\\Request))
#44 /home/notfuad/ngodingweb/www/laundry-go/vendor/laravel/framework/src/Illuminate/Pipeline/Pipeline.php(219): Illuminate\\Http\\Middleware\\TrustProxies->handle(Object(Illuminate\\Http\\Request), Object(Closure))
#45 /home/notfuad/ngodingweb/www/laundry-go/vendor/laravel/framework/src/Illuminate/Foundation/Http/Middleware/InvokeDeferredCallbacks.php(22): Illuminate\\Pipeline\\Pipeline->{closure:{closure:Illuminate\\Pipeline\\Pipeline::carry():194}:195}(Object(Illuminate\\Http\\Request))
#46 /home/notfuad/ngodingweb/www/laundry-go/vendor/laravel/framework/src/Illuminate/Pipeline/Pipeline.php(219): Illuminate\\Foundation\\Http\\Middleware\\InvokeDeferredCallbacks->handle(Object(Illuminate\\Http\\Request), Object(Closure))
#47 /home/notfuad/ngodingweb/www/laundry-go/vendor/laravel/framework/src/Illuminate/Http/Middleware/ValidatePathEncoding.php(28): Illuminate\\Pipeline\\Pipeline->{closure:{closure:Illuminate\\Pipeline\\Pipeline::carry():194}:195}(Object(Illuminate\\Http\\Request))
#48 /home/notfuad/ngodingweb/www/laundry-go/vendor/laravel/framework/src/Illuminate/Pipeline/Pipeline.php(219): Illuminate\\Http\\Middleware\\ValidatePathEncoding->handle(Object(Illuminate\\Http\\Request), Object(Closure))
#49 /home/notfuad/ngodingweb/www/laundry-go/vendor/laravel/framework/src/Illuminate/Pipeline/Pipeline.php(137): Illuminate\\Pipeline\\Pipeline->{closure:{closure:Illuminate\\Pipeline\\Pipeline::carry():194}:195}(Object(Illuminate\\Http\\Request))
#50 /home/notfuad/ngodingweb/www/laundry-go/vendor/laravel/framework/src/Illuminate/Foundation/Http/Kernel.php(175): Illuminate\\Pipeline\\Pipeline->then(Object(Closure))
#51 /home/notfuad/ngodingweb/www/laundry-go/vendor/laravel/framework/src/Illuminate/Foundation/Http/Kernel.php(144): Illuminate\\Foundation\\Http\\Kernel->sendRequestThroughRouter(Object(Illuminate\\Http\\Request))
#52 /home/notfuad/ngodingweb/www/laundry-go/vendor/laravel/framework/src/Illuminate/Foundation/Application.php(1227): Illuminate\\Foundation\\Http\\Kernel->handle(Object(Illuminate\\Http\\Request))
#53 /home/notfuad/ngodingweb/www/laundry-go/public/index.php(20): Illuminate\\Foundation\\Application->handleRequest(Object(Illuminate\\Http\\Request))
#54 /home/notfuad/ngodingweb/www/laundry-go/vendor/laravel/framework/src/Illuminate/Foundation/resources/server.php(23): require_once('/home/notfuad/n...')
#55 {main}

[previous exception] [object] (PDOException(code: 1045): SQLSTATE[HY000] [1045] Access denied for user 'root'@'172.18.0.1' (using password: NO) at /home/notfuad/ngodingweb/www/laundry-go/vendor/laravel/framework/src/Illuminate/Database/Connectors/Connector.php:67)
[stacktrace]
#0 /home/notfuad/ngodingweb/www/laundry-go/vendor/laravel/framework/src/Illuminate/Database/Connectors/Connector.php(67): PDO::connect('mysql:host=127....', 'root', Object(SensitiveParameterValue), Array)
#1 /home/notfuad/ngodingweb/www/laundry-go/vendor/laravel/framework/src/Illuminate/Database/Connectors/Connector.php(85): Illuminate\\Database\\Connectors\\Connector->createPdoConnection('mysql:host=127....', 'root', Object(SensitiveParameterValue), Array)
#2 /home/notfuad/ngodingweb/www/laundry-go/vendor/laravel/framework/src/Illuminate/Database/Connectors/Connector.php(48): Illuminate\\Database\\Connectors\\Connector->tryAgainIfCausedByLostConnection(Object(PDOException), 'mysql:host=127....', 'root', Object(SensitiveParameterValue), Array)
#3 /home/notfuad/ngodingweb/www/laundry-go/vendor/laravel/framework/src/Illuminate/Database/Connectors/MySqlConnector.php(24): Illuminate\\Database\\Connectors\\Connector->createConnection('mysql:host=127....', Array, Array)
#4 /home/notfuad/ngodingweb/www/laundry-go/vendor/laravel/framework/src/Illuminate/Database/Connectors/ConnectionFactory.php(220): Illuminate\\Database\\Connectors\\MySqlConnector->connect(Array)
#5 [internal function]: Illuminate\\Database\\Connectors\\ConnectionFactory->{closure:Illuminate\\Database\\Connectors\\ConnectionFactory::createPdoResolverWithHosts():213}()
#6 /home/notfuad/ngodingweb/www/laundry-go/vendor/laravel/framework/src/Illuminate/Database/Connection.php(1298): call_user_func(Object(Closure))
#7 /home/notfuad/ngodingweb/www/laundry-go/vendor/laravel/framework/src/Illuminate/Database/Connection.php(542): Illuminate\\Database\\Connection->getPdo()
#8 /home/notfuad/ngodingweb/www/laundry-go/vendor/laravel/framework/src/Illuminate/Database/Connection.php(435): Illuminate\\Database\\Connection->getPdoForSelect(false)
#9 /home/notfuad/ngodingweb/www/laundry-go/vendor/laravel/framework/src/Illuminate/Database/Connection.php(846): Illuminate\\Database\\Connection->{closure:Illuminate\\Database\\Connection::select():426}('select * from `...', Array)
#10 /home/notfuad/ngodingweb/www/laundry-go/vendor/laravel/framework/src/Illuminate/Database/Connection.php(1038): Illuminate\\Database\\Connection->runQueryCallback('select * from `...', Array, Object(Closure))
#11 /home/notfuad/ngodingweb/www/laundry-go/vendor/laravel/framework/src/Illuminate/Database/Connection.php(1017): Illuminate\\Database\\Connection->tryAgainIfCausedByLostConnection(Object(Illuminate\\Database\\QueryException), 'select * from `...', Array, Object(Closure))
#12 /home/notfuad/ngodingweb/www/laundry-go/vendor/laravel/framework/src/Illuminate/Database/Connection.php(815): Illuminate\\Database\\Connection->handleQueryException(Object(Illuminate\\Database\\QueryException), 'select * from `...', Array, Object(Closure))
#13 /home/notfuad/ngodingweb/www/laundry-go/vendor/laravel/framework/src/Illuminate/Database/Connection.php(426): Illuminate\\Database\\Connection->run('select * from `...', Array, Object(Closure))
#14 /home/notfuad/ngodingweb/www/laundry-go/vendor/laravel/framework/src/Illuminate/Database/Query/Builder.php(3631): Illuminate\\Database\\Connection->select('select * from `...', Array, false, Array)
#15 /home/notfuad/ngodingweb/www/laundry-go/vendor/laravel/framework/src/Illuminate/Database/Query/Builder.php(3615): Illuminate\\Database\\Query\\Builder->runSelect()
#16 /home/notfuad/ngodingweb/www/laundry-go/vendor/laravel/framework/src/Illuminate/Database/Concerns/BuildsQueries.php(408): Illuminate\\Database\\Query\\Builder->get(Array)
#17 /home/notfuad/ngodingweb/www/laundry-go/vendor/laravel/framework/src/Illuminate/Database/Query/Builder.php(3533): Illuminate\\Database\\Query\\Builder->first(Array)
#18 /home/notfuad/ngodingweb/www/laundry-go/vendor/laravel/framework/src/Illuminate/Session/DatabaseSessionHandler.php(117): Illuminate\\Database\\Query\\Builder->find('FHxPMCe9CFIjXQg...')
#19 /home/notfuad/ngodingweb/www/laundry-go/vendor/laravel/framework/src/Illuminate/Session/Store.php(128): Illuminate\\Session\\DatabaseSessionHandler->read('FHxPMCe9CFIjXQg...')
#20 /home/notfuad/ngodingweb/www/laundry-go/vendor/laravel/framework/src/Illuminate/Session/Store.php(116): Illuminate\\Session\\Store->readFromHandler()
#21 /home/notfuad/ngodingweb/www/laundry-go/vendor/laravel/framework/src/Illuminate/Session/Store.php(100): Illuminate\\Session\\Store->loadSession()
#22 /home/notfuad/ngodingweb/www/laundry-go/vendor/laravel/framework/src/Illuminate/Session/Middleware/StartSession.php(146): Illuminate\\Session\\Store->start()
#23 /home/notfuad/ngodingweb/www/laundry-go/vendor/laravel/framework/src/Illuminate/Support/helpers.php(393): Illuminate\\Session\\Middleware\\StartSession->{closure:Illuminate\\Session\\Middleware\\StartSession::startSession():143}(Object(Illuminate\\Session\\Store))
#24 /home/notfuad/ngodingweb/www/laundry-go/vendor/laravel/framework/src/Illuminate/Session/Middleware/StartSession.php(143): tap(Object(Illuminate\\Session\\Store), Object(Closure))
#25 /home/notfuad/ngodingweb/www/laundry-go/vendor/laravel/framework/src/Illuminate/Session/Middleware/StartSession.php(115): Illuminate\\Session\\Middleware\\StartSession->startSession(Object(Illuminate\\Http\\Request), Object(Illuminate\\Session\\Store))
#26 /home/notfuad/ngodingweb/www/laundry-go/vendor/laravel/framework/src/Illuminate/Session/Middleware/StartSession.php(63): Illuminate\\Session\\Middleware\\StartSession->handleStatefulRequest(Object(Illuminate\\Http\\Request), Object(Illuminate\\Session\\Store), Object(Closure))
#27 /home/notfuad/ngodingweb/www/laundry-go/vendor/laravel/framework/src/Illuminate/Pipeline/Pipeline.php(219): Illuminate\\Session\\Middleware\\StartSession->handle(Object(Illuminate\\Http\\Request), Object(Closure))
#28 /home/notfuad/ngodingweb/www/laundry-go/vendor/laravel/framework/src/Illuminate/Cookie/Middleware/AddQueuedCookiesToResponse.php(36): Illuminate\\Pipeline\\Pipeline->{closure:{closure:Illuminate\\Pipeline\\Pipeline::carry():194}:195}(Object(Illuminate\\Http\\Request))
#29 /home/notfuad/ngodingweb/www/laundry-go/vendor/laravel/framework/src/Illuminate/Pipeline/Pipeline.php(219): Illuminate\\Cookie\\Middleware\\AddQueuedCookiesToResponse->handle(Object(Illuminate\\Http\\Request), Object(Closure))
#30 /home/notfuad/ngodingweb/www/laundry-go/vendor/laravel/framework/src/Illuminate/Cookie/Middleware/EncryptCookies.php(74): Illuminate\\Pipeline\\Pipeline->{closure:{closure:Illuminate\\Pipeline\\Pipeline::carry():194}:195}(Object(Illuminate\\Http\\Request))
#31 /home/notfuad/ngodingweb/www/laundry-go/vendor/laravel/framework/src/Illuminate/Pipeline/Pipeline.php(219): Illuminate\\Cookie\\Middleware\\EncryptCookies->handle(Object(Illuminate\\Http\\Request), Object(Closure))
#32 /home/notfuad/ngodingweb/www/laundry-go/vendor/laravel/framework/src/Illuminate/Pipeline/Pipeline.php(137): Illuminate\\Pipeline\\Pipeline->{closure:{closure:Illuminate\\Pipeline\\Pipeline::carry():194}:195}(Object(Illuminate\\Http\\Request))
#33 /home/notfuad/ngodingweb/www/laundry-go/vendor/laravel/framework/src/Illuminate/Routing/Router.php(821): Illuminate\\Pipeline\\Pipeline->then(Object(Closure))
#34 /home/notfuad/ngodingweb/www/laundry-go/vendor/laravel/framework/src/Illuminate/Routing/Router.php(800): Illuminate\\Routing\\Router->runRouteWithinStack(Object(Illuminate\\Routing\\Route), Object(Illuminate\\Http\\Request))
#35 /home/notfuad/ngodingweb/www/laundry-go/vendor/laravel/framework/src/Illuminate/Routing/Router.php(764): Illuminate\\Routing\\Router->runRoute(Object(Illuminate\\Http\\Request), Object(Illuminate\\Routing\\Route))
#36 /home/notfuad/ngodingweb/www/laundry-go/vendor/laravel/framework/src/Illuminate/Routing/Router.php(753): Illuminate\\Routing\\Router->dispatchToRoute(Object(Illuminate\\Http\\Request))
#37 /home/notfuad/ngodingweb/www/laundry-go/vendor/laravel/framework/src/Illuminate/Foundation/Http/Kernel.php(200): Illuminate\\Routing\\Router->dispatch(Object(Illuminate\\Http\\Request))
#38 /home/notfuad/ngodingweb/www/laundry-go/vendor/laravel/framework/src/Illuminate/Pipeline/Pipeline.php(180): Illuminate\\Foundation\\Http\\Kernel->{closure:Illuminate\\Foundation\\Http\\Kernel::dispatchToRouter():197}(Object(Illuminate\\Http\\Request))
#39 /home/notfuad/ngodingweb/www/laundry-go/vendor/laravel/mcp/src/Server/Middleware/AddWwwAuthenticateHeader.php(21): Illuminate\\Pipeline\\Pipeline->{closure:Illuminate\\Pipeline\\Pipeline::prepareDestination():178}(Object(Illuminate\\Http\\Request))
#40 /home/notfuad/ngodingweb/www/laundry-go/vendor/laravel/framework/src/Illuminate/Pipeline/Pipeline.php(219): Laravel\\Mcp\\Server\\Middleware\\AddWwwAuthenticateHeader->handle(Object(Illuminate\\Http\\Request), Object(Closure))
#41 /home/notfuad/ngodingweb/www/laundry-go/vendor/laravel/framework/src/Illuminate/Foundation/Http/Middleware/TransformsRequest.php(21): Illuminate\\Pipeline\\Pipeline->{closure:{closure:Illuminate\\Pipeline\\Pipeline::carry():194}:195}(Object(Illuminate\\Http\\Request))
#42 /home/notfuad/ngodingweb/www/laundry-go/vendor/laravel/framework/src/Illuminate/Foundation/Http/Middleware/ConvertEmptyStringsToNull.php(31): Illuminate\\Foundation\\Http\\Middleware\\TransformsRequest->handle(Object(Illuminate\\Http\\Request), Object(Closure))
#43 /home/notfuad/ngodingweb/www/laundry-go/vendor/laravel/framework/src/Illuminate/Pipeline/Pipeline.php(219): Illuminate\\Foundation\\Http\\Middleware\\ConvertEmptyStringsToNull->handle(Object(Illuminate\\Http\\Request), Object(Closure))
#44 /home/notfuad/ngodingweb/www/laundry-go/vendor/laravel/framework/src/Illuminate/Foundation/Http/Middleware/TransformsRequest.php(21): Illuminate\\Pipeline\\Pipeline->{closure:{closure:Illuminate\\Pipeline\\Pipeline::carry():194}:195}(Object(Illuminate\\Http\\Request))
#45 /home/notfuad/ngodingweb/www/laundry-go/vendor/laravel/framework/src/Illuminate/Foundation/Http/Middleware/TrimStrings.php(51): Illuminate\\Foundation\\Http\\Middleware\\TransformsRequest->handle(Object(Illuminate\\Http\\Request), Object(Closure))
#46 /home/notfuad/ngodingweb/www/laundry-go/vendor/laravel/framework/src/Illuminate/Pipeline/Pipeline.php(219): Illuminate\\Foundation\\Http\\Middleware\\TrimStrings->handle(Object(Illuminate\\Http\\Request), Object(Closure))
#47 /home/notfuad/ngodingweb/www/laundry-go/vendor/laravel/framework/src/Illuminate/Http/Middleware/ValidatePostSize.php(27): Illuminate\\Pipeline\\Pipeline->{closure:{closure:Illuminate\\Pipeline\\Pipeline::carry():194}:195}(Object(Illuminate\\Http\\Request))
#48 /home/notfuad/ngodingweb/www/laundry-go/vendor/laravel/framework/src/Illuminate/Pipeline/Pipeline.php(219): Illuminate\\Http\\Middleware\\ValidatePostSize->handle(Object(Illuminate\\Http\\Request), Object(Closure))
#49 /home/notfuad/ngodingweb/www/laundry-go/vendor/laravel/framework/src/Illuminate/Foundation/Http/Middleware/PreventRequestsDuringMaintenance.php(110): Illuminate\\Pipeline\\Pipeline->{closure:{closure:Illuminate\\Pipeline\\Pipeline::carry():194}:195}(Object(Illuminate\\Http\\Request))
#50 /home/notfuad/ngodingweb/www/laundry-go/vendor/laravel/framework/src/Illuminate/Pipeline/Pipeline.php(219): Illuminate\\Foundation\\Http\\Middleware\\PreventRequestsDuringMaintenance->handle(Object(Illuminate\\Http\\Request), Object(Closure))
#51 /home/notfuad/ngodingweb/www/laundry-go/vendor/laravel/framework/src/Illuminate/Http/Middleware/HandleCors.php(61): Illuminate\\Pipeline\\Pipeline->{closure:{closure:Illuminate\\Pipeline\\Pipeline::carry():194}:195}(Object(Illuminate\\Http\\Request))
#52 /home/notfuad/ngodingweb/www/laundry-go/vendor/laravel/framework/src/Illuminate/Pipeline/Pipeline.php(219): Illuminate\\Http\\Middleware\\HandleCors->handle(Object(Illuminate\\Http\\Request), Object(Closure))
#53 /home/notfuad/ngodingweb/www/laundry-go/vendor/laravel/framework/src/Illuminate/Http/Middleware/TrustProxies.php(58): Illuminate\\Pipeline\\Pipeline->{closure:{closure:Illuminate\\Pipeline\\Pipeline::carry():194}:195}(Object(Illuminate\\Http\\Request))
#54 /home/notfuad/ngodingweb/www/laundry-go/vendor/laravel/framework/src/Illuminate/Pipeline/Pipeline.php(219): Illuminate\\Http\\Middleware\\TrustProxies->handle(Object(Illuminate\\Http\\Request), Object(Closure))
#55 /home/notfuad/ngodingweb/www/laundry-go/vendor/laravel/framework/src/Illuminate/Foundation/Http/Middleware/InvokeDeferredCallbacks.php(22): Illuminate\\Pipeline\\Pipeline->{closure:{closure:Illuminate\\Pipeline\\Pipeline::carry():194}:195}(Object(Illuminate\\Http\\Request))
#56 /home/notfuad/ngodingweb/www/laundry-go/vendor/laravel/framework/src/Illuminate/Pipeline/Pipeline.php(219): Illuminate\\Foundation\\Http\\Middleware\\InvokeDeferredCallbacks->handle(Object(Illuminate\\Http\\Request), Object(Closure))
#57 /home/notfuad/ngodingweb/www/laundry-go/vendor/laravel/framework/src/Illuminate/Http/Middleware/ValidatePathEncoding.php(28): Illuminate\\Pipeline\\Pipeline->{closure:{closure:Illuminate\\Pipeline\\Pipeline::carry():194}:195}(Object(Illuminate\\Http\\Request))
#58 /home/notfuad/ngodingweb/www/laundry-go/vendor/laravel/framework/src/Illuminate/Pipeline/Pipeline.php(219): Illuminate\\Http\\Middleware\\ValidatePathEncoding->handle(Object(Illuminate\\Http\\Request), Object(Closure))
#59 /home/notfuad/ngodingweb/www/laundry-go/vendor/laravel/framework/src/Illuminate/Pipeline/Pipeline.php(137): Illuminate\\Pipeline\\Pipeline->{closure:{closure:Illuminate\\Pipeline\\Pipeline::carry():194}:195}(Object(Illuminate\\Http\\Request))
#60 /home/notfuad/ngodingweb/www/laundry-go/vendor/laravel/framework/src/Illuminate/Foundation/Http/Kernel.php(175): Illuminate\\Pipeline\\Pipeline->then(Object(Closure))
#61 /home/notfuad/ngodingweb/www/laundry-go/vendor/laravel/framework/src/Illuminate/Foundation/Http/Kernel.php(144): Illuminate\\Foundation\\Http\\Kernel->sendRequestThroughRouter(Object(Illuminate\\Http\\Request))
#62 /home/notfuad/ngodingweb/www/laundry-go/vendor/laravel/framework/src/Illuminate/Foundation/Application.php(1227): Illuminate\\Foundation\\Http\\Kernel->handle(Object(Illuminate\\Http\\Request))
#63 /home/notfuad/ngodingweb/www/laundry-go/public/index.php(20): Illuminate\\Foundation\\Application->handleRequest(Object(Illuminate\\Http\\Request))
#64 /home/notfuad/ngodingweb/www/laundry-go/vendor/laravel/framework/src/Illuminate/Foundation/resources/server.php(23): require_once('/home/notfuad/n...')
#65 {main}
"} 
[2026-09-25 04:49:23] local.ERROR: SQLSTATE[HY000] [1045] Access denied for user 'root'@'172.18.0.1' (using password: NO) (Connection: mysql, Host: 127.0.0.1, Port: 3306, Database: laravel, SQL: select * from `sessions` where `id` = FHxPMCe9CFIjXQgW0DGoMH2MsfwhRZkYyFI0EkTG limit 1) {"exception":"[object] (Illuminate\\Database\\QueryException(code: 1045): SQLSTATE[HY000] [1045] Access denied for user 'root'@'172.18.0.1' (using password: NO) (Connection: mysql, Host: 127.0.0.1, Port: 3306, Database: laravel, SQL: select * from `sessions` where `id` = FHxPMCe9CFIjXQgW0DGoMH2MsfwhRZkYyFI0EkTG limit 1) at /home/notfuad/ngodingweb/www/laundry-go/vendor/laravel/framework/src/Illuminate/Database/Connection.php:857)
[stacktrace]
#0 /home/notfuad/ngodingweb/www/laundry-go/vendor/laravel/framework/src/Illuminate/Database/Connection.php(1038): Illuminate\\Database\\Connection->runQueryCallback('select * from `...', Array, Object(Closure))
#1 /home/notfuad/ngodingweb/www/laundry-go/vendor/laravel/framework/src/Illuminate/Database/Connection.php(1017): Illuminate\\Database\\Connection->tryAgainIfCausedByLostConnection(Object(Illuminate\\Database\\QueryException), 'select * from `...', Array, Object(Closure))
#2 /home/notfuad/ngodingweb/www/laundry-go/vendor/laravel/framework/src/Illuminate/Database/Connection.php(815): Illuminate\\Database\\Connection->handleQueryException(Object(Illuminate\\Database\\QueryException), 'select * from `...', Array, Object(Closure))
#3 /home/notfuad/ngodingweb/www/laundry-go/vendor/laravel/framework/src/Illuminate/Database/Connection.php(426): Illuminate\\Database\\Connection->run('select * from `...', Array, Object(Closure))
#4 /home/notfuad/ngodingweb/www/laundry-go/vendor/laravel/framework/src/Illuminate/Database/Query/Builder.php(3631): Illuminate\\Database\\Connection->select('select * from `...', Array, false, Array)
#5 /home/notfuad/ngodingweb/www/laundry-go/vendor/laravel/framework/src/Illuminate/Database/Query/Builder.php(3615): Illuminate\\Database\\Query\\Builder->runSelect()
#6 /home/notfuad/ngodingweb/www/laundry-go/vendor/laravel/framework/src/Illuminate/Database/Concerns/BuildsQueries.php(408): Illuminate\\Database\\Query\\Builder->get(Array)
#7 /home/notfuad/ngodingweb/www/laundry-go/vendor/laravel/framework/src/Illuminate/Database/Query/Builder.php(3533): Illuminate\\Database\\Query\\Builder->first(Array)
#8 /home/notfuad/ngodingweb/www/laundry-go/vendor/laravel/framework/src/Illuminate/Session/DatabaseSessionHandler.php(117): Illuminate\\Database\\Query\\Builder->find('FHxPMCe9CFIjXQg...')
#9 /home/notfuad/ngodingweb/www/laundry-go/vendor/laravel/framework/src/Illuminate/Session/Store.php(128): Illuminate\\Session\\DatabaseSessionHandler->read('FHxPMCe9CFIjXQg...')
#10 /home/notfuad/ngodingweb/www/laundry-go/vendor/laravel/framework/src/Illuminate/Session/Store.php(116): Illuminate\\Session\\Store->readFromHandler()
#11 /home/notfuad/ngodingweb/www/laundry-go/vendor/laravel/framework/src/Illuminate/Session/Store.php(100): Illuminate\\Session\\Store->loadSession()
#12 /home/notfuad/ngodingweb/www/laundry-go/vendor/laravel/framework/src/Illuminate/Session/Middleware/StartSession.php(146): Illuminate\\Session\\Store->start()
#13 /home/notfuad/ngodingweb/www/laundry-go/vendor/laravel/framework/src/Illuminate/Support/helpers.php(393): Illuminate\\Session\\Middleware\\StartSession->{closure:Illuminate\\Session\\Middleware\\StartSession::startSession():143}(Object(Illuminate\\Session\\Store))
#14 /home/notfuad/ngodingweb/www/laundry-go/vendor/laravel/framework/src/Illuminate/Session/Middleware/StartSession.php(143): tap(Object(Illuminate\\Session\\Store), Object(Closure))
#15 /home/notfuad/ngodingweb/www/laundry-go/vendor/laravel/framework/src/Illuminate/Session/Middleware/StartSession.php(115): Illuminate\\Session\\Middleware\\StartSession->startSession(Object(Illuminate\\Http\\Request), Object(Illuminate\\Session\\Store))
#16 /home/notfuad/ngodingweb/www/laundry-go/vendor/laravel/framework/src/Illuminate/Session/Middleware/StartSession.php(63): Illuminate\\Session\\Middleware\\StartSession->handleStatefulRequest(Object(Illuminate\\Http\\Request), Object(Illuminate\\Session\\Store), Object(Closure))
#17 /home/notfuad/ngodingweb/www/laundry-go/vendor/laravel/framework/src/Illuminate/Pipeline/Pipeline.php(219): Illuminate\\Session\\Middleware\\StartSession->handle(Object(Illuminate\\Http\\Request), Object(Closure))
#18 /home/notfuad/ngodingweb/www/laundry-go/vendor/laravel/framework/src/Illuminate/Cookie/Middleware/AddQueuedCookiesToResponse.php(36): Illuminate\\Pipeline\\Pipeline->{closure:{closure:Illuminate\\Pipeline\\Pipeline::carry():194}:195}(Object(Illuminate\\Http\\Request))
#19 /home/notfuad/ngodingweb/www/laundry-go/vendor/laravel/framework/src/Illuminate/Pipeline/Pipeline.php(219): Illuminate\\Cookie\\Middleware\\AddQueuedCookiesToResponse->handle(Object(Illuminate\\Http\\Request), Object(Closure))
#20 /home/notfuad/ngodingweb/www/laundry-go/vendor/laravel/framework/src/Illuminate/Cookie/Middleware/EncryptCookies.php(74): Illuminate\\Pipeline\\Pipeline->{closure:{closure:Illuminate\\Pipeline\\Pipeline::carry():194}:195}(Object(Illuminate\\Http\\Request))
#21 /home/notfuad/ngodingweb/www/laundry-go/vendor/laravel/framework/src/Illuminate/Pipeline/Pipeline.php(219): Illuminate\\Cookie\\Middleware\\EncryptCookies->handle(Object(Illuminate\\Http\\Request), Object(Closure))
#22 /home/notfuad/ngodingweb/www/laundry-go/vendor/laravel/framework/src/Illuminate/Pipeline/Pipeline.php(137): Illuminate\\Pipeline\\Pipeline->{closure:{closure:Illuminate\\Pipeline\\Pipeline::carry():194}:195}(Object(Illuminate\\Http\\Request))
#23 /home/notfuad/ngodingweb/www/laundry-go/vendor/laravel/framework/src/Illuminate/Routing/Router.php(821): Illuminate\\Pipeline\\Pipeline->then(Object(Closure))
#24 /home/notfuad/ngodingweb/www/laundry-go/vendor/laravel/framework/src/Illuminate/Routing/Router.php(800): Illuminate\\Routing\\Router->runRouteWithinStack(Object(Illuminate\\Routing\\Route), Object(Illuminate\\Http\\Request))
#25 /home/notfuad/ngodingweb/www/laundry-go/vendor/laravel/framework/src/Illuminate/Routing/Router.php(764): Illuminate\\Routing\\Router->runRoute(Object(Illuminate\\Http\\Request), Object(Illuminate\\Routing\\Route))
#26 /home/notfuad/ngodingweb/www/laundry-go/vendor/laravel/framework/src/Illuminate/Routing/Router.php(753): Illuminate\\Routing\\Router->dispatchToRoute(Object(Illuminate\\Http\\Request))
#27 /home/notfuad/ngodingweb/www/laundry-go/vendor/laravel/framework/src/Illuminate/Foundation/Http/Kernel.php(200): Illuminate\\Routing\\Router->dispatch(Object(Illuminate\\Http\\Request))
#28 /home/notfuad/ngodingweb/www/laundry-go/vendor/laravel/framework/src/Illuminate/Pipeline/Pipeline.php(180): Illuminate\\Foundation\\Http\\Kernel->{closure:Illuminate\\Foundation\\Http\\Kernel::dispatchToRouter():197}(Object(Illuminate\\Http\\Request))
#29 /home/notfuad/ngodingweb/www/laundry-go/vendor/laravel/mcp/src/Server/Middleware/AddWwwAuthenticateHeader.php(21): Illuminate\\Pipeline\\Pipeline->{closure:Illuminate\\Pipeline\\Pipeline::prepareDestination():178}(Object(Illuminate\\Http\\Request))
#30 /home/notfuad/ngodingweb/www/laundry-go/vendor/laravel/framework/src/Illuminate/Pipeline/Pipeline.php(219): Laravel\\Mcp\\Server\\Middleware\\AddWwwAuthenticateHeader->handle(Object(Illuminate\\Http\\Request), Object(Closure))
#31 /home/notfuad/ngodingweb/www/laundry-go/vendor/laravel/framework/src/Illuminate/Foundation/Http/Middleware/TransformsRequest.php(21): Illuminate\\Pipeline\\Pipeline->{closure:{closure:Illuminate\\Pipeline\\Pipeline::carry():194}:195}(Object(Illuminate\\Http\\Request))
#32 /home/notfuad/ngodingweb/www/laundry-go/vendor/laravel/framework/src/Illuminate/Foundation/Http/Middleware/ConvertEmptyStringsToNull.php(31): Illuminate\\Foundation\\Http\\Middleware\\TransformsRequest->handle(Object(Illuminate\\Http\\Request), Object(Closure))
#33 /home/notfuad/ngodingweb/www/laundry-go/vendor/laravel/framework/src/Illuminate/Pipeline/Pipeline.php(219): Illuminate\\Foundation\\Http\\Middleware\\ConvertEmptyStringsToNull->handle(Object(Illuminate\\Http\\Request), Object(Closure))
#34 /home/notfuad/ngodingweb/www/laundry-go/vendor/laravel/framework/src/Illuminate/Foundation/Http/Middleware/TransformsRequest.php(21): Illuminate\\Pipeline\\Pipeline->{closure:{closure:Illuminate\\Pipeline\\Pipeline::carry():194}:195}(Object(Illuminate\\Http\\Request))
#35 /home/notfuad/ngodingweb/www/laundry-go/vendor/laravel/framework/src/Illuminate/Foundation/Http/Middleware/TrimStrings.php(51): Illuminate\\Foundation\\Http\\Middleware\\TransformsRequest->handle(Object(Illuminate\\Http\\Request), Object(Closure))
#36 /home/notfuad/ngodingweb/www/laundry-go/vendor/laravel/framework/src/Illuminate/Pipeline/Pipeline.php(219): Illuminate\\Foundation\\Http\\Middleware\\TrimStrings->handle(Object(Illuminate\\Http\\Request), Object(Closure))
#37 /home/notfuad/ngodingweb/www/laundry-go/vendor/laravel/framework/src/Illuminate/Http/Middleware/ValidatePostSize.php(27): Illuminate\\Pipeline\\Pipeline->{closure:{closure:Illuminate\\Pipeline\\Pipeline::carry():194}:195}(Object(Illuminate\\Http\\Request))
#38 /home/notfuad/ngodingweb/www/laundry-go/vendor/laravel/framework/src/Illuminate/Pipeline/Pipeline.php(219): Illuminate\\Http\\Middleware\\ValidatePostSize->handle(Object(Illuminate\\Http\\Request), Object(Closure))
#39 /home/notfuad/ngodingweb/www/laundry-go/vendor/laravel/framework/src/Illuminate/Foundation/Http/Middleware/PreventRequestsDuringMaintenance.php(110): Illuminate\\Pipeline\\Pipeline->{closure:{closure:Illuminate\\Pipeline\\Pipeline::carry():194}:195}(Object(Illuminate\\Http\\Request))
#40 /home/notfuad/ngodingweb/www/laundry-go/vendor/laravel/framework/src/Illuminate/Pipeline/Pipeline.php(219): Illuminate\\Foundation\\Http\\Middleware\\PreventRequestsDuringMaintenance->handle(Object(Illuminate\\Http\\Request), Object(Closure))
#41 /home/notfuad/ngodingweb/www/laundry-go/vendor/laravel/framework/src/Illuminate/Http/Middleware/HandleCors.php(61): Illuminate\\Pipeline\\Pipeline->{closure:{closure:Illuminate\\Pipeline\\Pipeline::carry():194}:195}(Object(Illuminate\\Http\\Request))
#42 /home/notfuad/ngodingweb/www/laundry-go/vendor/laravel/framework/src/Illuminate/Pipeline/Pipeline.php(219): Illuminate\\Http\\Middleware\\HandleCors->handle(Object(Illuminate\\Http\\Request), Object(Closure))
#43 /home/notfuad/ngodingweb/www/laundry-go/vendor/laravel/framework/src/Illuminate/Http/Middleware/TrustProxies.php(58): Illuminate\\Pipeline\\Pipeline->{closure:{closure:Illuminate\\Pipeline\\Pipeline::carry():194}:195}(Object(Illuminate\\Http\\Request))
#44 /home/notfuad/ngodingweb/www/laundry-go/vendor/laravel/framework/src/Illuminate/Pipeline/Pipeline.php(219): Illuminate\\Http\\Middleware\\TrustProxies->handle(Object(Illuminate\\Http\\Request), Object(Closure))
#45 /home/notfuad/ngodingweb/www/laundry-go/vendor/laravel/framework/src/Illuminate/Foundation/Http/Middleware/InvokeDeferredCallbacks.php(22): Illuminate\\Pipeline\\Pipeline->{closure:{closure:Illuminate\\Pipeline\\Pipeline::carry():194}:195}(Object(Illuminate\\Http\\Request))
#46 /home/notfuad/ngodingweb/www/laundry-go/vendor/laravel/framework/src/Illuminate/Pipeline/Pipeline.php(219): Illuminate\\Foundation\\Http\\Middleware\\InvokeDeferredCallbacks->handle(Object(Illuminate\\Http\\Request), Object(Closure))
#47 /home/notfuad/ngodingweb/www/laundry-go/vendor/laravel/framework/src/Illuminate/Http/Middleware/ValidatePathEncoding.php(28): Illuminate\\Pipeline\\Pipeline->{closure:{closure:Illuminate\\Pipeline\\Pipeline::carry():194}:195}(Object(Illuminate\\Http\\Request))
#48 /home/notfuad/ngodingweb/www/laundry-go/vendor/laravel/framework/src/Illuminate/Pipeline/Pipeline.php(219): Illuminate\\Http\\Middleware\\ValidatePathEncoding->handle(Object(Illuminate\\Http\\Request), Object(Closure))
#49 /home/notfuad/ngodingweb/www/laundry-go/vendor/laravel/framework/src/Illuminate/Pipeline/Pipeline.php(137): Illuminate\\Pipeline\\Pipeline->{closure:{closure:Illuminate\\Pipeline\\Pipeline::carry():194}:195}(Object(Illuminate\\Http\\Request))
#50 /home/notfuad/ngodingweb/www/laundry-go/vendor/laravel/framework/src/Illuminate/Foundation/Http/Kernel.php(175): Illuminate\\Pipeline\\Pipeline->then(Object(Closure))
#51 /home/notfuad/ngodingweb/www/laundry-go/vendor/laravel/framework/src/Illuminate/Foundation/Http/Kernel.php(144): Illuminate\\Foundation\\Http\\Kernel->sendRequestThroughRouter(Object(Illuminate\\Http\\Request))
#52 /home/notfuad/ngodingweb/www/laundry-go/vendor/laravel/framework/src/Illuminate/Foundation/Application.php(1227): Illuminate\\Foundation\\Http\\Kernel->handle(Object(Illuminate\\Http\\Request))
#53 /home/notfuad/ngodingweb/www/laundry-go/public/index.php(20): Illuminate\\Foundation\\Application->handleRequest(Object(Illuminate\\Http\\Request))
#54 /home/notfuad/ngodingweb/www/laundry-go/vendor/laravel/framework/src/Illuminate/Foundation/resources/server.php(23): require_once('/home/notfuad/n...')
#55 {main}

[previous exception] [object] (PDOException(code: 1045): SQLSTATE[HY000] [1045] Access denied for user 'root'@'172.18.0.1' (using password: NO) at /home/notfuad/ngodingweb/www/laundry-go/vendor/laravel/framework/src/Illuminate/Database/Connectors/Connector.php:67)
[stacktrace]
#0 /home/notfuad/ngodingweb/www/laundry-go/vendor/laravel/framework/src/Illuminate/Database/Connectors/Connector.php(67): PDO::connect('mysql:host=127....', 'root', Object(SensitiveParameterValue), Array)
#1 /home/notfuad/ngodingweb/www/laundry-go/vendor/laravel/framework/src/Illuminate/Database/Connectors/Connector.php(85): Illuminate\\Database\\Connectors\\Connector->createPdoConnection('mysql:host=127....', 'root', Object(SensitiveParameterValue), Array)
#2 /home/notfuad/ngodingweb/www/laundry-go/vendor/laravel/framework/src/Illuminate/Database/Connectors/Connector.php(48): Illuminate\\Database\\Connectors\\Connector->tryAgainIfCausedByLostConnection(Object(PDOException), 'mysql:host=127....', 'root', Object(SensitiveParameterValue), Array)
#3 /home/notfuad/ngodingweb/www/laundry-go/vendor/laravel/framework/src/Illuminate/Database/Connectors/MySqlConnector.php(24): Illuminate\\Database\\Connectors\\Connector->createConnection('mysql:host=127....', Array, Array)
#4 /home/notfuad/ngodingweb/www/laundry-go/vendor/laravel/framework/src/Illuminate/Database/Connectors/ConnectionFactory.php(220): Illuminate\\Database\\Connectors\\MySqlConnector->connect(Array)
#5 [internal function]: Illuminate\\Database\\Connectors\\ConnectionFactory->{closure:Illuminate\\Database\\Connectors\\ConnectionFactory::createPdoResolverWithHosts():213}()
#6 /home/notfuad/ngodingweb/www/laundry-go/vendor/laravel/framework/src/Illuminate/Database/Connection.php(1298): call_user_func(Object(Closure))
#7 /home/notfuad/ngodingweb/www/laundry-go/vendor/laravel/framework/src/Illuminate/Database/Connection.php(542): Illuminate\\Database\\Connection->getPdo()
#8 /home/notfuad/ngodingweb/www/laundry-go/vendor/laravel/framework/src/Illuminate/Database/Connection.php(435): Illuminate\\Database\\Connection->getPdoForSelect(false)
#9 /home/notfuad/ngodingweb/www/laundry-go/vendor/laravel/framework/src/Illuminate/Database/Connection.php(846): Illuminate\\Database\\Connection->{closure:Illuminate\\Database\\Connection::select():426}('select * from `...', Array)
#10 /home/notfuad/ngodingweb/www/laundry-go/vendor/laravel/framework/src/Illuminate/Database/Connection.php(1038): Illuminate\\Database\\Connection->runQueryCallback('select * from `...', Array, Object(Closure))
#11 /home/notfuad/ngodingweb/www/laundry-go/vendor/laravel/framework/src/Illuminate/Database/Connection.php(1017): Illuminate\\Database\\Connection->tryAgainIfCausedByLostConnection(Object(Illuminate\\Database\\QueryException), 'select * from `...', Array, Object(Closure))
#12 /home/notfuad/ngodingweb/www/laundry-go/vendor/laravel/framework/src/Illuminate/Database/Connection.php(815): Illuminate\\Database\\Connection->handleQueryException(Object(Illuminate\\Database\\QueryException), 'select * from `...', Array, Object(Closure))
#13 /home/notfuad/ngodingweb/www/laundry-go/vendor/laravel/framework/src/Illuminate/Database/Connection.php(426): Illuminate\\Database\\Connection->run('select * from `...', Array, Object(Closure))
#14 /home/notfuad/ngodingweb/www/laundry-go/vendor/laravel/framework/src/Illuminate/Database/Query/Builder.php(3631): Illuminate\\Database\\Connection->select('select * from `...', Array, false, Array)
#15 /home/notfuad/ngodingweb/www/laundry-go/vendor/laravel/framework/src/Illuminate/Database/Query/Builder.php(3615): Illuminate\\Database\\Query\\Builder->runSelect()
#16 /home/notfuad/ngodingweb/www/laundry-go/vendor/laravel/framework/src/Illuminate/Database/Concerns/BuildsQueries.php(408): Illuminate\\Database\\Query\\Builder->get(Array)
#17 /home/notfuad/ngodingweb/www/laundry-go/vendor/laravel/framework/src/Illuminate/Database/Query/Builder.php(3533): Illuminate\\Database\\Query\\Builder->first(Array)
#18 /home/notfuad/ngodingweb/www/laundry-go/vendor/laravel/framework/src/Illuminate/Session/DatabaseSessionHandler.php(117): Illuminate\\Database\\Query\\Builder->find('FHxPMCe9CFIjXQg...')
#19 /home/notfuad/ngodingweb/www/laundry-go/vendor/laravel/framework/src/Illuminate/Session/Store.php(128): Illuminate\\Session\\DatabaseSessionHandler->read('FHxPMCe9CFIjXQg...')
#20 /home/notfuad/ngodingweb/www/laundry-go/vendor/laravel/framework/src/Illuminate/Session/Store.php(116): Illuminate\\Session\\Store->readFromHandler()
#21 /home/notfuad/ngodingweb/www/laundry-go/vendor/laravel/framework/src/Illuminate/Session/Store.php(100): Illuminate\\Session\\Store->loadSession()
#22 /home/notfuad/ngodingweb/www/laundry-go/vendor/laravel/framework/src/Illuminate/Session/Middleware/StartSession.php(146): Illuminate\\Session\\Store->start()
#23 /home/notfuad/ngodingweb/www/laundry-go/vendor/laravel/framework/src/Illuminate/Support/helpers.php(393): Illuminate\\Session\\Middleware\\StartSession->{closure:Illuminate\\Session\\Middleware\\StartSession::startSession():143}(Object(Illuminate\\Session\\Store))
#24 /home/notfuad/ngodingweb/www/laundry-go/vendor/laravel/framework/src/Illuminate/Session/Middleware/StartSession.php(143): tap(Object(Illuminate\\Session\\Store), Object(Closure))
#25 /home/notfuad/ngodingweb/www/laundry-go/vendor/laravel/framework/src/Illuminate/Session/Middleware/StartSession.php(115): Illuminate\\Session\\Middleware\\StartSession->startSession(Object(Illuminate\\Http\\Request), Object(Illuminate\\Session\\Store))
#26 /home/notfuad/ngodingweb/www/laundry-go/vendor/laravel/framework/src/Illuminate/Session/Middleware/StartSession.php(63): Illuminate\\Session\\Middleware\\StartSession->handleStatefulRequest(Object(Illuminate\\Http\\Request), Object(Illuminate\\Session\\Store), Object(Closure))
#27 /home/notfuad/ngodingweb/www/laundry-go/vendor/laravel/framework/src/Illuminate/Pipeline/Pipeline.php(219): Illuminate\\Session\\Middleware\\StartSession->handle(Object(Illuminate\\Http\\Request), Object(Closure))
#28 /home/notfuad/ngodingweb/www/laundry-go/vendor/laravel/framework/src/Illuminate/Cookie/Middleware/AddQueuedCookiesToResponse.php(36): Illuminate\\Pipeline\\Pipeline->{closure:{closure:Illuminate\\Pipeline\\Pipeline::carry():194}:195}(Object(Illuminate\\Http\\Request))
#29 /home/notfuad/ngodingweb/www/laundry-go/vendor/laravel/framework/src/Illuminate/Pipeline/Pipeline.php(219): Illuminate\\Cookie\\Middleware\\AddQueuedCookiesToResponse->handle(Object(Illuminate\\Http\\Request), Object(Closure))
#30 /home/notfuad/ngodingweb/www/laundry-go/vendor/laravel/framework/src/Illuminate/Cookie/Middleware/EncryptCookies.php(74): Illuminate\\Pipeline\\Pipeline->{closure:{closure:Illuminate\\Pipeline\\Pipeline::carry():194}:195}(Object(Illuminate\\Http\\Request))
#31 /home/notfuad/ngodingweb/www/laundry-go/vendor/laravel/framework/src/Illuminate/Pipeline/Pipeline.php(219): Illuminate\\Cookie\\Middleware\\EncryptCookies->handle(Object(Illuminate\\Http\\Request), Object(Closure))
#32 /home/notfuad/ngodingweb/www/laundry-go/vendor/laravel/framework/src/Illuminate/Pipeline/Pipeline.php(137): Illuminate\\Pipeline\\Pipeline->{closure:{closure:Illuminate\\Pipeline\\Pipeline::carry():194}:195}(Object(Illuminate\\Http\\Request))
#33 /home/notfuad/ngodingweb/www/laundry-go/vendor/laravel/framework/src/Illuminate/Routing/Router.php(821): Illuminate\\Pipeline\\Pipeline->then(Object(Closure))
#34 /home/notfuad/ngodingweb/www/laundry-go/vendor/laravel/framework/src/Illuminate/Routing/Router.php(800): Illuminate\\Routing\\Router->runRouteWithinStack(Object(Illuminate\\Routing\\Route), Object(Illuminate\\Http\\Request))
#35 /home/notfuad/ngodingweb/www/laundry-go/vendor/laravel/framework/src/Illuminate/Routing/Router.php(764): Illuminate\\Routing\\Router->runRoute(Object(Illuminate\\Http\\Request), Object(Illuminate\\Routing\\Route))
#36 /home/notfuad/ngodingweb/www/laundry-go/vendor/laravel/framework/src/Illuminate/Routing/Router.php(753): Illuminate\\Routing\\Router->dispatchToRoute(Object(Illuminate\\Http\\Request))
#37 /home/notfuad/ngodingweb/www/laundry-go/vendor/laravel/framework/src/Illuminate/Foundation/Http/Kernel.php(200): Illuminate\\Routing\\Router->dispatch(Object(Illuminate\\Http\\Request))
#38 /home/notfuad/ngodingweb/www/laundry-go/vendor/laravel/framework/src/Illuminate/Pipeline/Pipeline.php(180): Illuminate\\Foundation\\Http\\Kernel->{closure:Illuminate\\Foundation\\Http\\Kernel::dispatchToRouter():197}(Object(Illuminate\\Http\\Request))
#39 /home/notfuad/ngodingweb/www/laundry-go/vendor/laravel/mcp/src/Server/Middleware/AddWwwAuthenticateHeader.php(21): Illuminate\\Pipeline\\Pipeline->{closure:Illuminate\\Pipeline\\Pipeline::prepareDestination():178}(Object(Illuminate\\Http\\Request))
#40 /home/notfuad/ngodingweb/www/laundry-go/vendor/laravel/framework/src/Illuminate/Pipeline/Pipeline.php(219): Laravel\\Mcp\\Server\\Middleware\\AddWwwAuthenticateHeader->handle(Object(Illuminate\\Http\\Request), Object(Closure))
#41 /home/notfuad/ngodingweb/www/laundry-go/vendor/laravel/framework/src/Illuminate/Foundation/Http/Middleware/TransformsRequest.php(21): Illuminate\\Pipeline\\Pipeline->{closure:{closure:Illuminate\\Pipeline\\Pipeline::carry():194}:195}(Object(Illuminate\\Http\\Request))
#42 /home/notfuad/ngodingweb/www/laundry-go/vendor/laravel/framework/src/Illuminate/Foundation/Http/Middleware/ConvertEmptyStringsToNull.php(31): Illuminate\\Foundation\\Http\\Middleware\\TransformsRequest->handle(Object(Illuminate\\Http\\Request), Object(Closure))
#43 /home/notfuad/ngodingweb/www/laundry-go/vendor/laravel/framework/src/Illuminate/Pipeline/Pipeline.php(219): Illuminate\\Foundation\\Http\\Middleware\\ConvertEmptyStringsToNull->handle(Object(Illuminate\\Http\\Request), Object(Closure))
#44 /home/notfuad/ngodingweb/www/laundry-go/vendor/laravel/framework/src/Illuminate/Foundation/Http/Middleware/TransformsRequest.php(21): Illuminate\\Pipeline\\Pipeline->{closure:{closure:Illuminate\\Pipeline\\Pipeline::carry():194}:195}(Object(Illuminate\\Http\\Request))
#45 /home/notfuad/ngodingweb/www/laundry-go/vendor/laravel/framework/src/Illuminate/Foundation/Http/Middleware/TrimStrings.php(51): Illuminate\\Foundation\\Http\\Middleware\\TransformsRequest->handle(Object(Illuminate\\Http\\Request), Object(Closure))
#46 /home/notfuad/ngodingweb/www/laundry-go/vendor/laravel/framework/src/Illuminate/Pipeline/Pipeline.php(219): Illuminate\\Foundation\\Http\\Middleware\\TrimStrings->handle(Object(Illuminate\\Http\\Request), Object(Closure))
#47 /home/notfuad/ngodingweb/www/laundry-go/vendor/laravel/framework/src/Illuminate/Http/Middleware/ValidatePostSize.php(27): Illuminate\\Pipeline\\Pipeline->{closure:{closure:Illuminate\\Pipeline\\Pipeline::carry():194}:195}(Object(Illuminate\\Http\\Request))
#48 /home/notfuad/ngodingweb/www/laundry-go/vendor/laravel/framework/src/Illuminate/Pipeline/Pipeline.php(219): Illuminate\\Http\\Middleware\\ValidatePostSize->handle(Object(Illuminate\\Http\\Request), Object(Closure))
#49 /home/notfuad/ngodingweb/www/laundry-go/vendor/laravel/framework/src/Illuminate/Foundation/Http/Middleware/PreventRequestsDuringMaintenance.php(110): Illuminate\\Pipeline\\Pipeline->{closure:{closure:Illuminate\\Pipeline\\Pipeline::carry():194}:195}(Object(Illuminate\\Http\\Request))
#50 /home/notfuad/ngodingweb/www/laundry-go/vendor/laravel/framework/src/Illuminate/Pipeline/Pipeline.php(219): Illuminate\\Foundation\\Http\\Middleware\\PreventRequestsDuringMaintenance->handle(Object(Illuminate\\Http\\Request), Object(Closure))
#51 /home/notfuad/ngodingweb/www/laundry-go/vendor/laravel/framework/src/Illuminate/Http/Middleware/HandleCors.php(61): Illuminate\\Pipeline\\Pipeline->{closure:{closure:Illuminate\\Pipeline\\Pipeline::carry():194}:195}(Object(Illuminate\\Http\\Request))
#52 /home/notfuad/ngodingweb/www/laundry-go/vendor/laravel/framework/src/Illuminate/Pipeline/Pipeline.php(219): Illuminate\\Http\\Middleware\\HandleCors->handle(Object(Illuminate\\Http\\Request), Object(Closure))
#53 /home/notfuad/ngodingweb/www/laundry-go/vendor/laravel/framework/src/Illuminate/Http/Middleware/TrustProxies.php(58): Illuminate\\Pipeline\\Pipeline->{closure:{closure:Illuminate\\Pipeline\\Pipeline::carry():194}:195}(Object(Illuminate\\Http\\Request))
#54 /home/notfuad/ngodingweb/www/laundry-go/vendor/laravel/framework/src/Illuminate/Pipeline/Pipeline.php(219): Illuminate\\Http\\Middleware\\TrustProxies->handle(Object(Illuminate\\Http\\Request), Object(Closure))
#55 /home/notfuad/ngodingweb/www/laundry-go/vendor/laravel/framework/src/Illuminate/Foundation/Http/Middleware/InvokeDeferredCallbacks.php(22): Illuminate\\Pipeline\\Pipeline->{closure:{closure:Illuminate\\Pipeline\\Pipeline::carry():194}:195}(Object(Illuminate\\Http\\Request))
#56 /home/notfuad/ngodingweb/www/laundry-go/vendor/laravel/framework/src/Illuminate/Pipeline/Pipeline.php(219): Illuminate\\Foundation\\Http\\Middleware\\InvokeDeferredCallbacks->handle(Object(Illuminate\\Http\\Request), Object(Closure))
#57 /home/notfuad/ngodingweb/www/laundry-go/vendor/laravel/framework/src/Illuminate/Http/Middleware/ValidatePathEncoding.php(28): Illuminate\\Pipeline\\Pipeline->{closure:{closure:Illuminate\\Pipeline\\Pipeline::carry():194}:195}(Object(Illuminate\\Http\\Request))
#58 /home/notfuad/ngodingweb/www/laundry-go/vendor/laravel/framework/src/Illuminate/Pipeline/Pipeline.php(219): Illuminate\\Http\\Middleware\\ValidatePathEncoding->handle(Object(Illuminate\\Http\\Request), Object(Closure))
#59 /home/notfuad/ngodingweb/www/laundry-go/vendor/laravel/framework/src/Illuminate/Pipeline/Pipeline.php(137): Illuminate\\Pipeline\\Pipeline->{closure:{closure:Illuminate\\Pipeline\\Pipeline::carry():194}:195}(Object(Illuminate\\Http\\Request))
#60 /home/notfuad/ngodingweb/www/laundry-go/vendor/laravel/framework/src/Illuminate/Foundation/Http/Kernel.php(175): Illuminate\\Pipeline\\Pipeline->then(Object(Closure))
#61 /home/notfuad/ngodingweb/www/laundry-go/vendor/laravel/framework/src/Illuminate/Foundation/Http/Kernel.php(144): Illuminate\\Foundation\\Http\\Kernel->sendRequestThroughRouter(Object(Illuminate\\Http\\Request))
#62 /home/notfuad/ngodingweb/www/laundry-go/vendor/laravel/framework/src/Illuminate/Foundation/Application.php(1227): Illuminate\\Foundation\\Http\\Kernel->handle(Object(Illuminate\\Http\\Request))
#63 /home/notfuad/ngodingweb/www/laundry-go/public/index.php(20): Illuminate\\Foundation\\Application->handleRequest(Object(Illuminate\\Http\\Request))
#64 /home/notfuad/ngodingweb/www/laundry-go/vendor/laravel/framework/src/Illuminate/Foundation/resources/server.php(23): require_once('/home/notfuad/n...')
#65 {main}
"} 
[2026-09-25 04:49:31] local.ERROR: Database file at path [laravel] does not exist. Ensure this is an absolute path to the database. (Connection: sqlite, Database: laravel, SQL: select * from "sessions" where "id" = FHxPMCe9CFIjXQgW0DGoMH2MsfwhRZkYyFI0EkTG limit 1) {"exception":"[object] (Illuminate\\Database\\QueryException(code: 0): Database file at path [laravel] does not exist. Ensure this is an absolute path to the database. (Connection: sqlite, Database: laravel, SQL: select * from \"sessions\" where \"id\" = FHxPMCe9CFIjXQgW0DGoMH2MsfwhRZkYyFI0EkTG limit 1) at /home/notfuad/ngodingweb/www/laundry-go/vendor/laravel/framework/src/Illuminate/Database/Connection.php:857)
[stacktrace]
#0 /home/notfuad/ngodingweb/www/laundry-go/vendor/laravel/framework/src/Illuminate/Database/Connection.php(813): Illuminate\\Database\\Connection->runQueryCallback('select * from \"...', Array, Object(Closure))
#1 /home/notfuad/ngodingweb/www/laundry-go/vendor/laravel/framework/src/Illuminate/Database/Connection.php(426): Illuminate\\Database\\Connection->run('select * from \"...', Array, Object(Closure))
#2 /home/notfuad/ngodingweb/www/laundry-go/vendor/laravel/framework/src/Illuminate/Database/Query/Builder.php(3631): Illuminate\\Database\\Connection->select('select * from \"...', Array, false, Array)
#3 /home/notfuad/ngodingweb/www/laundry-go/vendor/laravel/framework/src/Illuminate/Database/Query/Builder.php(3615): Illuminate\\Database\\Query\\Builder->runSelect()
#4 /home/notfuad/ngodingweb/www/laundry-go/vendor/laravel/framework/src/Illuminate/Database/Concerns/BuildsQueries.php(408): Illuminate\\Database\\Query\\Builder->get(Array)
#5 /home/notfuad/ngodingweb/www/laundry-go/vendor/laravel/framework/src/Illuminate/Database/Query/Builder.php(3533): Illuminate\\Database\\Query\\Builder->first(Array)
#6 /home/notfuad/ngodingweb/www/laundry-go/vendor/laravel/framework/src/Illuminate/Session/DatabaseSessionHandler.php(117): Illuminate\\Database\\Query\\Builder->find('FHxPMCe9CFIjXQg...')
#7 /home/notfuad/ngodingweb/www/laundry-go/vendor/laravel/framework/src/Illuminate/Session/Store.php(128): Illuminate\\Session\\DatabaseSessionHandler->read('FHxPMCe9CFIjXQg...')
#8 /home/notfuad/ngodingweb/www/laundry-go/vendor/laravel/framework/src/Illuminate/Session/Store.php(116): Illuminate\\Session\\Store->readFromHandler()
#9 /home/notfuad/ngodingweb/www/laundry-go/vendor/laravel/framework/src/Illuminate/Session/Store.php(100): Illuminate\\Session\\Store->loadSession()
#10 /home/notfuad/ngodingweb/www/laundry-go/vendor/laravel/framework/src/Illuminate/Session/Middleware/StartSession.php(146): Illuminate\\Session\\Store->start()
#11 /home/notfuad/ngodingweb/www/laundry-go/vendor/laravel/framework/src/Illuminate/Support/helpers.php(393): Illuminate\\Session\\Middleware\\StartSession->{closure:Illuminate\\Session\\Middleware\\StartSession::startSession():143}(Object(Illuminate\\Session\\Store))
#12 /home/notfuad/ngodingweb/www/laundry-go/vendor/laravel/framework/src/Illuminate/Session/Middleware/StartSession.php(143): tap(Object(Illuminate\\Session\\Store), Object(Closure))
#13 /home/notfuad/ngodingweb/www/laundry-go/vendor/laravel/framework/src/Illuminate/Session/Middleware/StartSession.php(115): Illuminate\\Session\\Middleware\\StartSession->startSession(Object(Illuminate\\Http\\Request), Object(Illuminate\\Session\\Store))
#14 /home/notfuad/ngodingweb/www/laundry-go/vendor/laravel/framework/src/Illuminate/Session/Middleware/StartSession.php(63): Illuminate\\Session\\Middleware\\StartSession->handleStatefulRequest(Object(Illuminate\\Http\\Request), Object(Illuminate\\Session\\Store), Object(Closure))
#15 /home/notfuad/ngodingweb/www/laundry-go/vendor/laravel/framework/src/Illuminate/Pipeline/Pipeline.php(219): Illuminate\\Session\\Middleware\\StartSession->handle(Object(Illuminate\\Http\\Request), Object(Closure))
#16 /home/notfuad/ngodingweb/www/laundry-go/vendor/laravel/framework/src/Illuminate/Cookie/Middleware/AddQueuedCookiesToResponse.php(36): Illuminate\\Pipeline\\Pipeline->{closure:{closure:Illuminate\\Pipeline\\Pipeline::carry():194}:195}(Object(Illuminate\\Http\\Request))
#17 /home/notfuad/ngodingweb/www/laundry-go/vendor/laravel/framework/src/Illuminate/Pipeline/Pipeline.php(219): Illuminate\\Cookie\\Middleware\\AddQueuedCookiesToResponse->handle(Object(Illuminate\\Http\\Request), Object(Closure))
#18 /home/notfuad/ngodingweb/www/laundry-go/vendor/laravel/framework/src/Illuminate/Cookie/Middleware/EncryptCookies.php(74): Illuminate\\Pipeline\\Pipeline->{closure:{closure:Illuminate\\Pipeline\\Pipeline::carry():194}:195}(Object(Illuminate\\Http\\Request))
#19 /home/notfuad/ngodingweb/www/laundry-go/vendor/laravel/framework/src/Illuminate/Pipeline/Pipeline.php(219): Illuminate\\Cookie\\Middleware\\EncryptCookies->handle(Object(Illuminate\\Http\\Request), Object(Closure))
#20 /home/notfuad/ngodingweb/www/laundry-go/vendor/laravel/framework/src/Illuminate/Pipeline/Pipeline.php(137): Illuminate\\Pipeline\\Pipeline->{closure:{closure:Illuminate\\Pipeline\\Pipeline::carry():194}:195}(Object(Illuminate\\Http\\Request))
#21 /home/notfuad/ngodingweb/www/laundry-go/vendor/laravel/framework/src/Illuminate/Routing/Router.php(821): Illuminate\\Pipeline\\Pipeline->then(Object(Closure))
#22 /home/notfuad/ngodingweb/www/laundry-go/vendor/laravel/framework/src/Illuminate/Routing/Router.php(800): Illuminate\\Routing\\Router->runRouteWithinStack(Object(Illuminate\\Routing\\Route), Object(Illuminate\\Http\\Request))
#23 /home/notfuad/ngodingweb/www/laundry-go/vendor/laravel/framework/src/Illuminate/Routing/Router.php(764): Illuminate\\Routing\\Router->runRoute(Object(Illuminate\\Http\\Request), Object(Illuminate\\Routing\\Route))
#24 /home/notfuad/ngodingweb/www/laundry-go/vendor/laravel/framework/src/Illuminate/Routing/Router.php(753): Illuminate\\Routing\\Router->dispatchToRoute(Object(Illuminate\\Http\\Request))
#25 /home/notfuad/ngodingweb/www/laundry-go/vendor/laravel/framework/src/Illuminate/Foundation/Http/Kernel.php(200): Illuminate\\Routing\\Router->dispatch(Object(Illuminate\\Http\\Request))
#26 /home/notfuad/ngodingweb/www/laundry-go/vendor/laravel/framework/src/Illuminate/Pipeline/Pipeline.php(180): Illuminate\\Foundation\\Http\\Kernel->{closure:Illuminate\\Foundation\\Http\\Kernel::dispatchToRouter():197}(Object(Illuminate\\Http\\Request))
#27 /home/notfuad/ngodingweb/www/laundry-go/vendor/laravel/mcp/src/Server/Middleware/AddWwwAuthenticateHeader.php(21): Illuminate\\Pipeline\\Pipeline->{closure:Illuminate\\Pipeline\\Pipeline::prepareDestination():178}(Object(Illuminate\\Http\\Request))
#28 /home/notfuad/ngodingweb/www/laundry-go/vendor/laravel/framework/src/Illuminate/Pipeline/Pipeline.php(219): Laravel\\Mcp\\Server\\Middleware\\AddWwwAuthenticateHeader->handle(Object(Illuminate\\Http\\Request), Object(Closure))
#29 /home/notfuad/ngodingweb/www/laundry-go/vendor/laravel/framework/src/Illuminate/Foundation/Http/Middleware/TransformsRequest.php(21): Illuminate\\Pipeline\\Pipeline->{closure:{closure:Illuminate\\Pipeline\\Pipeline::carry():194}:195}(Object(Illuminate\\Http\\Request))
#30 /home/notfuad/ngodingweb/www/laundry-go/vendor/laravel/framework/src/Illuminate/Foundation/Http/Middleware/ConvertEmptyStringsToNull.php(31): Illuminate\\Foundation\\Http\\Middleware\\TransformsRequest->handle(Object(Illuminate\\Http\\Request), Object(Closure))
#31 /home/notfuad/ngodingweb/www/laundry-go/vendor/laravel/framework/src/Illuminate/Pipeline/Pipeline.php(219): Illuminate\\Foundation\\Http\\Middleware\\ConvertEmptyStringsToNull->handle(Object(Illuminate\\Http\\Request), Object(Closure))
#32 /home/notfuad/ngodingweb/www/laundry-go/vendor/laravel/framework/src/Illuminate/Foundation/Http/Middleware/TransformsRequest.php(21): Illuminate\\Pipeline\\Pipeline->{closure:{closure:Illuminate\\Pipeline\\Pipeline::carry():194}:195}(Object(Illuminate\\Http\\Request))
#33 /home/notfuad/ngodingweb/www/laundry-go/vendor/laravel/framework/src/Illuminate/Foundation/Http/Middleware/TrimStrings.php(51): Illuminate\\Foundation\\Http\\Middleware\\TransformsRequest->handle(Object(Illuminate\\Http\\Request), Object(Closure))
#34 /home/notfuad/ngodingweb/www/laundry-go/vendor/laravel/framework/src/Illuminate/Pipeline/Pipeline.php(219): Illuminate\\Foundation\\Http\\Middleware\\TrimStrings->handle(Object(Illuminate\\Http\\Request), Object(Closure))
#35 /home/notfuad/ngodingweb/www/laundry-go/vendor/laravel/framework/src/Illuminate/Http/Middleware/ValidatePostSize.php(27): Illuminate\\Pipeline\\Pipeline->{closure:{closure:Illuminate\\Pipeline\\Pipeline::carry():194}:195}(Object(Illuminate\\Http\\Request))
#36 /home/notfuad/ngodingweb/www/laundry-go/vendor/laravel/framework/src/Illuminate/Pipeline/Pipeline.php(219): Illuminate\\Http\\Middleware\\ValidatePostSize->handle(Object(Illuminate\\Http\\Request), Object(Closure))
#37 /home/notfuad/ngodingweb/www/laundry-go/vendor/laravel/framework/src/Illuminate/Foundation/Http/Middleware/PreventRequestsDuringMaintenance.php(110): Illuminate\\Pipeline\\Pipeline->{closure:{closure:Illuminate\\Pipeline\\Pipeline::carry():194}:195}(Object(Illuminate\\Http\\Request))
#38 /home/notfuad/ngodingweb/www/laundry-go/vendor/laravel/framework/src/Illuminate/Pipeline/Pipeline.php(219): Illuminate\\Foundation\\Http\\Middleware\\PreventRequestsDuringMaintenance->handle(Object(Illuminate\\Http\\Request), Object(Closure))
#39 /home/notfuad/ngodingweb/www/laundry-go/vendor/laravel/framework/src/Illuminate/Http/Middleware/HandleCors.php(61): Illuminate\\Pipeline\\Pipeline->{closure:{closure:Illuminate\\Pipeline\\Pipeline::carry():194}:195}(Object(Illuminate\\Http\\Request))
#40 /home/notfuad/ngodingweb/www/laundry-go/vendor/laravel/framework/src/Illuminate/Pipeline/Pipeline.php(219): Illuminate\\Http\\Middleware\\HandleCors->handle(Object(Illuminate\\Http\\Request), Object(Closure))
#41 /home/notfuad/ngodingweb/www/laundry-go/vendor/laravel/framework/src/Illuminate/Http/Middleware/TrustProxies.php(58): Illuminate\\Pipeline\\Pipeline->{closure:{closure:Illuminate\\Pipeline\\Pipeline::carry():194}:195}(Object(Illuminate\\Http\\Request))
#42 /home/notfuad/ngodingweb/www/laundry-go/vendor/laravel/framework/src/Illuminate/Pipeline/Pipeline.php(219): Illuminate\\Http\\Middleware\\TrustProxies->handle(Object(Illuminate\\Http\\Request), Object(Closure))
#43 /home/notfuad/ngodingweb/www/laundry-go/vendor/laravel/framework/src/Illuminate/Foundation/Http/Middleware/InvokeDeferredCallbacks.php(22): Illuminate\\Pipeline\\Pipeline->{closure:{closure:Illuminate\\Pipeline\\Pipeline::carry():194}:195}(Object(Illuminate\\Http\\Request))
#44 /home/notfuad/ngodingweb/www/laundry-go/vendor/laravel/framework/src/Illuminate/Pipeline/Pipeline.php(219): Illuminate\\Foundation\\Http\\Middleware\\InvokeDeferredCallbacks->handle(Object(Illuminate\\Http\\Request), Object(Closure))
#45 /home/notfuad/ngodingweb/www/laundry-go/vendor/laravel/framework/src/Illuminate/Http/Middleware/ValidatePathEncoding.php(28): Illuminate\\Pipeline\\Pipeline->{closure:{closure:Illuminate\\Pipeline\\Pipeline::carry():194}:195}(Object(Illuminate\\Http\\Request))
#46 /home/notfuad/ngodingweb/www/laundry-go/vendor/laravel/framework/src/Illuminate/Pipeline/Pipeline.php(219): Illuminate\\Http\\Middleware\\ValidatePathEncoding->handle(Object(Illuminate\\Http\\Request), Object(Closure))
#47 /home/notfuad/ngodingweb/www/laundry-go/vendor/laravel/framework/src/Illuminate/Pipeline/Pipeline.php(137): Illuminate\\Pipeline\\Pipeline->{closure:{closure:Illuminate\\Pipeline\\Pipeline::carry():194}:195}(Object(Illuminate\\Http\\Request))
#48 /home/notfuad/ngodingweb/www/laundry-go/vendor/laravel/framework/src/Illuminate/Foundation/Http/Kernel.php(175): Illuminate\\Pipeline\\Pipeline->then(Object(Closure))
#49 /home/notfuad/ngodingweb/www/laundry-go/vendor/laravel/framework/src/Illuminate/Foundation/Http/Kernel.php(144): Illuminate\\Foundation\\Http\\Kernel->sendRequestThroughRouter(Object(Illuminate\\Http\\Request))
#50 /home/notfuad/ngodingweb/www/laundry-go/vendor/laravel/framework/src/Illuminate/Foundation/Application.php(1227): Illuminate\\Foundation\\Http\\Kernel->handle(Object(Illuminate\\Http\\Request))
#51 /home/notfuad/ngodingweb/www/laundry-go/public/index.php(20): Illuminate\\Foundation\\Application->handleRequest(Object(Illuminate\\Http\\Request))
#52 /home/notfuad/ngodingweb/www/laundry-go/vendor/laravel/framework/src/Illuminate/Foundation/resources/server.php(23): require_once('/home/notfuad/n...')
#53 {main}

[previous exception] [object] (Illuminate\\Database\\SQLiteDatabaseDoesNotExistException(code: 0): Database file at path [laravel] does not exist. Ensure this is an absolute path to the database. at /home/notfuad/ngodingweb/www/laundry-go/vendor/laravel/framework/src/Illuminate/Database/Connectors/SQLiteConnector.php:61)
[stacktrace]
#0 /home/notfuad/ngodingweb/www/laundry-go/vendor/laravel/framework/src/Illuminate/Database/Connectors/SQLiteConnector.php(19): Illuminate\\Database\\Connectors\\SQLiteConnector->parseDatabasePath(false)
#1 /home/notfuad/ngodingweb/www/laundry-go/vendor/laravel/framework/src/Illuminate/Database/Connectors/ConnectionFactory.php(259): Illuminate\\Database\\Connectors\\SQLiteConnector->connect(Array)
#2 [internal function]: Illuminate\\Database\\Connectors\\ConnectionFactory->{closure:Illuminate\\Database\\Connectors\\ConnectionFactory::createPdoResolverWithoutHosts():259}()
#3 /home/notfuad/ngodingweb/www/laundry-go/vendor/laravel/framework/src/Illuminate/Database/Connection.php(1298): call_user_func(Object(Closure))
#4 /home/notfuad/ngodingweb/www/laundry-go/vendor/laravel/framework/src/Illuminate/Database/Connection.php(542): Illuminate\\Database\\Connection->getPdo()
#5 /home/notfuad/ngodingweb/www/laundry-go/vendor/laravel/framework/src/Illuminate/Database/Connection.php(435): Illuminate\\Database\\Connection->getPdoForSelect(false)
#6 /home/notfuad/ngodingweb/www/laundry-go/vendor/laravel/framework/src/Illuminate/Database/Connection.php(846): Illuminate\\Database\\Connection->{closure:Illuminate\\Database\\Connection::select():426}('select * from \"...', Array)
#7 /home/notfuad/ngodingweb/www/laundry-go/vendor/laravel/framework/src/Illuminate/Database/Connection.php(813): Illuminate\\Database\\Connection->runQueryCallback('select * from \"...', Array, Object(Closure))
#8 /home/notfuad/ngodingweb/www/laundry-go/vendor/laravel/framework/src/Illuminate/Database/Connection.php(426): Illuminate\\Database\\Connection->run('select * from \"...', Array, Object(Closure))
#9 /home/notfuad/ngodingweb/www/laundry-go/vendor/laravel/framework/src/Illuminate/Database/Query/Builder.php(3631): Illuminate\\Database\\Connection->select('select * from \"...', Array, false, Array)
#10 /home/notfuad/ngodingweb/www/laundry-go/vendor/laravel/framework/src/Illuminate/Database/Query/Builder.php(3615): Illuminate\\Database\\Query\\Builder->runSelect()
#11 /home/notfuad/ngodingweb/www/laundry-go/vendor/laravel/framework/src/Illuminate/Database/Concerns/BuildsQueries.php(408): Illuminate\\Database\\Query\\Builder->get(Array)
#12 /home/notfuad/ngodingweb/www/laundry-go/vendor/laravel/framework/src/Illuminate/Database/Query/Builder.php(3533): Illuminate\\Database\\Query\\Builder->first(Array)
#13 /home/notfuad/ngodingweb/www/laundry-go/vendor/laravel/framework/src/Illuminate/Session/DatabaseSessionHandler.php(117): Illuminate\\Database\\Query\\Builder->find('FHxPMCe9CFIjXQg...')
#14 /home/notfuad/ngodingweb/www/laundry-go/vendor/laravel/framework/src/Illuminate/Session/Store.php(128): Illuminate\\Session\\DatabaseSessionHandler->read('FHxPMCe9CFIjXQg...')
#15 /home/notfuad/ngodingweb/www/laundry-go/vendor/laravel/framework/src/Illuminate/Session/Store.php(116): Illuminate\\Session\\Store->readFromHandler()
#16 /home/notfuad/ngodingweb/www/laundry-go/vendor/laravel/framework/src/Illuminate/Session/Store.php(100): Illuminate\\Session\\Store->loadSession()
#17 /home/notfuad/ngodingweb/www/laundry-go/vendor/laravel/framework/src/Illuminate/Session/Middleware/StartSession.php(146): Illuminate\\Session\\Store->start()
#18 /home/notfuad/ngodingweb/www/laundry-go/vendor/laravel/framework/src/Illuminate/Support/helpers.php(393): Illuminate\\Session\\Middleware\\StartSession->{closure:Illuminate\\Session\\Middleware\\StartSession::startSession():143}(Object(Illuminate\\Session\\Store))
#19 /home/notfuad/ngodingweb/www/laundry-go/vendor/laravel/framework/src/Illuminate/Session/Middleware/StartSession.php(143): tap(Object(Illuminate\\Session\\Store), Object(Closure))
#20 /home/notfuad/ngodingweb/www/laundry-go/vendor/laravel/framework/src/Illuminate/Session/Middleware/StartSession.php(115): Illuminate\\Session\\Middleware\\StartSession->startSession(Object(Illuminate\\Http\\Request), Object(Illuminate\\Session\\Store))
#21 /home/notfuad/ngodingweb/www/laundry-go/vendor/laravel/framework/src/Illuminate/Session/Middleware/StartSession.php(63): Illuminate\\Session\\Middleware\\StartSession->handleStatefulRequest(Object(Illuminate\\Http\\Request), Object(Illuminate\\Session\\Store), Object(Closure))
#22 /home/notfuad/ngodingweb/www/laundry-go/vendor/laravel/framework/src/Illuminate/Pipeline/Pipeline.php(219): Illuminate\\Session\\Middleware\\StartSession->handle(Object(Illuminate\\Http\\Request), Object(Closure))
#23 /home/notfuad/ngodingweb/www/laundry-go/vendor/laravel/framework/src/Illuminate/Cookie/Middleware/AddQueuedCookiesToResponse.php(36): Illuminate\\Pipeline\\Pipeline->{closure:{closure:Illuminate\\Pipeline\\Pipeline::carry():194}:195}(Object(Illuminate\\Http\\Request))
#24 /home/notfuad/ngodingweb/www/laundry-go/vendor/laravel/framework/src/Illuminate/Pipeline/Pipeline.php(219): Illuminate\\Cookie\\Middleware\\AddQueuedCookiesToResponse->handle(Object(Illuminate\\Http\\Request), Object(Closure))
#25 /home/notfuad/ngodingweb/www/laundry-go/vendor/laravel/framework/src/Illuminate/Cookie/Middleware/EncryptCookies.php(74): Illuminate\\Pipeline\\Pipeline->{closure:{closure:Illuminate\\Pipeline\\Pipeline::carry():194}:195}(Object(Illuminate\\Http\\Request))
#26 /home/notfuad/ngodingweb/www/laundry-go/vendor/laravel/framework/src/Illuminate/Pipeline/Pipeline.php(219): Illuminate\\Cookie\\Middleware\\EncryptCookies->handle(Object(Illuminate\\Http\\Request), Object(Closure))
#27 /home/notfuad/ngodingweb/www/laundry-go/vendor/laravel/framework/src/Illuminate/Pipeline/Pipeline.php(137): Illuminate\\Pipeline\\Pipeline->{closure:{closure:Illuminate\\Pipeline\\Pipeline::carry():194}:195}(Object(Illuminate\\Http\\Request))
#28 /home/notfuad/ngodingweb/www/laundry-go/vendor/laravel/framework/src/Illuminate/Routing/Router.php(821): Illuminate\\Pipeline\\Pipeline->then(Object(Closure))
#29 /home/notfuad/ngodingweb/www/laundry-go/vendor/laravel/framework/src/Illuminate/Routing/Router.php(800): Illuminate\\Routing\\Router->runRouteWithinStack(Object(Illuminate\\Routing\\Route), Object(Illuminate\\Http\\Request))
#30 /home/notfuad/ngodingweb/www/laundry-go/vendor/laravel/framework/src/Illuminate/Routing/Router.php(764): Illuminate\\Routing\\Router->runRoute(Object(Illuminate\\Http\\Request), Object(Illuminate\\Routing\\Route))
#31 /home/notfuad/ngodingweb/www/laundry-go/vendor/laravel/framework/src/Illuminate/Routing/Router.php(753): Illuminate\\Routing\\Router->dispatchToRoute(Object(Illuminate\\Http\\Request))
#32 /home/notfuad/ngodingweb/www/laundry-go/vendor/laravel/framework/src/Illuminate/Foundation/Http/Kernel.php(200): Illuminate\\Routing\\Router->dispatch(Object(Illuminate\\Http\\Request))
#33 /home/notfuad/ngodingweb/www/laundry-go/vendor/laravel/framework/src/Illuminate/Pipeline/Pipeline.php(180): Illuminate\\Foundation\\Http\\Kernel->{closure:Illuminate\\Foundation\\Http\\Kernel::dispatchToRouter():197}(Object(Illuminate\\Http\\Request))
#34 /home/notfuad/ngodingweb/www/laundry-go/vendor/laravel/mcp/src/Server/Middleware/AddWwwAuthenticateHeader.php(21): Illuminate\\Pipeline\\Pipeline->{closure:Illuminate\\Pipeline\\Pipeline::prepareDestination():178}(Object(Illuminate\\Http\\Request))
#35 /home/notfuad/ngodingweb/www/laundry-go/vendor/laravel/framework/src/Illuminate/Pipeline/Pipeline.php(219): Laravel\\Mcp\\Server\\Middleware\\AddWwwAuthenticateHeader->handle(Object(Illuminate\\Http\\Request), Object(Closure))
#36 /home/notfuad/ngodingweb/www/laundry-go/vendor/laravel/framework/src/Illuminate/Foundation/Http/Middleware/TransformsRequest.php(21): Illuminate\\Pipeline\\Pipeline->{closure:{closure:Illuminate\\Pipeline\\Pipeline::carry():194}:195}(Object(Illuminate\\Http\\Request))
#37 /home/notfuad/ngodingweb/www/laundry-go/vendor/laravel/framework/src/Illuminate/Foundation/Http/Middleware/ConvertEmptyStringsToNull.php(31): Illuminate\\Foundation\\Http\\Middleware\\TransformsRequest->handle(Object(Illuminate\\Http\\Request), Object(Closure))
#38 /home/notfuad/ngodingweb/www/laundry-go/vendor/laravel/framework/src/Illuminate/Pipeline/Pipeline.php(219): Illuminate\\Foundation\\Http\\Middleware\\ConvertEmptyStringsToNull->handle(Object(Illuminate\\Http\\Request), Object(Closure))
#39 /home/notfuad/ngodingweb/www/laundry-go/vendor/laravel/framework/src/Illuminate/Foundation/Http/Middleware/TransformsRequest.php(21): Illuminate\\Pipeline\\Pipeline->{closure:{closure:Illuminate\\Pipeline\\Pipeline::carry():194}:195}(Object(Illuminate\\Http\\Request))
#40 /home/notfuad/ngodingweb/www/laundry-go/vendor/laravel/framework/src/Illuminate/Foundation/Http/Middleware/TrimStrings.php(51): Illuminate\\Foundation\\Http\\Middleware\\TransformsRequest->handle(Object(Illuminate\\Http\\Request), Object(Closure))
#41 /home/notfuad/ngodingweb/www/laundry-go/vendor/laravel/framework/src/Illuminate/Pipeline/Pipeline.php(219): Illuminate\\Foundation\\Http\\Middleware\\TrimStrings->handle(Object(Illuminate\\Http\\Request), Object(Closure))
#42 /home/notfuad/ngodingweb/www/laundry-go/vendor/laravel/framework/src/Illuminate/Http/Middleware/ValidatePostSize.php(27): Illuminate\\Pipeline\\Pipeline->{closure:{closure:Illuminate\\Pipeline\\Pipeline::carry():194}:195}(Object(Illuminate\\Http\\Request))
#43 /home/notfuad/ngodingweb/www/laundry-go/vendor/laravel/framework/src/Illuminate/Pipeline/Pipeline.php(219): Illuminate\\Http\\Middleware\\ValidatePostSize->handle(Object(Illuminate\\Http\\Request), Object(Closure))
#44 /home/notfuad/ngodingweb/www/laundry-go/vendor/laravel/framework/src/Illuminate/Foundation/Http/Middleware/PreventRequestsDuringMaintenance.php(110): Illuminate\\Pipeline\\Pipeline->{closure:{closure:Illuminate\\Pipeline\\Pipeline::carry():194}:195}(Object(Illuminate\\Http\\Request))
#45 /home/notfuad/ngodingweb/www/laundry-go/vendor/laravel/framework/src/Illuminate/Pipeline/Pipeline.php(219): Illuminate\\Foundation\\Http\\Middleware\\PreventRequestsDuringMaintenance->handle(Object(Illuminate\\Http\\Request), Object(Closure))
#46 /home/notfuad/ngodingweb/www/laundry-go/vendor/laravel/framework/src/Illuminate/Http/Middleware/HandleCors.php(61): Illuminate\\Pipeline\\Pipeline->{closure:{closure:Illuminate\\Pipeline\\Pipeline::carry():194}:195}(Object(Illuminate\\Http\\Request))
#47 /home/notfuad/ngodingweb/www/laundry-go/vendor/laravel/framework/src/Illuminate/Pipeline/Pipeline.php(219): Illuminate\\Http\\Middleware\\HandleCors->handle(Object(Illuminate\\Http\\Request), Object(Closure))
#48 /home/notfuad/ngodingweb/www/laundry-go/vendor/laravel/framework/src/Illuminate/Http/Middleware/TrustProxies.php(58): Illuminate\\Pipeline\\Pipeline->{closure:{closure:Illuminate\\Pipeline\\Pipeline::carry():194}:195}(Object(Illuminate\\Http\\Request))
#49 /home/notfuad/ngodingweb/www/laundry-go/vendor/laravel/framework/src/Illuminate/Pipeline/Pipeline.php(219): Illuminate\\Http\\Middleware\\TrustProxies->handle(Object(Illuminate\\Http\\Request), Object(Closure))
#50 /home/notfuad/ngodingweb/www/laundry-go/vendor/laravel/framework/src/Illuminate/Foundation/Http/Middleware/InvokeDeferredCallbacks.php(22): Illuminate\\Pipeline\\Pipeline->{closure:{closure:Illuminate\\Pipeline\\Pipeline::carry():194}:195}(Object(Illuminate\\Http\\Request))
#51 /home/notfuad/ngodingweb/www/laundry-go/vendor/laravel/framework/src/Illuminate/Pipeline/Pipeline.php(219): Illuminate\\Foundation\\Http\\Middleware\\InvokeDeferredCallbacks->handle(Object(Illuminate\\Http\\Request), Object(Closure))
#52 /home/notfuad/ngodingweb/www/laundry-go/vendor/laravel/framework/src/Illuminate/Http/Middleware/ValidatePathEncoding.php(28): Illuminate\\Pipeline\\Pipeline->{closure:{closure:Illuminate\\Pipeline\\Pipeline::carry():194}:195}(Object(Illuminate\\Http\\Request))
#53 /home/notfuad/ngodingweb/www/laundry-go/vendor/laravel/framework/src/Illuminate/Pipeline/Pipeline.php(219): Illuminate\\Http\\Middleware\\ValidatePathEncoding->handle(Object(Illuminate\\Http\\Request), Object(Closure))
#54 /home/notfuad/ngodingweb/www/laundry-go/vendor/laravel/framework/src/Illuminate/Pipeline/Pipeline.php(137): Illuminate\\Pipeline\\Pipeline->{closure:{closure:Illuminate\\Pipeline\\Pipeline::carry():194}:195}(Object(Illuminate\\Http\\Request))
#55 /home/notfuad/ngodingweb/www/laundry-go/vendor/laravel/framework/src/Illuminate/Foundation/Http/Kernel.php(175): Illuminate\\Pipeline\\Pipeline->then(Object(Closure))
#56 /home/notfuad/ngodingweb/www/laundry-go/vendor/laravel/framework/src/Illuminate/Foundation/Http/Kernel.php(144): Illuminate\\Foundation\\Http\\Kernel->sendRequestThroughRouter(Object(Illuminate\\Http\\Request))
#57 /home/notfuad/ngodingweb/www/laundry-go/vendor/laravel/framework/src/Illuminate/Foundation/Application.php(1227): Illuminate\\Foundation\\Http\\Kernel->handle(Object(Illuminate\\Http\\Request))
#58 /home/notfuad/ngodingweb/www/laundry-go/public/index.php(20): Illuminate\\Foundation\\Application->handleRequest(Object(Illuminate\\Http\\Request))
#59 /home/notfuad/ngodingweb/www/laundry-go/vendor/laravel/framework/src/Illuminate/Foundation/resources/server.php(23): require_once('/home/notfuad/n...')
#60 {main}
"} 
[2026-09-25 04:49:39] local.ERROR: Database file at path [laravel] does not exist. Ensure this is an absolute path to the database. (Connection: sqlite, Database: laravel, SQL: select * from "sessions" where "id" = FHxPMCe9CFIjXQgW0DGoMH2MsfwhRZkYyFI0EkTG limit 1) {"exception":"[object] (Illuminate\\Database\\QueryException(code: 0): Database file at path [laravel] does not exist. Ensure this is an absolute path to the database. (Connection: sqlite, Database: laravel, SQL: select * from \"sessions\" where \"id\" = FHxPMCe9CFIjXQgW0DGoMH2MsfwhRZkYyFI0EkTG limit 1) at /home/notfuad/ngodingweb/www/laundry-go/vendor/laravel/framework/src/Illuminate/Database/Connection.php:857)
[stacktrace]
#0 /home/notfuad/ngodingweb/www/laundry-go/vendor/laravel/framework/src/Illuminate/Database/Connection.php(813): Illuminate\\Database\\Connection->runQueryCallback('select * from \"...', Array, Object(Closure))
#1 /home/notfuad/ngodingweb/www/laundry-go/vendor/laravel/framework/src/Illuminate/Database/Connection.php(426): Illuminate\\Database\\Connection->run('select * from \"...', Array, Object(Closure))
#2 /home/notfuad/ngodingweb/www/laundry-go/vendor/laravel/framework/src/Illuminate/Database/Query/Builder.php(3631): Illuminate\\Database\\Connection->select('select * from \"...', Array, false, Array)
#3 /home/notfuad/ngodingweb/www/laundry-go/vendor/laravel/framework/src/Illuminate/Database/Query/Builder.php(3615): Illuminate\\Database\\Query\\Builder->runSelect()
#4 /home/notfuad/ngodingweb/www/laundry-go/vendor/laravel/framework/src/Illuminate/Database/Concerns/BuildsQueries.php(408): Illuminate\\Database\\Query\\Builder->get(Array)
#5 /home/notfuad/ngodingweb/www/laundry-go/vendor/laravel/framework/src/Illuminate/Database/Query/Builder.php(3533): Illuminate\\Database\\Query\\Builder->first(Array)
#6 /home/notfuad/ngodingweb/www/laundry-go/vendor/laravel/framework/src/Illuminate/Session/DatabaseSessionHandler.php(117): Illuminate\\Database\\Query\\Builder->find('FHxPMCe9CFIjXQg...')
#7 /home/notfuad/ngodingweb/www/laundry-go/vendor/laravel/framework/src/Illuminate/Session/Store.php(128): Illuminate\\Session\\DatabaseSessionHandler->read('FHxPMCe9CFIjXQg...')
#8 /home/notfuad/ngodingweb/www/laundry-go/vendor/laravel/framework/src/Illuminate/Session/Store.php(116): Illuminate\\Session\\Store->readFromHandler()
#9 /home/notfuad/ngodingweb/www/laundry-go/vendor/laravel/framework/src/Illuminate/Session/Store.php(100): Illuminate\\Session\\Store->loadSession()
#10 /home/notfuad/ngodingweb/www/laundry-go/vendor/laravel/framework/src/Illuminate/Session/Middleware/StartSession.php(146): Illuminate\\Session\\Store->start()
#11 /home/notfuad/ngodingweb/www/laundry-go/vendor/laravel/framework/src/Illuminate/Support/helpers.php(393): Illuminate\\Session\\Middleware\\StartSession->{closure:Illuminate\\Session\\Middleware\\StartSession::startSession():143}(Object(Illuminate\\Session\\Store))
#12 /home/notfuad/ngodingweb/www/laundry-go/vendor/laravel/framework/src/Illuminate/Session/Middleware/StartSession.php(143): tap(Object(Illuminate\\Session\\Store), Object(Closure))
#13 /home/notfuad/ngodingweb/www/laundry-go/vendor/laravel/framework/src/Illuminate/Session/Middleware/StartSession.php(115): Illuminate\\Session\\Middleware\\StartSession->startSession(Object(Illuminate\\Http\\Request), Object(Illuminate\\Session\\Store))
#14 /home/notfuad/ngodingweb/www/laundry-go/vendor/laravel/framework/src/Illuminate/Session/Middleware/StartSession.php(63): Illuminate\\Session\\Middleware\\StartSession->handleStatefulRequest(Object(Illuminate\\Http\\Request), Object(Illuminate\\Session\\Store), Object(Closure))
#15 /home/notfuad/ngodingweb/www/laundry-go/vendor/laravel/framework/src/Illuminate/Pipeline/Pipeline.php(219): Illuminate\\Session\\Middleware\\StartSession->handle(Object(Illuminate\\Http\\Request), Object(Closure))
#16 /home/notfuad/ngodingweb/www/laundry-go/vendor/laravel/framework/src/Illuminate/Cookie/Middleware/AddQueuedCookiesToResponse.php(36): Illuminate\\Pipeline\\Pipeline->{closure:{closure:Illuminate\\Pipeline\\Pipeline::carry():194}:195}(Object(Illuminate\\Http\\Request))
#17 /home/notfuad/ngodingweb/www/laundry-go/vendor/laravel/framework/src/Illuminate/Pipeline/Pipeline.php(219): Illuminate\\Cookie\\Middleware\\AddQueuedCookiesToResponse->handle(Object(Illuminate\\Http\\Request), Object(Closure))
#18 /home/notfuad/ngodingweb/www/laundry-go/vendor/laravel/framework/src/Illuminate/Cookie/Middleware/EncryptCookies.php(74): Illuminate\\Pipeline\\Pipeline->{closure:{closure:Illuminate\\Pipeline\\Pipeline::carry():194}:195}(Object(Illuminate\\Http\\Request))
#19 /home/notfuad/ngodingweb/www/laundry-go/vendor/laravel/framework/src/Illuminate/Pipeline/Pipeline.php(219): Illuminate\\Cookie\\Middleware\\EncryptCookies->handle(Object(Illuminate\\Http\\Request), Object(Closure))
#20 /home/notfuad/ngodingweb/www/laundry-go/vendor/laravel/framework/src/Illuminate/Pipeline/Pipeline.php(137): Illuminate\\Pipeline\\Pipeline->{closure:{closure:Illuminate\\Pipeline\\Pipeline::carry():194}:195}(Object(Illuminate\\Http\\Request))
#21 /home/notfuad/ngodingweb/www/laundry-go/vendor/laravel/framework/src/Illuminate/Routing/Router.php(821): Illuminate\\Pipeline\\Pipeline->then(Object(Closure))
#22 /home/notfuad/ngodingweb/www/laundry-go/vendor/laravel/framework/src/Illuminate/Routing/Router.php(800): Illuminate\\Routing\\Router->runRouteWithinStack(Object(Illuminate\\Routing\\Route), Object(Illuminate\\Http\\Request))
#23 /home/notfuad/ngodingweb/www/laundry-go/vendor/laravel/framework/src/Illuminate/Routing/Router.php(764): Illuminate\\Routing\\Router->runRoute(Object(Illuminate\\Http\\Request), Object(Illuminate\\Routing\\Route))
#24 /home/notfuad/ngodingweb/www/laundry-go/vendor/laravel/framework/src/Illuminate/Routing/Router.php(753): Illuminate\\Routing\\Router->dispatchToRoute(Object(Illuminate\\Http\\Request))
#25 /home/notfuad/ngodingweb/www/laundry-go/vendor/laravel/framework/src/Illuminate/Foundation/Http/Kernel.php(200): Illuminate\\Routing\\Router->dispatch(Object(Illuminate\\Http\\Request))
#26 /home/notfuad/ngodingweb/www/laundry-go/vendor/laravel/framework/src/Illuminate/Pipeline/Pipeline.php(180): Illuminate\\Foundation\\Http\\Kernel->{closure:Illuminate\\Foundation\\Http\\Kernel::dispatchToRouter():197}(Object(Illuminate\\Http\\Request))
#27 /home/notfuad/ngodingweb/www/laundry-go/vendor/laravel/mcp/src/Server/Middleware/AddWwwAuthenticateHeader.php(21): Illuminate\\Pipeline\\Pipeline->{closure:Illuminate\\Pipeline\\Pipeline::prepareDestination():178}(Object(Illuminate\\Http\\Request))
#28 /home/notfuad/ngodingweb/www/laundry-go/vendor/laravel/framework/src/Illuminate/Pipeline/Pipeline.php(219): Laravel\\Mcp\\Server\\Middleware\\AddWwwAuthenticateHeader->handle(Object(Illuminate\\Http\\Request), Object(Closure))
#29 /home/notfuad/ngodingweb/www/laundry-go/vendor/laravel/framework/src/Illuminate/Foundation/Http/Middleware/TransformsRequest.php(21): Illuminate\\Pipeline\\Pipeline->{closure:{closure:Illuminate\\Pipeline\\Pipeline::carry():194}:195}(Object(Illuminate\\Http\\Request))
#30 /home/notfuad/ngodingweb/www/laundry-go/vendor/laravel/framework/src/Illuminate/Foundation/Http/Middleware/ConvertEmptyStringsToNull.php(31): Illuminate\\Foundation\\Http\\Middleware\\TransformsRequest->handle(Object(Illuminate\\Http\\Request), Object(Closure))
#31 /home/notfuad/ngodingweb/www/laundry-go/vendor/laravel/framework/src/Illuminate/Pipeline/Pipeline.php(219): Illuminate\\Foundation\\Http\\Middleware\\ConvertEmptyStringsToNull->handle(Object(Illuminate\\Http\\Request), Object(Closure))
#32 /home/notfuad/ngodingweb/www/laundry-go/vendor/laravel/framework/src/Illuminate/Foundation/Http/Middleware/TransformsRequest.php(21): Illuminate\\Pipeline\\Pipeline->{closure:{closure:Illuminate\\Pipeline\\Pipeline::carry():194}:195}(Object(Illuminate\\Http\\Request))
#33 /home/notfuad/ngodingweb/www/laundry-go/vendor/laravel/framework/src/Illuminate/Foundation/Http/Middleware/TrimStrings.php(51): Illuminate\\Foundation\\Http\\Middleware\\TransformsRequest->handle(Object(Illuminate\\Http\\Request), Object(Closure))
#34 /home/notfuad/ngodingweb/www/laundry-go/vendor/laravel/framework/src/Illuminate/Pipeline/Pipeline.php(219): Illuminate\\Foundation\\Http\\Middleware\\TrimStrings->handle(Object(Illuminate\\Http\\Request), Object(Closure))
#35 /home/notfuad/ngodingweb/www/laundry-go/vendor/laravel/framework/src/Illuminate/Http/Middleware/ValidatePostSize.php(27): Illuminate\\Pipeline\\Pipeline->{closure:{closure:Illuminate\\Pipeline\\Pipeline::carry():194}:195}(Object(Illuminate\\Http\\Request))
#36 /home/notfuad/ngodingweb/www/laundry-go/vendor/laravel/framework/src/Illuminate/Pipeline/Pipeline.php(219): Illuminate\\Http\\Middleware\\ValidatePostSize->handle(Object(Illuminate\\Http\\Request), Object(Closure))
#37 /home/notfuad/ngodingweb/www/laundry-go/vendor/laravel/framework/src/Illuminate/Foundation/Http/Middleware/PreventRequestsDuringMaintenance.php(110): Illuminate\\Pipeline\\Pipeline->{closure:{closure:Illuminate\\Pipeline\\Pipeline::carry():194}:195}(Object(Illuminate\\Http\\Request))
#38 /home/notfuad/ngodingweb/www/laundry-go/vendor/laravel/framework/src/Illuminate/Pipeline/Pipeline.php(219): Illuminate\\Foundation\\Http\\Middleware\\PreventRequestsDuringMaintenance->handle(Object(Illuminate\\Http\\Request), Object(Closure))
#39 /home/notfuad/ngodingweb/www/laundry-go/vendor/laravel/framework/src/Illuminate/Http/Middleware/HandleCors.php(61): Illuminate\\Pipeline\\Pipeline->{closure:{closure:Illuminate\\Pipeline\\Pipeline::carry():194}:195}(Object(Illuminate\\Http\\Request))
#40 /home/notfuad/ngodingweb/www/laundry-go/vendor/laravel/framework/src/Illuminate/Pipeline/Pipeline.php(219): Illuminate\\Http\\Middleware\\HandleCors->handle(Object(Illuminate\\Http\\Request), Object(Closure))
#41 /home/notfuad/ngodingweb/www/laundry-go/vendor/laravel/framework/src/Illuminate/Http/Middleware/TrustProxies.php(58): Illuminate\\Pipeline\\Pipeline->{closure:{closure:Illuminate\\Pipeline\\Pipeline::carry():194}:195}(Object(Illuminate\\Http\\Request))
#42 /home/notfuad/ngodingweb/www/laundry-go/vendor/laravel/framework/src/Illuminate/Pipeline/Pipeline.php(219): Illuminate\\Http\\Middleware\\TrustProxies->handle(Object(Illuminate\\Http\\Request), Object(Closure))
#43 /home/notfuad/ngodingweb/www/laundry-go/vendor/laravel/framework/src/Illuminate/Foundation/Http/Middleware/InvokeDeferredCallbacks.php(22): Illuminate\\Pipeline\\Pipeline->{closure:{closure:Illuminate\\Pipeline\\Pipeline::carry():194}:195}(Object(Illuminate\\Http\\Request))
#44 /home/notfuad/ngodingweb/www/laundry-go/vendor/laravel/framework/src/Illuminate/Pipeline/Pipeline.php(219): Illuminate\\Foundation\\Http\\Middleware\\InvokeDeferredCallbacks->handle(Object(Illuminate\\Http\\Request), Object(Closure))
#45 /home/notfuad/ngodingweb/www/laundry-go/vendor/laravel/framework/src/Illuminate/Http/Middleware/ValidatePathEncoding.php(28): Illuminate\\Pipeline\\Pipeline->{closure:{closure:Illuminate\\Pipeline\\Pipeline::carry():194}:195}(Object(Illuminate\\Http\\Request))
#46 /home/notfuad/ngodingweb/www/laundry-go/vendor/laravel/framework/src/Illuminate/Pipeline/Pipeline.php(219): Illuminate\\Http\\Middleware\\ValidatePathEncoding->handle(Object(Illuminate\\Http\\Request), Object(Closure))
#47 /home/notfuad/ngodingweb/www/laundry-go/vendor/laravel/framework/src/Illuminate/Pipeline/Pipeline.php(137): Illuminate\\Pipeline\\Pipeline->{closure:{closure:Illuminate\\Pipeline\\Pipeline::carry():194}:195}(Object(Illuminate\\Http\\Request))
#48 /home/notfuad/ngodingweb/www/laundry-go/vendor/laravel/framework/src/Illuminate/Foundation/Http/Kernel.php(175): Illuminate\\Pipeline\\Pipeline->then(Object(Closure))
#49 /home/notfuad/ngodingweb/www/laundry-go/vendor/laravel/framework/src/Illuminate/Foundation/Http/Kernel.php(144): Illuminate\\Foundation\\Http\\Kernel->sendRequestThroughRouter(Object(Illuminate\\Http\\Request))
#50 /home/notfuad/ngodingweb/www/laundry-go/vendor/laravel/framework/src/Illuminate/Foundation/Application.php(1227): Illuminate\\Foundation\\Http\\Kernel->handle(Object(Illuminate\\Http\\Request))
#51 /home/notfuad/ngodingweb/www/laundry-go/public/index.php(20): Illuminate\\Foundation\\Application->handleRequest(Object(Illuminate\\Http\\Request))
#52 /home/notfuad/ngodingweb/www/laundry-go/vendor/laravel/framework/src/Illuminate/Foundation/resources/server.php(23): require_once('/home/notfuad/n...')
#53 {main}

[previous exception] [object] (Illuminate\\Database\\SQLiteDatabaseDoesNotExistException(code: 0): Database file at path [laravel] does not exist. Ensure this is an absolute path to the database. at /home/notfuad/ngodingweb/www/laundry-go/vendor/laravel/framework/src/Illuminate/Database/Connectors/SQLiteConnector.php:61)
[stacktrace]
#0 /home/notfuad/ngodingweb/www/laundry-go/vendor/laravel/framework/src/Illuminate/Database/Connectors/SQLiteConnector.php(19): Illuminate\\Database\\Connectors\\SQLiteConnector->parseDatabasePath(false)
#1 /home/notfuad/ngodingweb/www/laundry-go/vendor/laravel/framework/src/Illuminate/Database/Connectors/ConnectionFactory.php(259): Illuminate\\Database\\Connectors\\SQLiteConnector->connect(Array)
#2 [internal function]: Illuminate\\Database\\Connectors\\ConnectionFactory->{closure:Illuminate\\Database\\Connectors\\ConnectionFactory::createPdoResolverWithoutHosts():259}()
#3 /home/notfuad/ngodingweb/www/laundry-go/vendor/laravel/framework/src/Illuminate/Database/Connection.php(1298): call_user_func(Object(Closure))
#4 /home/notfuad/ngodingweb/www/laundry-go/vendor/laravel/framework/src/Illuminate/Database/Connection.php(542): Illuminate\\Database\\Connection->getPdo()
#5 /home/notfuad/ngodingweb/www/laundry-go/vendor/laravel/framework/src/Illuminate/Database/Connection.php(435): Illuminate\\Database\\Connection->getPdoForSelect(false)
#6 /home/notfuad/ngodingweb/www/laundry-go/vendor/laravel/framework/src/Illuminate/Database/Connection.php(846): Illuminate\\Database\\Connection->{closure:Illuminate\\Database\\Connection::select():426}('select * from \"...', Array)
#7 /home/notfuad/ngodingweb/www/laundry-go/vendor/laravel/framework/src/Illuminate/Database/Connection.php(813): Illuminate\\Database\\Connection->runQueryCallback('select * from \"...', Array, Object(Closure))
#8 /home/notfuad/ngodingweb/www/laundry-go/vendor/laravel/framework/src/Illuminate/Database/Connection.php(426): Illuminate\\Database\\Connection->run('select * from \"...', Array, Object(Closure))
#9 /home/notfuad/ngodingweb/www/laundry-go/vendor/laravel/framework/src/Illuminate/Database/Query/Builder.php(3631): Illuminate\\Database\\Connection->select('select * from \"...', Array, false, Array)
#10 /home/notfuad/ngodingweb/www/laundry-go/vendor/laravel/framework/src/Illuminate/Database/Query/Builder.php(3615): Illuminate\\Database\\Query\\Builder->runSelect()
#11 /home/notfuad/ngodingweb/www/laundry-go/vendor/laravel/framework/src/Illuminate/Database/Concerns/BuildsQueries.php(408): Illuminate\\Database\\Query\\Builder->get(Array)
#12 /home/notfuad/ngodingweb/www/laundry-go/vendor/laravel/framework/src/Illuminate/Database/Query/Builder.php(3533): Illuminate\\Database\\Query\\Builder->first(Array)
#13 /home/notfuad/ngodingweb/www/laundry-go/vendor/laravel/framework/src/Illuminate/Session/DatabaseSessionHandler.php(117): Illuminate\\Database\\Query\\Builder->find('FHxPMCe9CFIjXQg...')
#14 /home/notfuad/ngodingweb/www/laundry-go/vendor/laravel/framework/src/Illuminate/Session/Store.php(128): Illuminate\\Session\\DatabaseSessionHandler->read('FHxPMCe9CFIjXQg...')
#15 /home/notfuad/ngodingweb/www/laundry-go/vendor/laravel/framework/src/Illuminate/Session/Store.php(116): Illuminate\\Session\\Store->readFromHandler()
#16 /home/notfuad/ngodingweb/www/laundry-go/vendor/laravel/framework/src/Illuminate/Session/Store.php(100): Illuminate\\Session\\Store->loadSession()
#17 /home/notfuad/ngodingweb/www/laundry-go/vendor/laravel/framework/src/Illuminate/Session/Middleware/StartSession.php(146): Illuminate\\Session\\Store->start()
#18 /home/notfuad/ngodingweb/www/laundry-go/vendor/laravel/framework/src/Illuminate/Support/helpers.php(393): Illuminate\\Session\\Middleware\\StartSession->{closure:Illuminate\\Session\\Middleware\\StartSession::startSession():143}(Object(Illuminate\\Session\\Store))
#19 /home/notfuad/ngodingweb/www/laundry-go/vendor/laravel/framework/src/Illuminate/Session/Middleware/StartSession.php(143): tap(Object(Illuminate\\Session\\Store), Object(Closure))
#20 /home/notfuad/ngodingweb/www/laundry-go/vendor/laravel/framework/src/Illuminate/Session/Middleware/StartSession.php(115): Illuminate\\Session\\Middleware\\StartSession->startSession(Object(Illuminate\\Http\\Request), Object(Illuminate\\Session\\Store))
#21 /home/notfuad/ngodingweb/www/laundry-go/vendor/laravel/framework/src/Illuminate/Session/Middleware/StartSession.php(63): Illuminate\\Session\\Middleware\\StartSession->handleStatefulRequest(Object(Illuminate\\Http\\Request), Object(Illuminate\\Session\\Store), Object(Closure))
#22 /home/notfuad/ngodingweb/www/laundry-go/vendor/laravel/framework/src/Illuminate/Pipeline/Pipeline.php(219): Illuminate\\Session\\Middleware\\StartSession->handle(Object(Illuminate\\Http\\Request), Object(Closure))
#23 /home/notfuad/ngodingweb/www/laundry-go/vendor/laravel/framework/src/Illuminate/Cookie/Middleware/AddQueuedCookiesToResponse.php(36): Illuminate\\Pipeline\\Pipeline->{closure:{closure:Illuminate\\Pipeline\\Pipeline::carry():194}:195}(Object(Illuminate\\Http\\Request))
#24 /home/notfuad/ngodingweb/www/laundry-go/vendor/laravel/framework/src/Illuminate/Pipeline/Pipeline.php(219): Illuminate\\Cookie\\Middleware\\AddQueuedCookiesToResponse->handle(Object(Illuminate\\Http\\Request), Object(Closure))
#25 /home/notfuad/ngodingweb/www/laundry-go/vendor/laravel/framework/src/Illuminate/Cookie/Middleware/EncryptCookies.php(74): Illuminate\\Pipeline\\Pipeline->{closure:{closure:Illuminate\\Pipeline\\Pipeline::carry():194}:195}(Object(Illuminate\\Http\\Request))
#26 /home/notfuad/ngodingweb/www/laundry-go/vendor/laravel/framework/src/Illuminate/Pipeline/Pipeline.php(219): Illuminate\\Cookie\\Middleware\\EncryptCookies->handle(Object(Illuminate\\Http\\Request), Object(Closure))
#27 /home/notfuad/ngodingweb/www/laundry-go/vendor/laravel/framework/src/Illuminate/Pipeline/Pipeline.php(137): Illuminate\\Pipeline\\Pipeline->{closure:{closure:Illuminate\\Pipeline\\Pipeline::carry():194}:195}(Object(Illuminate\\Http\\Request))
#28 /home/notfuad/ngodingweb/www/laundry-go/vendor/laravel/framework/src/Illuminate/Routing/Router.php(821): Illuminate\\Pipeline\\Pipeline->then(Object(Closure))
#29 /home/notfuad/ngodingweb/www/laundry-go/vendor/laravel/framework/src/Illuminate/Routing/Router.php(800): Illuminate\\Routing\\Router->runRouteWithinStack(Object(Illuminate\\Routing\\Route), Object(Illuminate\\Http\\Request))
#30 /home/notfuad/ngodingweb/www/laundry-go/vendor/laravel/framework/src/Illuminate/Routing/Router.php(764): Illuminate\\Routing\\Router->runRoute(Object(Illuminate\\Http\\Request), Object(Illuminate\\Routing\\Route))
#31 /home/notfuad/ngodingweb/www/laundry-go/vendor/laravel/framework/src/Illuminate/Routing/Router.php(753): Illuminate\\Routing\\Router->dispatchToRoute(Object(Illuminate\\Http\\Request))
#32 /home/notfuad/ngodingweb/www/laundry-go/vendor/laravel/framework/src/Illuminate/Foundation/Http/Kernel.php(200): Illuminate\\Routing\\Router->dispatch(Object(Illuminate\\Http\\Request))
#33 /home/notfuad/ngodingweb/www/laundry-go/vendor/laravel/framework/src/Illuminate/Pipeline/Pipeline.php(180): Illuminate\\Foundation\\Http\\Kernel->{closure:Illuminate\\Foundation\\Http\\Kernel::dispatchToRouter():197}(Object(Illuminate\\Http\\Request))
#34 /home/notfuad/ngodingweb/www/laundry-go/vendor/laravel/mcp/src/Server/Middleware/AddWwwAuthenticateHeader.php(21): Illuminate\\Pipeline\\Pipeline->{closure:Illuminate\\Pipeline\\Pipeline::prepareDestination():178}(Object(Illuminate\\Http\\Request))
#35 /home/notfuad/ngodingweb/www/laundry-go/vendor/laravel/framework/src/Illuminate/Pipeline/Pipeline.php(219): Laravel\\Mcp\\Server\\Middleware\\AddWwwAuthenticateHeader->handle(Object(Illuminate\\Http\\Request), Object(Closure))
#36 /home/notfuad/ngodingweb/www/laundry-go/vendor/laravel/framework/src/Illuminate/Foundation/Http/Middleware/TransformsRequest.php(21): Illuminate\\Pipeline\\Pipeline->{closure:{closure:Illuminate\\Pipeline\\Pipeline::carry():194}:195}(Object(Illuminate\\Http\\Request))
#37 /home/notfuad/ngodingweb/www/laundry-go/vendor/laravel/framework/src/Illuminate/Foundation/Http/Middleware/ConvertEmptyStringsToNull.php(31): Illuminate\\Foundation\\Http\\Middleware\\TransformsRequest->handle(Object(Illuminate\\Http\\Request), Object(Closure))
#38 /home/notfuad/ngodingweb/www/laundry-go/vendor/laravel/framework/src/Illuminate/Pipeline/Pipeline.php(219): Illuminate\\Foundation\\Http\\Middleware\\ConvertEmptyStringsToNull->handle(Object(Illuminate\\Http\\Request), Object(Closure))
#39 /home/notfuad/ngodingweb/www/laundry-go/vendor/laravel/framework/src/Illuminate/Foundation/Http/Middleware/TransformsRequest.php(21): Illuminate\\Pipeline\\Pipeline->{closure:{closure:Illuminate\\Pipeline\\Pipeline::carry():194}:195}(Object(Illuminate\\Http\\Request))
#40 /home/notfuad/ngodingweb/www/laundry-go/vendor/laravel/framework/src/Illuminate/Foundation/Http/Middleware/TrimStrings.php(51): Illuminate\\Foundation\\Http\\Middleware\\TransformsRequest->handle(Object(Illuminate\\Http\\Request), Object(Closure))
#41 /home/notfuad/ngodingweb/www/laundry-go/vendor/laravel/framework/src/Illuminate/Pipeline/Pipeline.php(219): Illuminate\\Foundation\\Http\\Middleware\\TrimStrings->handle(Object(Illuminate\\Http\\Request), Object(Closure))
#42 /home/notfuad/ngodingweb/www/laundry-go/vendor/laravel/framework/src/Illuminate/Http/Middleware/ValidatePostSize.php(27): Illuminate\\Pipeline\\Pipeline->{closure:{closure:Illuminate\\Pipeline\\Pipeline::carry():194}:195}(Object(Illuminate\\Http\\Request))
#43 /home/notfuad/ngodingweb/www/laundry-go/vendor/laravel/framework/src/Illuminate/Pipeline/Pipeline.php(219): Illuminate\\Http\\Middleware\\ValidatePostSize->handle(Object(Illuminate\\Http\\Request), Object(Closure))
#44 /home/notfuad/ngodingweb/www/laundry-go/vendor/laravel/framework/src/Illuminate/Foundation/Http/Middleware/PreventRequestsDuringMaintenance.php(110): Illuminate\\Pipeline\\Pipeline->{closure:{closure:Illuminate\\Pipeline\\Pipeline::carry():194}:195}(Object(Illuminate\\Http\\Request))
#45 /home/notfuad/ngodingweb/www/laundry-go/vendor/laravel/framework/src/Illuminate/Pipeline/Pipeline.php(219): Illuminate\\Foundation\\Http\\Middleware\\PreventRequestsDuringMaintenance->handle(Object(Illuminate\\Http\\Request), Object(Closure))
#46 /home/notfuad/ngodingweb/www/laundry-go/vendor/laravel/framework/src/Illuminate/Http/Middleware/HandleCors.php(61): Illuminate\\Pipeline\\Pipeline->{closure:{closure:Illuminate\\Pipeline\\Pipeline::carry():194}:195}(Object(Illuminate\\Http\\Request))
#47 /home/notfuad/ngodingweb/www/laundry-go/vendor/laravel/framework/src/Illuminate/Pipeline/Pipeline.php(219): Illuminate\\Http\\Middleware\\HandleCors->handle(Object(Illuminate\\Http\\Request), Object(Closure))
#48 /home/notfuad/ngodingweb/www/laundry-go/vendor/laravel/framework/src/Illuminate/Http/Middleware/TrustProxies.php(58): Illuminate\\Pipeline\\Pipeline->{closure:{closure:Illuminate\\Pipeline\\Pipeline::carry():194}:195}(Object(Illuminate\\Http\\Request))
#49 /home/notfuad/ngodingweb/www/laundry-go/vendor/laravel/framework/src/Illuminate/Pipeline/Pipeline.php(219): Illuminate\\Http\\Middleware\\TrustProxies->handle(Object(Illuminate\\Http\\Request), Object(Closure))
#50 /home/notfuad/ngodingweb/www/laundry-go/vendor/laravel/framework/src/Illuminate/Foundation/Http/Middleware/InvokeDeferredCallbacks.php(22): Illuminate\\Pipeline\\Pipeline->{closure:{closure:Illuminate\\Pipeline\\Pipeline::carry():194}:195}(Object(Illuminate\\Http\\Request))
#51 /home/notfuad/ngodingweb/www/laundry-go/vendor/laravel/framework/src/Illuminate/Pipeline/Pipeline.php(219): Illuminate\\Foundation\\Http\\Middleware\\InvokeDeferredCallbacks->handle(Object(Illuminate\\Http\\Request), Object(Closure))
#52 /home/notfuad/ngodingweb/www/laundry-go/vendor/laravel/framework/src/Illuminate/Http/Middleware/ValidatePathEncoding.php(28): Illuminate\\Pipeline\\Pipeline->{closure:{closure:Illuminate\\Pipeline\\Pipeline::carry():194}:195}(Object(Illuminate\\Http\\Request))
#53 /home/notfuad/ngodingweb/www/laundry-go/vendor/laravel/framework/src/Illuminate/Pipeline/Pipeline.php(219): Illuminate\\Http\\Middleware\\ValidatePathEncoding->handle(Object(Illuminate\\Http\\Request), Object(Closure))
#54 /home/notfuad/ngodingweb/www/laundry-go/vendor/laravel/framework/src/Illuminate/Pipeline/Pipeline.php(137): Illuminate\\Pipeline\\Pipeline->{closure:{closure:Illuminate\\Pipeline\\Pipeline::carry():194}:195}(Object(Illuminate\\Http\\Request))
#55 /home/notfuad/ngodingweb/www/laundry-go/vendor/laravel/framework/src/Illuminate/Foundation/Http/Kernel.php(175): Illuminate\\Pipeline\\Pipeline->then(Object(Closure))
#56 /home/notfuad/ngodingweb/www/laundry-go/vendor/laravel/framework/src/Illuminate/Foundation/Http/Kernel.php(144): Illuminate\\Foundation\\Http\\Kernel->sendRequestThroughRouter(Object(Illuminate\\Http\\Request))
#57 /home/notfuad/ngodingweb/www/laundry-go/vendor/laravel/framework/src/Illuminate/Foundation/Application.php(1227): Illuminate\\Foundation\\Http\\Kernel->handle(Object(Illuminate\\Http\\Request))
#58 /home/notfuad/ngodingweb/www/laundry-go/public/index.php(20): Illuminate\\Foundation\\Application->handleRequest(Object(Illuminate\\Http\\Request))
#59 /home/notfuad/ngodingweb/www/laundry-go/vendor/laravel/framework/src/Illuminate/Foundation/resources/server.php(23): require_once('/home/notfuad/n...')
#60 {main}
"} 
[2026-09-25 04:49:52] local.ERROR: Database file at path [laravel] does not exist. Ensure this is an absolute path to the database. (Connection: sqlite, Database: laravel, SQL: select * from "sessions" where "id" = FHxPMCe9CFIjXQgW0DGoMH2MsfwhRZkYyFI0EkTG limit 1) {"exception":"[object] (Illuminate\\Database\\QueryException(code: 0): Database file at path [laravel] does not exist. Ensure this is an absolute path to the database. (Connection: sqlite, Database: laravel, SQL: select * from \"sessions\" where \"id\" = FHxPMCe9CFIjXQgW0DGoMH2MsfwhRZkYyFI0EkTG limit 1) at /home/notfuad/ngodingweb/www/laundry-go/vendor/laravel/framework/src/Illuminate/Database/Connection.php:857)
[stacktrace]
#0 /home/notfuad/ngodingweb/www/laundry-go/vendor/laravel/framework/src/Illuminate/Database/Connection.php(813): Illuminate\\Database\\Connection->runQueryCallback('select * from \"...', Array, Object(Closure))
#1 /home/notfuad/ngodingweb/www/laundry-go/vendor/laravel/framework/src/Illuminate/Database/Connection.php(426): Illuminate\\Database\\Connection->run('select * from \"...', Array, Object(Closure))
#2 /home/notfuad/ngodingweb/www/laundry-go/vendor/laravel/framework/src/Illuminate/Database/Query/Builder.php(3631): Illuminate\\Database\\Connection->select('select * from \"...', Array, false, Array)
#3 /home/notfuad/ngodingweb/www/laundry-go/vendor/laravel/framework/src/Illuminate/Database/Query/Builder.php(3615): Illuminate\\Database\\Query\\Builder->runSelect()
#4 /home/notfuad/ngodingweb/www/laundry-go/vendor/laravel/framework/src/Illuminate/Database/Concerns/BuildsQueries.php(408): Illuminate\\Database\\Query\\Builder->get(Array)
#5 /home/notfuad/ngodingweb/www/laundry-go/vendor/laravel/framework/src/Illuminate/Database/Query/Builder.php(3533): Illuminate\\Database\\Query\\Builder->first(Array)
#6 /home/notfuad/ngodingweb/www/laundry-go/vendor/laravel/framework/src/Illuminate/Session/DatabaseSessionHandler.php(117): Illuminate\\Database\\Query\\Builder->find('FHxPMCe9CFIjXQg...')
#7 /home/notfuad/ngodingweb/www/laundry-go/vendor/laravel/framework/src/Illuminate/Session/Store.php(128): Illuminate\\Session\\DatabaseSessionHandler->read('FHxPMCe9CFIjXQg...')
#8 /home/notfuad/ngodingweb/www/laundry-go/vendor/laravel/framework/src/Illuminate/Session/Store.php(116): Illuminate\\Session\\Store->readFromHandler()
#9 /home/notfuad/ngodingweb/www/laundry-go/vendor/laravel/framework/src/Illuminate/Session/Store.php(100): Illuminate\\Session\\Store->loadSession()
#10 /home/notfuad/ngodingweb/www/laundry-go/vendor/laravel/framework/src/Illuminate/Session/Middleware/StartSession.php(146): Illuminate\\Session\\Store->start()
#11 /home/notfuad/ngodingweb/www/laundry-go/vendor/laravel/framework/src/Illuminate/Support/helpers.php(393): Illuminate\\Session\\Middleware\\StartSession->{closure:Illuminate\\Session\\Middleware\\StartSession::startSession():143}(Object(Illuminate\\Session\\Store))
#12 /home/notfuad/ngodingweb/www/laundry-go/vendor/laravel/framework/src/Illuminate/Session/Middleware/StartSession.php(143): tap(Object(Illuminate\\Session\\Store), Object(Closure))
#13 /home/notfuad/ngodingweb/www/laundry-go/vendor/laravel/framework/src/Illuminate/Session/Middleware/StartSession.php(115): Illuminate\\Session\\Middleware\\StartSession->startSession(Object(Illuminate\\Http\\Request), Object(Illuminate\\Session\\Store))
#14 /home/notfuad/ngodingweb/www/laundry-go/vendor/laravel/framework/src/Illuminate/Session/Middleware/StartSession.php(63): Illuminate\\Session\\Middleware\\StartSession->handleStatefulRequest(Object(Illuminate\\Http\\Request), Object(Illuminate\\Session\\Store), Object(Closure))
#15 /home/notfuad/ngodingweb/www/laundry-go/vendor/laravel/framework/src/Illuminate/Pipeline/Pipeline.php(219): Illuminate\\Session\\Middleware\\StartSession->handle(Object(Illuminate\\Http\\Request), Object(Closure))
#16 /home/notfuad/ngodingweb/www/laundry-go/vendor/laravel/framework/src/Illuminate/Cookie/Middleware/AddQueuedCookiesToResponse.php(36): Illuminate\\Pipeline\\Pipeline->{closure:{closure:Illuminate\\Pipeline\\Pipeline::carry():194}:195}(Object(Illuminate\\Http\\Request))
#17 /home/notfuad/ngodingweb/www/laundry-go/vendor/laravel/framework/src/Illuminate/Pipeline/Pipeline.php(219): Illuminate\\Cookie\\Middleware\\AddQueuedCookiesToResponse->handle(Object(Illuminate\\Http\\Request), Object(Closure))
#18 /home/notfuad/ngodingweb/www/laundry-go/vendor/laravel/framework/src/Illuminate/Cookie/Middleware/EncryptCookies.php(74): Illuminate\\Pipeline\\Pipeline->{closure:{closure:Illuminate\\Pipeline\\Pipeline::carry():194}:195}(Object(Illuminate\\Http\\Request))
#19 /home/notfuad/ngodingweb/www/laundry-go/vendor/laravel/framework/src/Illuminate/Pipeline/Pipeline.php(219): Illuminate\\Cookie\\Middleware\\EncryptCookies->handle(Object(Illuminate\\Http\\Request), Object(Closure))
#20 /home/notfuad/ngodingweb/www/laundry-go/vendor/laravel/framework/src/Illuminate/Pipeline/Pipeline.php(137): Illuminate\\Pipeline\\Pipeline->{closure:{closure:Illuminate\\Pipeline\\Pipeline::carry():194}:195}(Object(Illuminate\\Http\\Request))
#21 /home/notfuad/ngodingweb/www/laundry-go/vendor/laravel/framework/src/Illuminate/Routing/Router.php(821): Illuminate\\Pipeline\\Pipeline->then(Object(Closure))
#22 /home/notfuad/ngodingweb/www/laundry-go/vendor/laravel/framework/src/Illuminate/Routing/Router.php(800): Illuminate\\Routing\\Router->runRouteWithinStack(Object(Illuminate\\Routing\\Route), Object(Illuminate\\Http\\Request))
#23 /home/notfuad/ngodingweb/www/laundry-go/vendor/laravel/framework/src/Illuminate/Routing/Router.php(764): Illuminate\\Routing\\Router->runRoute(Object(Illuminate\\Http\\Request), Object(Illuminate\\Routing\\Route))
#24 /home/notfuad/ngodingweb/www/laundry-go/vendor/laravel/framework/src/Illuminate/Routing/Router.php(753): Illuminate\\Routing\\Router->dispatchToRoute(Object(Illuminate\\Http\\Request))
#25 /home/notfuad/ngodingweb/www/laundry-go/vendor/laravel/framework/src/Illuminate/Foundation/Http/Kernel.php(200): Illuminate\\Routing\\Router->dispatch(Object(Illuminate\\Http\\Request))
#26 /home/notfuad/ngodingweb/www/laundry-go/vendor/laravel/framework/src/Illuminate/Pipeline/Pipeline.php(180): Illuminate\\Foundation\\Http\\Kernel->{closure:Illuminate\\Foundation\\Http\\Kernel::dispatchToRouter():197}(Object(Illuminate\\Http\\Request))
#27 /home/notfuad/ngodingweb/www/laundry-go/vendor/laravel/mcp/src/Server/Middleware/AddWwwAuthenticateHeader.php(21): Illuminate\\Pipeline\\Pipeline->{closure:Illuminate\\Pipeline\\Pipeline::prepareDestination():178}(Object(Illuminate\\Http\\Request))
#28 /home/notfuad/ngodingweb/www/laundry-go/vendor/laravel/framework/src/Illuminate/Pipeline/Pipeline.php(219): Laravel\\Mcp\\Server\\Middleware\\AddWwwAuthenticateHeader->handle(Object(Illuminate\\Http\\Request), Object(Closure))
#29 /home/notfuad/ngodingweb/www/laundry-go/vendor/laravel/framework/src/Illuminate/Foundation/Http/Middleware/TransformsRequest.php(21): Illuminate\\Pipeline\\Pipeline->{closure:{closure:Illuminate\\Pipeline\\Pipeline::carry():194}:195}(Object(Illuminate\\Http\\Request))
#30 /home/notfuad/ngodingweb/www/laundry-go/vendor/laravel/framework/src/Illuminate/Foundation/Http/Middleware/ConvertEmptyStringsToNull.php(31): Illuminate\\Foundation\\Http\\Middleware\\TransformsRequest->handle(Object(Illuminate\\Http\\Request), Object(Closure))
#31 /home/notfuad/ngodingweb/www/laundry-go/vendor/laravel/framework/src/Illuminate/Pipeline/Pipeline.php(219): Illuminate\\Foundation\\Http\\Middleware\\ConvertEmptyStringsToNull->handle(Object(Illuminate\\Http\\Request), Object(Closure))
#32 /home/notfuad/ngodingweb/www/laundry-go/vendor/laravel/framework/src/Illuminate/Foundation/Http/Middleware/TransformsRequest.php(21): Illuminate\\Pipeline\\Pipeline->{closure:{closure:Illuminate\\Pipeline\\Pipeline::carry():194}:195}(Object(Illuminate\\Http\\Request))
#33 /home/notfuad/ngodingweb/www/laundry-go/vendor/laravel/framework/src/Illuminate/Foundation/Http/Middleware/TrimStrings.php(51): Illuminate\\Foundation\\Http\\Middleware\\TransformsRequest->handle(Object(Illuminate\\Http\\Request), Object(Closure))
#34 /home/notfuad/ngodingweb/www/laundry-go/vendor/laravel/framework/src/Illuminate/Pipeline/Pipeline.php(219): Illuminate\\Foundation\\Http\\Middleware\\TrimStrings->handle(Object(Illuminate\\Http\\Request), Object(Closure))
#35 /home/notfuad/ngodingweb/www/laundry-go/vendor/laravel/framework/src/Illuminate/Http/Middleware/ValidatePostSize.php(27): Illuminate\\Pipeline\\Pipeline->{closure:{closure:Illuminate\\Pipeline\\Pipeline::carry():194}:195}(Object(Illuminate\\Http\\Request))
#36 /home/notfuad/ngodingweb/www/laundry-go/vendor/laravel/framework/src/Illuminate/Pipeline/Pipeline.php(219): Illuminate\\Http\\Middleware\\ValidatePostSize->handle(Object(Illuminate\\Http\\Request), Object(Closure))
#37 /home/notfuad/ngodingweb/www/laundry-go/vendor/laravel/framework/src/Illuminate/Foundation/Http/Middleware/PreventRequestsDuringMaintenance.php(110): Illuminate\\Pipeline\\Pipeline->{closure:{closure:Illuminate\\Pipeline\\Pipeline::carry():194}:195}(Object(Illuminate\\Http\\Request))
#38 /home/notfuad/ngodingweb/www/laundry-go/vendor/laravel/framework/src/Illuminate/Pipeline/Pipeline.php(219): Illuminate\\Foundation\\Http\\Middleware\\PreventRequestsDuringMaintenance->handle(Object(Illuminate\\Http\\Request), Object(Closure))
#39 /home/notfuad/ngodingweb/www/laundry-go/vendor/laravel/framework/src/Illuminate/Http/Middleware/HandleCors.php(61): Illuminate\\Pipeline\\Pipeline->{closure:{closure:Illuminate\\Pipeline\\Pipeline::carry():194}:195}(Object(Illuminate\\Http\\Request))
#40 /home/notfuad/ngodingweb/www/laundry-go/vendor/laravel/framework/src/Illuminate/Pipeline/Pipeline.php(219): Illuminate\\Http\\Middleware\\HandleCors->handle(Object(Illuminate\\Http\\Request), Object(Closure))
#41 /home/notfuad/ngodingweb/www/laundry-go/vendor/laravel/framework/src/Illuminate/Http/Middleware/TrustProxies.php(58): Illuminate\\Pipeline\\Pipeline->{closure:{closure:Illuminate\\Pipeline\\Pipeline::carry():194}:195}(Object(Illuminate\\Http\\Request))
#42 /home/notfuad/ngodingweb/www/laundry-go/vendor/laravel/framework/src/Illuminate/Pipeline/Pipeline.php(219): Illuminate\\Http\\Middleware\\TrustProxies->handle(Object(Illuminate\\Http\\Request), Object(Closure))
#43 /home/notfuad/ngodingweb/www/laundry-go/vendor/laravel/framework/src/Illuminate/Foundation/Http/Middleware/InvokeDeferredCallbacks.php(22): Illuminate\\Pipeline\\Pipeline->{closure:{closure:Illuminate\\Pipeline\\Pipeline::carry():194}:195}(Object(Illuminate\\Http\\Request))
#44 /home/notfuad/ngodingweb/www/laundry-go/vendor/laravel/framework/src/Illuminate/Pipeline/Pipeline.php(219): Illuminate\\Foundation\\Http\\Middleware\\InvokeDeferredCallbacks->handle(Object(Illuminate\\Http\\Request), Object(Closure))
#45 /home/notfuad/ngodingweb/www/laundry-go/vendor/laravel/framework/src/Illuminate/Http/Middleware/ValidatePathEncoding.php(28): Illuminate\\Pipeline\\Pipeline->{closure:{closure:Illuminate\\Pipeline\\Pipeline::carry():194}:195}(Object(Illuminate\\Http\\Request))
#46 /home/notfuad/ngodingweb/www/laundry-go/vendor/laravel/framework/src/Illuminate/Pipeline/Pipeline.php(219): Illuminate\\Http\\Middleware\\ValidatePathEncoding->handle(Object(Illuminate\\Http\\Request), Object(Closure))
#47 /home/notfuad/ngodingweb/www/laundry-go/vendor/laravel/framework/src/Illuminate/Pipeline/Pipeline.php(137): Illuminate\\Pipeline\\Pipeline->{closure:{closure:Illuminate\\Pipeline\\Pipeline::carry():194}:195}(Object(Illuminate\\Http\\Request))
#48 /home/notfuad/ngodingweb/www/laundry-go/vendor/laravel/framework/src/Illuminate/Foundation/Http/Kernel.php(175): Illuminate\\Pipeline\\Pipeline->then(Object(Closure))
#49 /home/notfuad/ngodingweb/www/laundry-go/vendor/laravel/framework/src/Illuminate/Foundation/Http/Kernel.php(144): Illuminate\\Foundation\\Http\\Kernel->sendRequestThroughRouter(Object(Illuminate\\Http\\Request))
#50 /home/notfuad/ngodingweb/www/laundry-go/vendor/laravel/framework/src/Illuminate/Foundation/Application.php(1227): Illuminate\\Foundation\\Http\\Kernel->handle(Object(Illuminate\\Http\\Request))
#51 /home/notfuad/ngodingweb/www/laundry-go/public/index.php(20): Illuminate\\Foundation\\Application->handleRequest(Object(Illuminate\\Http\\Request))
#52 /home/notfuad/ngodingweb/www/laundry-go/vendor/laravel/framework/src/Illuminate/Foundation/resources/server.php(23): require_once('/home/notfuad/n...')
#53 {main}

[previous exception] [object] (Illuminate\\Database\\SQLiteDatabaseDoesNotExistException(code: 0): Database file at path [laravel] does not exist. Ensure this is an absolute path to the database. at /home/notfuad/ngodingweb/www/laundry-go/vendor/laravel/framework/src/Illuminate/Database/Connectors/SQLiteConnector.php:61)
[stacktrace]
#0 /home/notfuad/ngodingweb/www/laundry-go/vendor/laravel/framework/src/Illuminate/Database/Connectors/SQLiteConnector.php(19): Illuminate\\Database\\Connectors\\SQLiteConnector->parseDatabasePath(false)
#1 /home/notfuad/ngodingweb/www/laundry-go/vendor/laravel/framework/src/Illuminate/Database/Connectors/ConnectionFactory.php(259): Illuminate\\Database\\Connectors\\SQLiteConnector->connect(Array)
#2 [internal function]: Illuminate\\Database\\Connectors\\ConnectionFactory->{closure:Illuminate\\Database\\Connectors\\ConnectionFactory::createPdoResolverWithoutHosts():259}()
#3 /home/notfuad/ngodingweb/www/laundry-go/vendor/laravel/framework/src/Illuminate/Database/Connection.php(1298): call_user_func(Object(Closure))
#4 /home/notfuad/ngodingweb/www/laundry-go/vendor/laravel/framework/src/Illuminate/Database/Connection.php(542): Illuminate\\Database\\Connection->getPdo()
#5 /home/notfuad/ngodingweb/www/laundry-go/vendor/laravel/framework/src/Illuminate/Database/Connection.php(435): Illuminate\\Database\\Connection->getPdoForSelect(false)
#6 /home/notfuad/ngodingweb/www/laundry-go/vendor/laravel/framework/src/Illuminate/Database/Connection.php(846): Illuminate\\Database\\Connection->{closure:Illuminate\\Database\\Connection::select():426}('select * from \"...', Array)
#7 /home/notfuad/ngodingweb/www/laundry-go/vendor/laravel/framework/src/Illuminate/Database/Connection.php(813): Illuminate\\Database\\Connection->runQueryCallback('select * from \"...', Array, Object(Closure))
#8 /home/notfuad/ngodingweb/www/laundry-go/vendor/laravel/framework/src/Illuminate/Database/Connection.php(426): Illuminate\\Database\\Connection->run('select * from \"...', Array, Object(Closure))
#9 /home/notfuad/ngodingweb/www/laundry-go/vendor/laravel/framework/src/Illuminate/Database/Query/Builder.php(3631): Illuminate\\Database\\Connection->select('select * from \"...', Array, false, Array)
#10 /home/notfuad/ngodingweb/www/laundry-go/vendor/laravel/framework/src/Illuminate/Database/Query/Builder.php(3615): Illuminate\\Database\\Query\\Builder->runSelect()
#11 /home/notfuad/ngodingweb/www/laundry-go/vendor/laravel/framework/src/Illuminate/Database/Concerns/BuildsQueries.php(408): Illuminate\\Database\\Query\\Builder->get(Array)
#12 /home/notfuad/ngodingweb/www/laundry-go/vendor/laravel/framework/src/Illuminate/Database/Query/Builder.php(3533): Illuminate\\Database\\Query\\Builder->first(Array)
#13 /home/notfuad/ngodingweb/www/laundry-go/vendor/laravel/framework/src/Illuminate/Session/DatabaseSessionHandler.php(117): Illuminate\\Database\\Query\\Builder->find('FHxPMCe9CFIjXQg...')
#14 /home/notfuad/ngodingweb/www/laundry-go/vendor/laravel/framework/src/Illuminate/Session/Store.php(128): Illuminate\\Session\\DatabaseSessionHandler->read('FHxPMCe9CFIjXQg...')
#15 /home/notfuad/ngodingweb/www/laundry-go/vendor/laravel/framework/src/Illuminate/Session/Store.php(116): Illuminate\\Session\\Store->readFromHandler()
#16 /home/notfuad/ngodingweb/www/laundry-go/vendor/laravel/framework/src/Illuminate/Session/Store.php(100): Illuminate\\Session\\Store->loadSession()
#17 /home/notfuad/ngodingweb/www/laundry-go/vendor/laravel/framework/src/Illuminate/Session/Middleware/StartSession.php(146): Illuminate\\Session\\Store->start()
#18 /home/notfuad/ngodingweb/www/laundry-go/vendor/laravel/framework/src/Illuminate/Support/helpers.php(393): Illuminate\\Session\\Middleware\\StartSession->{closure:Illuminate\\Session\\Middleware\\StartSession::startSession():143}(Object(Illuminate\\Session\\Store))
#19 /home/notfuad/ngodingweb/www/laundry-go/vendor/laravel/framework/src/Illuminate/Session/Middleware/StartSession.php(143): tap(Object(Illuminate\\Session\\Store), Object(Closure))
#20 /home/notfuad/ngodingweb/www/laundry-go/vendor/laravel/framework/src/Illuminate/Session/Middleware/StartSession.php(115): Illuminate\\Session\\Middleware\\StartSession->startSession(Object(Illuminate\\Http\\Request), Object(Illuminate\\Session\\Store))
#21 /home/notfuad/ngodingweb/www/laundry-go/vendor/laravel/framework/src/Illuminate/Session/Middleware/StartSession.php(63): Illuminate\\Session\\Middleware\\StartSession->handleStatefulRequest(Object(Illuminate\\Http\\Request), Object(Illuminate\\Session\\Store), Object(Closure))
#22 /home/notfuad/ngodingweb/www/laundry-go/vendor/laravel/framework/src/Illuminate/Pipeline/Pipeline.php(219): Illuminate\\Session\\Middleware\\StartSession->handle(Object(Illuminate\\Http\\Request), Object(Closure))
#23 /home/notfuad/ngodingweb/www/laundry-go/vendor/laravel/framework/src/Illuminate/Cookie/Middleware/AddQueuedCookiesToResponse.php(36): Illuminate\\Pipeline\\Pipeline->{closure:{closure:Illuminate\\Pipeline\\Pipeline::carry():194}:195}(Object(Illuminate\\Http\\Request))
#24 /home/notfuad/ngodingweb/www/laundry-go/vendor/laravel/framework/src/Illuminate/Pipeline/Pipeline.php(219): Illuminate\\Cookie\\Middleware\\AddQueuedCookiesToResponse->handle(Object(Illuminate\\Http\\Request), Object(Closure))
#25 /home/notfuad/ngodingweb/www/laundry-go/vendor/laravel/framework/src/Illuminate/Cookie/Middleware/EncryptCookies.php(74): Illuminate\\Pipeline\\Pipeline->{closure:{closure:Illuminate\\Pipeline\\Pipeline::carry():194}:195}(Object(Illuminate\\Http\\Request))
#26 /home/notfuad/ngodingweb/www/laundry-go/vendor/laravel/framework/src/Illuminate/Pipeline/Pipeline.php(219): Illuminate\\Cookie\\Middleware\\EncryptCookies->handle(Object(Illuminate\\Http\\Request), Object(Closure))
#27 /home/notfuad/ngodingweb/www/laundry-go/vendor/laravel/framework/src/Illuminate/Pipeline/Pipeline.php(137): Illuminate\\Pipeline\\Pipeline->{closure:{closure:Illuminate\\Pipeline\\Pipeline::carry():194}:195}(Object(Illuminate\\Http\\Request))
#28 /home/notfuad/ngodingweb/www/laundry-go/vendor/laravel/framework/src/Illuminate/Routing/Router.php(821): Illuminate\\Pipeline\\Pipeline->then(Object(Closure))
#29 /home/notfuad/ngodingweb/www/laundry-go/vendor/laravel/framework/src/Illuminate/Routing/Router.php(800): Illuminate\\Routing\\Router->runRouteWithinStack(Object(Illuminate\\Routing\\Route), Object(Illuminate\\Http\\Request))
#30 /home/notfuad/ngodingweb/www/laundry-go/vendor/laravel/framework/src/Illuminate/Routing/Router.php(764): Illuminate\\Routing\\Router->runRoute(Object(Illuminate\\Http\\Request), Object(Illuminate\\Routing\\Route))
#31 /home/notfuad/ngodingweb/www/laundry-go/vendor/laravel/framework/src/Illuminate/Routing/Router.php(753): Illuminate\\Routing\\Router->dispatchToRoute(Object(Illuminate\\Http\\Request))
#32 /home/notfuad/ngodingweb/www/laundry-go/vendor/laravel/framework/src/Illuminate/Foundation/Http/Kernel.php(200): Illuminate\\Routing\\Router->dispatch(Object(Illuminate\\Http\\Request))
#33 /home/notfuad/ngodingweb/www/laundry-go/vendor/laravel/framework/src/Illuminate/Pipeline/Pipeline.php(180): Illuminate\\Foundation\\Http\\Kernel->{closure:Illuminate\\Foundation\\Http\\Kernel::dispatchToRouter():197}(Object(Illuminate\\Http\\Request))
#34 /home/notfuad/ngodingweb/www/laundry-go/vendor/laravel/mcp/src/Server/Middleware/AddWwwAuthenticateHeader.php(21): Illuminate\\Pipeline\\Pipeline->{closure:Illuminate\\Pipeline\\Pipeline::prepareDestination():178}(Object(Illuminate\\Http\\Request))
#35 /home/notfuad/ngodingweb/www/laundry-go/vendor/laravel/framework/src/Illuminate/Pipeline/Pipeline.php(219): Laravel\\Mcp\\Server\\Middleware\\AddWwwAuthenticateHeader->handle(Object(Illuminate\\Http\\Request), Object(Closure))
#36 /home/notfuad/ngodingweb/www/laundry-go/vendor/laravel/framework/src/Illuminate/Foundation/Http/Middleware/TransformsRequest.php(21): Illuminate\\Pipeline\\Pipeline->{closure:{closure:Illuminate\\Pipeline\\Pipeline::carry():194}:195}(Object(Illuminate\\Http\\Request))
#37 /home/notfuad/ngodingweb/www/laundry-go/vendor/laravel/framework/src/Illuminate/Foundation/Http/Middleware/ConvertEmptyStringsToNull.php(31): Illuminate\\Foundation\\Http\\Middleware\\TransformsRequest->handle(Object(Illuminate\\Http\\Request), Object(Closure))
#38 /home/notfuad/ngodingweb/www/laundry-go/vendor/laravel/framework/src/Illuminate/Pipeline/Pipeline.php(219): Illuminate\\Foundation\\Http\\Middleware\\ConvertEmptyStringsToNull->handle(Object(Illuminate\\Http\\Request), Object(Closure))
#39 /home/notfuad/ngodingweb/www/laundry-go/vendor/laravel/framework/src/Illuminate/Foundation/Http/Middleware/TransformsRequest.php(21): Illuminate\\Pipeline\\Pipeline->{closure:{closure:Illuminate\\Pipeline\\Pipeline::carry():194}:195}(Object(Illuminate\\Http\\Request))
#40 /home/notfuad/ngodingweb/www/laundry-go/vendor/laravel/framework/src/Illuminate/Foundation/Http/Middleware/TrimStrings.php(51): Illuminate\\Foundation\\Http\\Middleware\\TransformsRequest->handle(Object(Illuminate\\Http\\Request), Object(Closure))
#41 /home/notfuad/ngodingweb/www/laundry-go/vendor/laravel/framework/src/Illuminate/Pipeline/Pipeline.php(219): Illuminate\\Foundation\\Http\\Middleware\\TrimStrings->handle(Object(Illuminate\\Http\\Request), Object(Closure))
#42 /home/notfuad/ngodingweb/www/laundry-go/vendor/laravel/framework/src/Illuminate/Http/Middleware/ValidatePostSize.php(27): Illuminate\\Pipeline\\Pipeline->{closure:{closure:Illuminate\\Pipeline\\Pipeline::carry():194}:195}(Object(Illuminate\\Http\\Request))
#43 /home/notfuad/ngodingweb/www/laundry-go/vendor/laravel/framework/src/Illuminate/Pipeline/Pipeline.php(219): Illuminate\\Http\\Middleware\\ValidatePostSize->handle(Object(Illuminate\\Http\\Request), Object(Closure))
#44 /home/notfuad/ngodingweb/www/laundry-go/vendor/laravel/framework/src/Illuminate/Foundation/Http/Middleware/PreventRequestsDuringMaintenance.php(110): Illuminate\\Pipeline\\Pipeline->{closure:{closure:Illuminate\\Pipeline\\Pipeline::carry():194}:195}(Object(Illuminate\\Http\\Request))
#45 /home/notfuad/ngodingweb/www/laundry-go/vendor/laravel/framework/src/Illuminate/Pipeline/Pipeline.php(219): Illuminate\\Foundation\\Http\\Middleware\\PreventRequestsDuringMaintenance->handle(Object(Illuminate\\Http\\Request), Object(Closure))
#46 /home/notfuad/ngodingweb/www/laundry-go/vendor/laravel/framework/src/Illuminate/Http/Middleware/HandleCors.php(61): Illuminate\\Pipeline\\Pipeline->{closure:{closure:Illuminate\\Pipeline\\Pipeline::carry():194}:195}(Object(Illuminate\\Http\\Request))
#47 /home/notfuad/ngodingweb/www/laundry-go/vendor/laravel/framework/src/Illuminate/Pipeline/Pipeline.php(219): Illuminate\\Http\\Middleware\\HandleCors->handle(Object(Illuminate\\Http\\Request), Object(Closure))
#48 /home/notfuad/ngodingweb/www/laundry-go/vendor/laravel/framework/src/Illuminate/Http/Middleware/TrustProxies.php(58): Illuminate\\Pipeline\\Pipeline->{closure:{closure:Illuminate\\Pipeline\\Pipeline::carry():194}:195}(Object(Illuminate\\Http\\Request))
#49 /home/notfuad/ngodingweb/www/laundry-go/vendor/laravel/framework/src/Illuminate/Pipeline/Pipeline.php(219): Illuminate\\Http\\Middleware\\TrustProxies->handle(Object(Illuminate\\Http\\Request), Object(Closure))
#50 /home/notfuad/ngodingweb/www/laundry-go/vendor/laravel/framework/src/Illuminate/Foundation/Http/Middleware/InvokeDeferredCallbacks.php(22): Illuminate\\Pipeline\\Pipeline->{closure:{closure:Illuminate\\Pipeline\\Pipeline::carry():194}:195}(Object(Illuminate\\Http\\Request))
#51 /home/notfuad/ngodingweb/www/laundry-go/vendor/laravel/framework/src/Illuminate/Pipeline/Pipeline.php(219): Illuminate\\Foundation\\Http\\Middleware\\InvokeDeferredCallbacks->handle(Object(Illuminate\\Http\\Request), Object(Closure))
#52 /home/notfuad/ngodingweb/www/laundry-go/vendor/laravel/framework/src/Illuminate/Http/Middleware/ValidatePathEncoding.php(28): Illuminate\\Pipeline\\Pipeline->{closure:{closure:Illuminate\\Pipeline\\Pipeline::carry():194}:195}(Object(Illuminate\\Http\\Request))
#53 /home/notfuad/ngodingweb/www/laundry-go/vendor/laravel/framework/src/Illuminate/Pipeline/Pipeline.php(219): Illuminate\\Http\\Middleware\\ValidatePathEncoding->handle(Object(Illuminate\\Http\\Request), Object(Closure))
#54 /home/notfuad/ngodingweb/www/laundry-go/vendor/laravel/framework/src/Illuminate/Pipeline/Pipeline.php(137): Illuminate\\Pipeline\\Pipeline->{closure:{closure:Illuminate\\Pipeline\\Pipeline::carry():194}:195}(Object(Illuminate\\Http\\Request))
#55 /home/notfuad/ngodingweb/www/laundry-go/vendor/laravel/framework/src/Illuminate/Foundation/Http/Kernel.php(175): Illuminate\\Pipeline\\Pipeline->then(Object(Closure))
#56 /home/notfuad/ngodingweb/www/laundry-go/vendor/laravel/framework/src/Illuminate/Foundation/Http/Kernel.php(144): Illuminate\\Foundation\\Http\\Kernel->sendRequestThroughRouter(Object(Illuminate\\Http\\Request))
#57 /home/notfuad/ngodingweb/www/laundry-go/vendor/laravel/framework/src/Illuminate/Foundation/Application.php(1227): Illuminate\\Foundation\\Http\\Kernel->handle(Object(Illuminate\\Http\\Request))
#58 /home/notfuad/ngodingweb/www/laundry-go/public/index.php(20): Illuminate\\Foundation\\Application->handleRequest(Object(Illuminate\\Http\\Request))
#59 /home/notfuad/ngodingweb/www/laundry-go/vendor/laravel/framework/src/Illuminate/Foundation/resources/server.php(23): require_once('/home/notfuad/n...')
#60 {main}
"} 
[2026-09-25 04:53:38] local.ERROR: SQLSTATE[HY000] [1049] Unknown database 'laundry_go' (Connection: mysql, Host: 127.0.0.1, Port: 3306, Database: laundry_go, SQL: select exists (select 1 from information_schema.tables where table_schema = schema() and table_name = 'migrations' and table_type in ('BASE TABLE', 'SYSTEM VERSIONED')) as `exists`) {"exception":"[object] (Illuminate\\Database\\QueryException(code: 1049): SQLSTATE[HY000] [1049] Unknown database 'laundry_go' (Connection: mysql, Host: 127.0.0.1, Port: 3306, Database: laundry_go, SQL: select exists (select 1 from information_schema.tables where table_schema = schema() and table_name = 'migrations' and table_type in ('BASE TABLE', 'SYSTEM VERSIONED')) as `exists`) at /home/notfuad/ngodingweb/www/laundry-go/vendor/laravel/framework/src/Illuminate/Database/Connection.php:857)
[stacktrace]
#0 /home/notfuad/ngodingweb/www/laundry-go/vendor/laravel/framework/src/Illuminate/Database/Connection.php(813): Illuminate\\Database\\Connection->runQueryCallback('select exists (...', Array, Object(Closure))
#1 /home/notfuad/ngodingweb/www/laundry-go/vendor/laravel/framework/src/Illuminate/Database/Connection.php(426): Illuminate\\Database\\Connection->run('select exists (...', Array, Object(Closure))
#2 /home/notfuad/ngodingweb/www/laundry-go/vendor/laravel/framework/src/Illuminate/Database/Connection.php(371): Illuminate\\Database\\Connection->select('select exists (...', Array, true)
#3 /home/notfuad/ngodingweb/www/laundry-go/vendor/laravel/framework/src/Illuminate/Database/Connection.php(388): Illuminate\\Database\\Connection->selectOne('select exists (...', Array, true)
#4 /home/notfuad/ngodingweb/www/laundry-go/vendor/laravel/framework/src/Illuminate/Database/Schema/Builder.php(176): Illuminate\\Database\\Connection->scalar('select exists (...')
#5 /home/notfuad/ngodingweb/www/laundry-go/vendor/laravel/framework/src/Illuminate/Database/Migrations/DatabaseMigrationRepository.php(185): Illuminate\\Database\\Schema\\Builder->hasTable('migrations')
#6 /home/notfuad/ngodingweb/www/laundry-go/vendor/laravel/framework/src/Illuminate/Database/Migrations/Migrator.php(797): Illuminate\\Database\\Migrations\\DatabaseMigrationRepository->repositoryExists()
#7 /home/notfuad/ngodingweb/www/laundry-go/vendor/laravel/framework/src/Illuminate/Database/Console/Migrations/StatusCommand.php(67): Illuminate\\Database\\Migrations\\Migrator->repositoryExists()
#8 /home/notfuad/ngodingweb/www/laundry-go/vendor/laravel/framework/src/Illuminate/Database/Migrations/Migrator.php(672): Illuminate\\Database\\Console\\Migrations\\StatusCommand->{closure:Illuminate\\Database\\Console\\Migrations\\StatusCommand::handle():66}()
#9 /home/notfuad/ngodingweb/www/laundry-go/vendor/laravel/framework/src/Illuminate/Database/Console/Migrations/StatusCommand.php(66): Illuminate\\Database\\Migrations\\Migrator->usingConnection(NULL, Object(Closure))
#10 /home/notfuad/ngodingweb/www/laundry-go/vendor/laravel/framework/src/Illuminate/Container/BoundMethod.php(36): Illuminate\\Database\\Console\\Migrations\\StatusCommand->handle()
#11 /home/notfuad/ngodingweb/www/laundry-go/vendor/laravel/framework/src/Illuminate/Container/Util.php(43): Illuminate\\Container\\BoundMethod::{closure:Illuminate\\Container\\BoundMethod::call():35}()
#12 /home/notfuad/ngodingweb/www/laundry-go/vendor/laravel/framework/src/Illuminate/Container/BoundMethod.php(96): Illuminate\\Container\\Util::unwrapIfClosure(Object(Closure))
#13 /home/notfuad/ngodingweb/www/laundry-go/vendor/laravel/framework/src/Illuminate/Container/BoundMethod.php(35): Illuminate\\Container\\BoundMethod::callBoundMethod(Object(Illuminate\\Foundation\\Application), Array, Object(Closure))
#14 /home/notfuad/ngodingweb/www/laundry-go/vendor/laravel/framework/src/Illuminate/Container/Container.php(803): Illuminate\\Container\\BoundMethod::call(Object(Illuminate\\Foundation\\Application), Array, Array, NULL)
#15 /home/notfuad/ngodingweb/www/laundry-go/vendor/laravel/framework/src/Illuminate/Console/Command.php(292): Illuminate\\Container\\Container->call(Array)
#16 /home/notfuad/ngodingweb/www/laundry-go/vendor/symfony/console/Command/Command.php(285): Illuminate\\Console\\Command->execute(Object(Symfony\\Component\\Console\\Input\\ArgvInput), Object(Illuminate\\Console\\OutputStyle))
#17 /home/notfuad/ngodingweb/www/laundry-go/vendor/laravel/framework/src/Illuminate/Console/Command.php(261): Symfony\\Component\\Console\\Command\\Command->run(Object(Symfony\\Component\\Console\\Input\\ArgvInput), Object(Illuminate\\Console\\OutputStyle))
#18 /home/notfuad/ngodingweb/www/laundry-go/vendor/symfony/console/Application.php(1144): Illuminate\\Console\\Command->run(Object(Symfony\\Component\\Console\\Input\\ArgvInput), Object(Symfony\\Component\\Console\\Output\\ConsoleOutput))
#19 /home/notfuad/ngodingweb/www/laundry-go/vendor/symfony/console/Application.php(379): Symfony\\Component\\Console\\Application->doRunCommand(Object(Illuminate\\Database\\Console\\Migrations\\StatusCommand), Object(Symfony\\Component\\Console\\Input\\ArgvInput), Object(Symfony\\Component\\Console\\Output\\ConsoleOutput))
#20 /home/notfuad/ngodingweb/www/laundry-go/vendor/symfony/console/Application.php(218): Symfony\\Component\\Console\\Application->doRun(Object(Symfony\\Component\\Console\\Input\\ArgvInput), Object(Symfony\\Component\\Console\\Output\\ConsoleOutput))
#21 /home/notfuad/ngodingweb/www/laundry-go/vendor/laravel/framework/src/Illuminate/Foundation/Console/Kernel.php(198): Symfony\\Component\\Console\\Application->run(Object(Symfony\\Component\\Console\\Input\\ArgvInput), Object(Symfony\\Component\\Console\\Output\\ConsoleOutput))
#22 /home/notfuad/ngodingweb/www/laundry-go/vendor/laravel/framework/src/Illuminate/Foundation/Application.php(1242): Illuminate\\Foundation\\Console\\Kernel->handle(Object(Symfony\\Component\\Console\\Input\\ArgvInput), Object(Symfony\\Component\\Console\\Output\\ConsoleOutput))
#23 /home/notfuad/ngodingweb/www/laundry-go/artisan(16): Illuminate\\Foundation\\Application->handleCommand(Object(Symfony\\Component\\Console\\Input\\ArgvInput))
#24 {main}

[previous exception] [object] (PDOException(code: 1049): SQLSTATE[HY000] [1049] Unknown database 'laundry_go' at /home/notfuad/ngodingweb/www/laundry-go/vendor/laravel/framework/src/Illuminate/Database/Connectors/Connector.php:67)
[stacktrace]
#0 /home/notfuad/ngodingweb/www/laundry-go/vendor/laravel/framework/src/Illuminate/Database/Connectors/Connector.php(67): PDO::connect('mysql:host=127....', 'root', Object(SensitiveParameterValue), Array)
#1 /home/notfuad/ngodingweb/www/laundry-go/vendor/laravel/framework/src/Illuminate/Database/Connectors/Connector.php(44): Illuminate\\Database\\Connectors\\Connector->createPdoConnection('mysql:host=127....', 'root', Object(SensitiveParameterValue), Array)
#2 /home/notfuad/ngodingweb/www/laundry-go/vendor/laravel/framework/src/Illuminate/Database/Connectors/MySqlConnector.php(24): Illuminate\\Database\\Connectors\\Connector->createConnection('mysql:host=127....', Array, Array)
#3 /home/notfuad/ngodingweb/www/laundry-go/vendor/laravel/framework/src/Illuminate/Database/Connectors/ConnectionFactory.php(220): Illuminate\\Database\\Connectors\\MySqlConnector->connect(Array)
#4 [internal function]: Illuminate\\Database\\Connectors\\ConnectionFactory->{closure:Illuminate\\Database\\Connectors\\ConnectionFactory::createPdoResolverWithHosts():213}()
#5 /home/notfuad/ngodingweb/www/laundry-go/vendor/laravel/framework/src/Illuminate/Database/Connection.php(1298): call_user_func(Object(Closure))
#6 /home/notfuad/ngodingweb/www/laundry-go/vendor/laravel/framework/src/Illuminate/Database/Connection.php(1336): Illuminate\\Database\\Connection->getPdo()
#7 /home/notfuad/ngodingweb/www/laundry-go/vendor/laravel/framework/src/Illuminate/Database/Connection.php(542): Illuminate\\Database\\Connection->getReadPdo()
#8 /home/notfuad/ngodingweb/www/laundry-go/vendor/laravel/framework/src/Illuminate/Database/Connection.php(435): Illuminate\\Database\\Connection->getPdoForSelect(true)
#9 /home/notfuad/ngodingweb/www/laundry-go/vendor/laravel/framework/src/Illuminate/Database/Connection.php(846): Illuminate\\Database\\Connection->{closure:Illuminate\\Database\\Connection::select():426}('select exists (...', Array)
#10 /home/notfuad/ngodingweb/www/laundry-go/vendor/laravel/framework/src/Illuminate/Database/Connection.php(813): Illuminate\\Database\\Connection->runQueryCallback('select exists (...', Array, Object(Closure))
#11 /home/notfuad/ngodingweb/www/laundry-go/vendor/laravel/framework/src/Illuminate/Database/Connection.php(426): Illuminate\\Database\\Connection->run('select exists (...', Array, Object(Closure))
#12 /home/notfuad/ngodingweb/www/laundry-go/vendor/laravel/framework/src/Illuminate/Database/Connection.php(371): Illuminate\\Database\\Connection->select('select exists (...', Array, true)
#13 /home/notfuad/ngodingweb/www/laundry-go/vendor/laravel/framework/src/Illuminate/Database/Connection.php(388): Illuminate\\Database\\Connection->selectOne('select exists (...', Array, true)
#14 /home/notfuad/ngodingweb/www/laundry-go/vendor/laravel/framework/src/Illuminate/Database/Schema/Builder.php(176): Illuminate\\Database\\Connection->scalar('select exists (...')
#15 /home/notfuad/ngodingweb/www/laundry-go/vendor/laravel/framework/src/Illuminate/Database/Migrations/DatabaseMigrationRepository.php(185): Illuminate\\Database\\Schema\\Builder->hasTable('migrations')
#16 /home/notfuad/ngodingweb/www/laundry-go/vendor/laravel/framework/src/Illuminate/Database/Migrations/Migrator.php(797): Illuminate\\Database\\Migrations\\DatabaseMigrationRepository->repositoryExists()
#17 /home/notfuad/ngodingweb/www/laundry-go/vendor/laravel/framework/src/Illuminate/Database/Console/Migrations/StatusCommand.php(67): Illuminate\\Database\\Migrations\\Migrator->repositoryExists()
#18 /home/notfuad/ngodingweb/www/laundry-go/vendor/laravel/framework/src/Illuminate/Database/Migrations/Migrator.php(672): Illuminate\\Database\\Console\\Migrations\\StatusCommand->{closure:Illuminate\\Database\\Console\\Migrations\\StatusCommand::handle():66}()
#19 /home/notfuad/ngodingweb/www/laundry-go/vendor/laravel/framework/src/Illuminate/Database/Console/Migrations/StatusCommand.php(66): Illuminate\\Database\\Migrations\\Migrator->usingConnection(NULL, Object(Closure))
#20 /home/notfuad/ngodingweb/www/laundry-go/vendor/laravel/framework/src/Illuminate/Container/BoundMethod.php(36): Illuminate\\Database\\Console\\Migrations\\StatusCommand->handle()
#21 /home/notfuad/ngodingweb/www/laundry-go/vendor/laravel/framework/src/Illuminate/Container/Util.php(43): Illuminate\\Container\\BoundMethod::{closure:Illuminate\\Container\\BoundMethod::call():35}()
#22 /home/notfuad/ngodingweb/www/laundry-go/vendor/laravel/framework/src/Illuminate/Container/BoundMethod.php(96): Illuminate\\Container\\Util::unwrapIfClosure(Object(Closure))
#23 /home/notfuad/ngodingweb/www/laundry-go/vendor/laravel/framework/src/Illuminate/Container/BoundMethod.php(35): Illuminate\\Container\\BoundMethod::callBoundMethod(Object(Illuminate\\Foundation\\Application), Array, Object(Closure))
#24 /home/notfuad/ngodingweb/www/laundry-go/vendor/laravel/framework/src/Illuminate/Container/Container.php(803): Illuminate\\Container\\BoundMethod::call(Object(Illuminate\\Foundation\\Application), Array, Array, NULL)
#25 /home/notfuad/ngodingweb/www/laundry-go/vendor/laravel/framework/src/Illuminate/Console/Command.php(292): Illuminate\\Container\\Container->call(Array)
#26 /home/notfuad/ngodingweb/www/laundry-go/vendor/symfony/console/Command/Command.php(285): Illuminate\\Console\\Command->execute(Object(Symfony\\Component\\Console\\Input\\ArgvInput), Object(Illuminate\\Console\\OutputStyle))
#27 /home/notfuad/ngodingweb/www/laundry-go/vendor/laravel/framework/src/Illuminate/Console/Command.php(261): Symfony\\Component\\Console\\Command\\Command->run(Object(Symfony\\Component\\Console\\Input\\ArgvInput), Object(Illuminate\\Console\\OutputStyle))
#28 /home/notfuad/ngodingweb/www/laundry-go/vendor/symfony/console/Application.php(1144): Illuminate\\Console\\Command->run(Object(Symfony\\Component\\Console\\Input\\ArgvInput), Object(Symfony\\Component\\Console\\Output\\ConsoleOutput))
#29 /home/notfuad/ngodingweb/www/laundry-go/vendor/symfony/console/Application.php(379): Symfony\\Component\\Console\\Application->doRunCommand(Object(Illuminate\\Database\\Console\\Migrations\\StatusCommand), Object(Symfony\\Component\\Console\\Input\\ArgvInput), Object(Symfony\\Component\\Console\\Output\\ConsoleOutput))
#30 /home/notfuad/ngodingweb/www/laundry-go/vendor/symfony/console/Application.php(218): Symfony\\Component\\Console\\Application->doRun(Object(Symfony\\Component\\Console\\Input\\ArgvInput), Object(Symfony\\Component\\Console\\Output\\ConsoleOutput))
#31 /home/notfuad/ngodingweb/www/laundry-go/vendor/laravel/framework/src/Illuminate/Foundation/Console/Kernel.php(198): Symfony\\Component\\Console\\Application->run(Object(Symfony\\Component\\Console\\Input\\ArgvInput), Object(Symfony\\Component\\Console\\Output\\ConsoleOutput))
#32 /home/notfuad/ngodingweb/www/laundry-go/vendor/laravel/framework/src/Illuminate/Foundation/Application.php(1242): Illuminate\\Foundation\\Console\\Kernel->handle(Object(Symfony\\Component\\Console\\Input\\ArgvInput), Object(Symfony\\Component\\Console\\Output\\ConsoleOutput))
#33 /home/notfuad/ngodingweb/www/laundry-go/artisan(16): Illuminate\\Foundation\\Application->handleCommand(Object(Symfony\\Component\\Console\\Input\\ArgvInput))
#34 {main}
"} 
[2026-09-25 04:53:39] local.ERROR: SQLSTATE[HY000] [1049] Unknown database 'laundry_go' {"exception":"[object] (PDOException(code: 1049): SQLSTATE[HY000] [1049] Unknown database 'laundry_go' at /home/notfuad/ngodingweb/www/laundry-go/vendor/laravel/framework/src/Illuminate/Database/Connectors/Connector.php:67)
[stacktrace]
#0 /home/notfuad/ngodingweb/www/laundry-go/vendor/laravel/framework/src/Illuminate/Database/Connectors/Connector.php(67): PDO::connect('mysql:host=127....', 'root', Object(SensitiveParameterValue), Array)
#1 /home/notfuad/ngodingweb/www/laundry-go/vendor/laravel/framework/src/Illuminate/Database/Connectors/Connector.php(44): Illuminate\\Database\\Connectors\\Connector->createPdoConnection('mysql:host=127....', 'root', Object(SensitiveParameterValue), Array)
#2 /home/notfuad/ngodingweb/www/laundry-go/vendor/laravel/framework/src/Illuminate/Database/Connectors/MySqlConnector.php(24): Illuminate\\Database\\Connectors\\Connector->createConnection('mysql:host=127....', Array, Array)
#3 /home/notfuad/ngodingweb/www/laundry-go/vendor/laravel/framework/src/Illuminate/Database/Connectors/ConnectionFactory.php(220): Illuminate\\Database\\Connectors\\MySqlConnector->connect(Array)
#4 [internal function]: Illuminate\\Database\\Connectors\\ConnectionFactory->{closure:Illuminate\\Database\\Connectors\\ConnectionFactory::createPdoResolverWithHosts():213}()
#5 /home/notfuad/ngodingweb/www/laundry-go/vendor/laravel/framework/src/Illuminate/Database/Connection.php(1298): call_user_func(Object(Closure))
#6 /home/notfuad/ngodingweb/www/laundry-go/vendor/laravel/framework/src/Illuminate/Database/MySqlConnection.php(119): Illuminate\\Database\\Connection->getPdo()
#7 /home/notfuad/ngodingweb/www/laundry-go/vendor/laravel/framework/src/Illuminate/Database/MySqlConnection.php(29): Illuminate\\Database\\MySqlConnection->isMaria()
#8 /home/notfuad/ngodingweb/www/laundry-go/vendor/laravel/framework/src/Illuminate/Database/Console/ShowCommand.php(52): Illuminate\\Database\\MySqlConnection->getDriverTitle()
#9 /home/notfuad/ngodingweb/www/laundry-go/vendor/laravel/framework/src/Illuminate/Container/BoundMethod.php(36): Illuminate\\Database\\Console\\ShowCommand->handle(Object(Illuminate\\Database\\DatabaseManager))
#10 /home/notfuad/ngodingweb/www/laundry-go/vendor/laravel/framework/src/Illuminate/Container/Util.php(43): Illuminate\\Container\\BoundMethod::{closure:Illuminate\\Container\\BoundMethod::call():35}()
#11 /home/notfuad/ngodingweb/www/laundry-go/vendor/laravel/framework/src/Illuminate/Container/BoundMethod.php(96): Illuminate\\Container\\Util::unwrapIfClosure(Object(Closure))
#12 /home/notfuad/ngodingweb/www/laundry-go/vendor/laravel/framework/src/Illuminate/Container/BoundMethod.php(35): Illuminate\\Container\\BoundMethod::callBoundMethod(Object(Illuminate\\Foundation\\Application), Array, Object(Closure))
#13 /home/notfuad/ngodingweb/www/laundry-go/vendor/laravel/framework/src/Illuminate/Container/Container.php(803): Illuminate\\Container\\BoundMethod::call(Object(Illuminate\\Foundation\\Application), Array, Array, NULL)
#14 /home/notfuad/ngodingweb/www/laundry-go/vendor/laravel/framework/src/Illuminate/Console/Command.php(292): Illuminate\\Container\\Container->call(Array)
#15 /home/notfuad/ngodingweb/www/laundry-go/vendor/symfony/console/Command/Command.php(285): Illuminate\\Console\\Command->execute(Object(Symfony\\Component\\Console\\Input\\ArgvInput), Object(Illuminate\\Console\\OutputStyle))
#16 /home/notfuad/ngodingweb/www/laundry-go/vendor/laravel/framework/src/Illuminate/Console/Command.php(261): Symfony\\Component\\Console\\Command\\Command->run(Object(Symfony\\Component\\Console\\Input\\ArgvInput), Object(Illuminate\\Console\\OutputStyle))
#17 /home/notfuad/ngodingweb/www/laundry-go/vendor/symfony/console/Application.php(1144): Illuminate\\Console\\Command->run(Object(Symfony\\Component\\Console\\Input\\ArgvInput), Object(Symfony\\Component\\Console\\Output\\ConsoleOutput))
#18 /home/notfuad/ngodingweb/www/laundry-go/vendor/symfony/console/Application.php(379): Symfony\\Component\\Console\\Application->doRunCommand(Object(Illuminate\\Database\\Console\\ShowCommand), Object(Symfony\\Component\\Console\\Input\\ArgvInput), Object(Symfony\\Component\\Console\\Output\\ConsoleOutput))
#19 /home/notfuad/ngodingweb/www/laundry-go/vendor/symfony/console/Application.php(218): Symfony\\Component\\Console\\Application->doRun(Object(Symfony\\Component\\Console\\Input\\ArgvInput), Object(Symfony\\Component\\Console\\Output\\ConsoleOutput))
#20 /home/notfuad/ngodingweb/www/laundry-go/vendor/laravel/framework/src/Illuminate/Foundation/Console/Kernel.php(198): Symfony\\Component\\Console\\Application->run(Object(Symfony\\Component\\Console\\Input\\ArgvInput), Object(Symfony\\Component\\Console\\Output\\ConsoleOutput))
#21 /home/notfuad/ngodingweb/www/laundry-go/vendor/laravel/framework/src/Illuminate/Foundation/Application.php(1242): Illuminate\\Foundation\\Console\\Kernel->handle(Object(Symfony\\Component\\Console\\Input\\ArgvInput), Object(Symfony\\Component\\Console\\Output\\ConsoleOutput))
#22 /home/notfuad/ngodingweb/www/laundry-go/artisan(16): Illuminate\\Foundation\\Application->handleCommand(Object(Symfony\\Component\\Console\\Input\\ArgvInput))
#23 {main}
"} 
[2026-09-25 05:06:31] local.ERROR: Route [admin.logout] not defined. (View: /home/notfuad/ngodingweb/www/laundry-go/resources/views/layouts/dashboard.blade.php) (View: /home/notfuad/ngodingweb/www/laundry-go/resources/views/layouts/dashboard.blade.php) {"userId":1,"exception":"[object] (Illuminate\\View\\ViewException(code: 0): Route [admin.logout] not defined. (View: /home/notfuad/ngodingweb/www/laundry-go/resources/views/layouts/dashboard.blade.php) (View: /home/notfuad/ngodingweb/www/laundry-go/resources/views/layouts/dashboard.blade.php) at /home/notfuad/ngodingweb/www/laundry-go/vendor/laravel/framework/src/Illuminate/Routing/UrlGenerator.php:542)
[stacktrace]
#0 /home/notfuad/ngodingweb/www/laundry-go/vendor/laravel/framework/src/Illuminate/View/Engines/PhpEngine.php(59): Illuminate\\View\\Engines\\CompilerEngine->handleViewException(Object(Illuminate\\View\\ViewException), 0)
#1 /home/notfuad/ngodingweb/www/laundry-go/vendor/laravel/framework/src/Illuminate/View/Engines/CompilerEngine.php(76): Illuminate\\View\\Engines\\PhpEngine->evaluatePath('/home/notfuad/n...', Array)
#2 /home/notfuad/ngodingweb/www/laundry-go/vendor/laravel/framework/src/Illuminate/View/View.php(208): Illuminate\\View\\Engines\\CompilerEngine->get('/home/notfuad/n...', Array)
#3 /home/notfuad/ngodingweb/www/laundry-go/vendor/laravel/framework/src/Illuminate/View/View.php(191): Illuminate\\View\\View->getContents()
#4 /home/notfuad/ngodingweb/www/laundry-go/vendor/laravel/framework/src/Illuminate/View/View.php(160): Illuminate\\View\\View->renderContents()
#5 /home/notfuad/ngodingweb/www/laundry-go/vendor/laravel/framework/src/Illuminate/Http/Response.php(82): Illuminate\\View\\View->render()
#6 /home/notfuad/ngodingweb/www/laundry-go/vendor/laravel/framework/src/Illuminate/Http/Response.php(40): Illuminate\\Http\\Response->setContent(Object(Illuminate\\View\\View))
#7 /home/notfuad/ngodingweb/www/laundry-go/vendor/laravel/framework/src/Illuminate/Routing/Router.php(939): Illuminate\\Http\\Response->__construct(Object(Illuminate\\View\\View), 200, Array)
#8 /home/notfuad/ngodingweb/www/laundry-go/vendor/laravel/framework/src/Illuminate/Routing/Router.php(906): Illuminate\\Routing\\Router::toResponse(Object(Illuminate\\Http\\Request), Object(Illuminate\\View\\View))
#9 /home/notfuad/ngodingweb/www/laundry-go/vendor/laravel/framework/src/Illuminate/Routing/Router.php(821): Illuminate\\Routing\\Router->prepareResponse(Object(Illuminate\\Http\\Request), Object(Illuminate\\View\\View))
#10 /home/notfuad/ngodingweb/www/laundry-go/vendor/laravel/framework/src/Illuminate/Pipeline/Pipeline.php(180): Illuminate\\Routing\\Router->{closure:Illuminate\\Routing\\Router::runRouteWithinStack():821}(Object(Illuminate\\Http\\Request))
#11 /home/notfuad/ngodingweb/www/laundry-go/app/Http/Middleware/AdminMiddleware.php(30): Illuminate\\Pipeline\\Pipeline->{closure:Illuminate\\Pipeline\\Pipeline::prepareDestination():178}(Object(Illuminate\\Http\\Request))
#12 /home/notfuad/ngodingweb/www/laundry-go/vendor/laravel/framework/src/Illuminate/Pipeline/Pipeline.php(219): App\\Http\\Middleware\\AdminMiddleware->handle(Object(Illuminate\\Http\\Request), Object(Closure))
#13 /home/notfuad/ngodingweb/www/laundry-go/vendor/laravel/boost/src/Middleware/InjectBoost.php(22): Illuminate\\Pipeline\\Pipeline->{closure:{closure:Illuminate\\Pipeline\\Pipeline::carry():194}:195}(Object(Illuminate\\Http\\Request))
#14 /home/notfuad/ngodingweb/www/laundry-go/vendor/laravel/framework/src/Illuminate/Pipeline/Pipeline.php(219): Laravel\\Boost\\Middleware\\InjectBoost->handle(Object(Illuminate\\Http\\Request), Object(Closure))
#15 /home/notfuad/ngodingweb/www/laundry-go/vendor/laravel/framework/src/Illuminate/Routing/Middleware/SubstituteBindings.php(52): Illuminate\\Pipeline\\Pipeline->{closure:{closure:Illuminate\\Pipeline\\Pipeline::carry():194}:195}(Object(Illuminate\\Http\\Request))
#16 /home/notfuad/ngodingweb/www/laundry-go/vendor/laravel/framework/src/Illuminate/Pipeline/Pipeline.php(219): Illuminate\\Routing\\Middleware\\SubstituteBindings->handle(Object(Illuminate\\Http\\Request), Object(Closure))
#17 /home/notfuad/ngodingweb/www/laundry-go/vendor/laravel/framework/src/Illuminate/Foundation/Http/Middleware/PreventRequestForgery.php(104): Illuminate\\Pipeline\\Pipeline->{closure:{closure:Illuminate\\Pipeline\\Pipeline::carry():194}:195}(Object(Illuminate\\Http\\Request))
#18 /home/notfuad/ngodingweb/www/laundry-go/vendor/laravel/framework/src/Illuminate/Pipeline/Pipeline.php(219): Illuminate\\Foundation\\Http\\Middleware\\PreventRequestForgery->handle(Object(Illuminate\\Http\\Request), Object(Closure))
#19 /home/notfuad/ngodingweb/www/laundry-go/vendor/laravel/framework/src/Illuminate/View/Middleware/ShareErrorsFromSession.php(48): Illuminate\\Pipeline\\Pipeline->{closure:{closure:Illuminate\\Pipeline\\Pipeline::carry():194}:195}(Object(Illuminate\\Http\\Request))
#20 /home/notfuad/ngodingweb/www/laundry-go/vendor/laravel/framework/src/Illuminate/Pipeline/Pipeline.php(219): Illuminate\\View\\Middleware\\ShareErrorsFromSession->handle(Object(Illuminate\\Http\\Request), Object(Closure))
#21 /home/notfuad/ngodingweb/www/laundry-go/vendor/laravel/framework/src/Illuminate/Session/Middleware/StartSession.php(120): Illuminate\\Pipeline\\Pipeline->{closure:{closure:Illuminate\\Pipeline\\Pipeline::carry():194}:195}(Object(Illuminate\\Http\\Request))
#22 /home/notfuad/ngodingweb/www/laundry-go/vendor/laravel/framework/src/Illuminate/Session/Middleware/StartSession.php(63): Illuminate\\Session\\Middleware\\StartSession->handleStatefulRequest(Object(Illuminate\\Http\\Request), Object(Illuminate\\Session\\Store), Object(Closure))
#23 /home/notfuad/ngodingweb/www/laundry-go/vendor/laravel/framework/src/Illuminate/Pipeline/Pipeline.php(219): Illuminate\\Session\\Middleware\\StartSession->handle(Object(Illuminate\\Http\\Request), Object(Closure))
#24 /home/notfuad/ngodingweb/www/laundry-go/vendor/laravel/framework/src/Illuminate/Cookie/Middleware/AddQueuedCookiesToResponse.php(36): Illuminate\\Pipeline\\Pipeline->{closure:{closure:Illuminate\\Pipeline\\Pipeline::carry():194}:195}(Object(Illuminate\\Http\\Request))
#25 /home/notfuad/ngodingweb/www/laundry-go/vendor/laravel/framework/src/Illuminate/Pipeline/Pipeline.php(219): Illuminate\\Cookie\\Middleware\\AddQueuedCookiesToResponse->handle(Object(Illuminate\\Http\\Request), Object(Closure))
#26 /home/notfuad/ngodingweb/www/laundry-go/vendor/laravel/framework/src/Illuminate/Cookie/Middleware/EncryptCookies.php(74): Illuminate\\Pipeline\\Pipeline->{closure:{closure:Illuminate\\Pipeline\\Pipeline::carry():194}:195}(Object(Illuminate\\Http\\Request))
#27 /home/notfuad/ngodingweb/www/laundry-go/vendor/laravel/framework/src/Illuminate/Pipeline/Pipeline.php(219): Illuminate\\Cookie\\Middleware\\EncryptCookies->handle(Object(Illuminate\\Http\\Request), Object(Closure))
#28 /home/notfuad/ngodingweb/www/laundry-go/vendor/laravel/framework/src/Illuminate/Pipeline/Pipeline.php(137): Illuminate\\Pipeline\\Pipeline->{closure:{closure:Illuminate\\Pipeline\\Pipeline::carry():194}:195}(Object(Illuminate\\Http\\Request))
#29 /home/notfuad/ngodingweb/www/laundry-go/vendor/laravel/framework/src/Illuminate/Routing/Router.php(821): Illuminate\\Pipeline\\Pipeline->then(Object(Closure))
#30 /home/notfuad/ngodingweb/www/laundry-go/vendor/laravel/framework/src/Illuminate/Routing/Router.php(800): Illuminate\\Routing\\Router->runRouteWithinStack(Object(Illuminate\\Routing\\Route), Object(Illuminate\\Http\\Request))
#31 /home/notfuad/ngodingweb/www/laundry-go/vendor/laravel/framework/src/Illuminate/Routing/Router.php(764): Illuminate\\Routing\\Router->runRoute(Object(Illuminate\\Http\\Request), Object(Illuminate\\Routing\\Route))
#32 /home/notfuad/ngodingweb/www/laundry-go/vendor/laravel/framework/src/Illuminate/Routing/Router.php(753): Illuminate\\Routing\\Router->dispatchToRoute(Object(Illuminate\\Http\\Request))
#33 /home/notfuad/ngodingweb/www/laundry-go/vendor/laravel/framework/src/Illuminate/Foundation/Http/Kernel.php(200): Illuminate\\Routing\\Router->dispatch(Object(Illuminate\\Http\\Request))
#34 /home/notfuad/ngodingweb/www/laundry-go/vendor/laravel/framework/src/Illuminate/Pipeline/Pipeline.php(180): Illuminate\\Foundation\\Http\\Kernel->{closure:Illuminate\\Foundation\\Http\\Kernel::dispatchToRouter():197}(Object(Illuminate\\Http\\Request))
#35 /home/notfuad/ngodingweb/www/laundry-go/vendor/laravel/mcp/src/Server/Middleware/AddWwwAuthenticateHeader.php(21): Illuminate\\Pipeline\\Pipeline->{closure:Illuminate\\Pipeline\\Pipeline::prepareDestination():178}(Object(Illuminate\\Http\\Request))
#36 /home/notfuad/ngodingweb/www/laundry-go/vendor/laravel/framework/src/Illuminate/Pipeline/Pipeline.php(219): Laravel\\Mcp\\Server\\Middleware\\AddWwwAuthenticateHeader->handle(Object(Illuminate\\Http\\Request), Object(Closure))
#37 /home/notfuad/ngodingweb/www/laundry-go/vendor/laravel/framework/src/Illuminate/Foundation/Http/Middleware/TransformsRequest.php(21): Illuminate\\Pipeline\\Pipeline->{closure:{closure:Illuminate\\Pipeline\\Pipeline::carry():194}:195}(Object(Illuminate\\Http\\Request))
#38 /home/notfuad/ngodingweb/www/laundry-go/vendor/laravel/framework/src/Illuminate/Foundation/Http/Middleware/ConvertEmptyStringsToNull.php(31): Illuminate\\Foundation\\Http\\Middleware\\TransformsRequest->handle(Object(Illuminate\\Http\\Request), Object(Closure))
#39 /home/notfuad/ngodingweb/www/laundry-go/vendor/laravel/framework/src/Illuminate/Pipeline/Pipeline.php(219): Illuminate\\Foundation\\Http\\Middleware\\ConvertEmptyStringsToNull->handle(Object(Illuminate\\Http\\Request), Object(Closure))
#40 /home/notfuad/ngodingweb/www/laundry-go/vendor/laravel/framework/src/Illuminate/Foundation/Http/Middleware/TransformsRequest.php(21): Illuminate\\Pipeline\\Pipeline->{closure:{closure:Illuminate\\Pipeline\\Pipeline::carry():194}:195}(Object(Illuminate\\Http\\Request))
#41 /home/notfuad/ngodingweb/www/laundry-go/vendor/laravel/framework/src/Illuminate/Foundation/Http/Middleware/TrimStrings.php(51): Illuminate\\Foundation\\Http\\Middleware\\TransformsRequest->handle(Object(Illuminate\\Http\\Request), Object(Closure))
#42 /home/notfuad/ngodingweb/www/laundry-go/vendor/laravel/framework/src/Illuminate/Pipeline/Pipeline.php(219): Illuminate\\Foundation\\Http\\Middleware\\TrimStrings->handle(Object(Illuminate\\Http\\Request), Object(Closure))
#43 /home/notfuad/ngodingweb/www/laundry-go/vendor/laravel/framework/src/Illuminate/Http/Middleware/ValidatePostSize.php(27): Illuminate\\Pipeline\\Pipeline->{closure:{closure:Illuminate\\Pipeline\\Pipeline::carry():194}:195}(Object(Illuminate\\Http\\Request))
#44 /home/notfuad/ngodingweb/www/laundry-go/vendor/laravel/framework/src/Illuminate/Pipeline/Pipeline.php(219): Illuminate\\Http\\Middleware\\ValidatePostSize->handle(Object(Illuminate\\Http\\Request), Object(Closure))
#45 /home/notfuad/ngodingweb/www/laundry-go/vendor/laravel/framework/src/Illuminate/Foundation/Http/Middleware/PreventRequestsDuringMaintenance.php(110): Illuminate\\Pipeline\\Pipeline->{closure:{closure:Illuminate\\Pipeline\\Pipeline::carry():194}:195}(Object(Illuminate\\Http\\Request))
#46 /home/notfuad/ngodingweb/www/laundry-go/vendor/laravel/framework/src/Illuminate/Pipeline/Pipeline.php(219): Illuminate\\Foundation\\Http\\Middleware\\PreventRequestsDuringMaintenance->handle(Object(Illuminate\\Http\\Request), Object(Closure))
#47 /home/notfuad/ngodingweb/www/laundry-go/vendor/laravel/framework/src/Illuminate/Http/Middleware/HandleCors.php(61): Illuminate\\Pipeline\\Pipeline->{closure:{closure:Illuminate\\Pipeline\\Pipeline::carry():194}:195}(Object(Illuminate\\Http\\Request))
#48 /home/notfuad/ngodingweb/www/laundry-go/vendor/laravel/framework/src/Illuminate/Pipeline/Pipeline.php(219): Illuminate\\Http\\Middleware\\HandleCors->handle(Object(Illuminate\\Http\\Request), Object(Closure))
#49 /home/notfuad/ngodingweb/www/laundry-go/vendor/laravel/framework/src/Illuminate/Http/Middleware/TrustProxies.php(58): Illuminate\\Pipeline\\Pipeline->{closure:{closure:Illuminate\\Pipeline\\Pipeline::carry():194}:195}(Object(Illuminate\\Http\\Request))
#50 /home/notfuad/ngodingweb/www/laundry-go/vendor/laravel/framework/src/Illuminate/Pipeline/Pipeline.php(219): Illuminate\\Http\\Middleware\\TrustProxies->handle(Object(Illuminate\\Http\\Request), Object(Closure))
#51 /home/notfuad/ngodingweb/www/laundry-go/vendor/laravel/framework/src/Illuminate/Foundation/Http/Middleware/InvokeDeferredCallbacks.php(22): Illuminate\\Pipeline\\Pipeline->{closure:{closure:Illuminate\\Pipeline\\Pipeline::carry():194}:195}(Object(Illuminate\\Http\\Request))
#52 /home/notfuad/ngodingweb/www/laundry-go/vendor/laravel/framework/src/Illuminate/Pipeline/Pipeline.php(219): Illuminate\\Foundation\\Http\\Middleware\\InvokeDeferredCallbacks->handle(Object(Illuminate\\Http\\Request), Object(Closure))
#53 /home/notfuad/ngodingweb/www/laundry-go/vendor/laravel/framework/src/Illuminate/Http/Middleware/ValidatePathEncoding.php(28): Illuminate\\Pipeline\\Pipeline->{closure:{closure:Illuminate\\Pipeline\\Pipeline::carry():194}:195}(Object(Illuminate\\Http\\Request))
#54 /home/notfuad/ngodingweb/www/laundry-go/vendor/laravel/framework/src/Illuminate/Pipeline/Pipeline.php(219): Illuminate\\Http\\Middleware\\ValidatePathEncoding->handle(Object(Illuminate\\Http\\Request), Object(Closure))
#55 /home/notfuad/ngodingweb/www/laundry-go/vendor/laravel/framework/src/Illuminate/Pipeline/Pipeline.php(137): Illuminate\\Pipeline\\Pipeline->{closure:{closure:Illuminate\\Pipeline\\Pipeline::carry():194}:195}(Object(Illuminate\\Http\\Request))
#56 /home/notfuad/ngodingweb/www/laundry-go/vendor/laravel/framework/src/Illuminate/Foundation/Http/Kernel.php(175): Illuminate\\Pipeline\\Pipeline->then(Object(Closure))
#57 /home/notfuad/ngodingweb/www/laundry-go/vendor/laravel/framework/src/Illuminate/Foundation/Http/Kernel.php(144): Illuminate\\Foundation\\Http\\Kernel->sendRequestThroughRouter(Object(Illuminate\\Http\\Request))
#58 /home/notfuad/ngodingweb/www/laundry-go/vendor/laravel/framework/src/Illuminate/Foundation/Application.php(1227): Illuminate\\Foundation\\Http\\Kernel->handle(Object(Illuminate\\Http\\Request))
#59 /home/notfuad/ngodingweb/www/laundry-go/public/index.php(20): Illuminate\\Foundation\\Application->handleRequest(Object(Illuminate\\Http\\Request))
#60 /home/notfuad/ngodingweb/www/laundry-go/vendor/laravel/framework/src/Illuminate/Foundation/resources/server.php(23): require_once('/home/notfuad/n...')
#61 {main}

[previous exception] [object] (Illuminate\\View\\ViewException(code: 0): Route [admin.logout] not defined. (View: /home/notfuad/ngodingweb/www/laundry-go/resources/views/layouts/dashboard.blade.php) at /home/notfuad/ngodingweb/www/laundry-go/vendor/laravel/framework/src/Illuminate/Routing/UrlGenerator.php:542)
[stacktrace]
#0 /home/notfuad/ngodingweb/www/laundry-go/vendor/laravel/framework/src/Illuminate/View/Engines/PhpEngine.php(59): Illuminate\\View\\Engines\\CompilerEngine->handleViewException(Object(Symfony\\Component\\Routing\\Exception\\RouteNotFoundException), 1)
#1 /home/notfuad/ngodingweb/www/laundry-go/vendor/laravel/framework/src/Illuminate/View/Engines/CompilerEngine.php(76): Illuminate\\View\\Engines\\PhpEngine->evaluatePath('/home/notfuad/n...', Array)
#2 /home/notfuad/ngodingweb/www/laundry-go/vendor/laravel/framework/src/Illuminate/View/View.php(208): Illuminate\\View\\Engines\\CompilerEngine->get('/home/notfuad/n...', Array)
#3 /home/notfuad/ngodingweb/www/laundry-go/vendor/laravel/framework/src/Illuminate/View/View.php(191): Illuminate\\View\\View->getContents()
#4 /home/notfuad/ngodingweb/www/laundry-go/vendor/laravel/framework/src/Illuminate/View/View.php(160): Illuminate\\View\\View->renderContents()
#5 /home/notfuad/ngodingweb/www/laundry-go/storage/framework/views/e83e3e8e8dbfca52a0cf714754b5fb0d.php(202): Illuminate\\View\\View->render()
#6 /home/notfuad/ngodingweb/www/laundry-go/vendor/laravel/framework/src/Illuminate/Filesystem/Filesystem.php(123): require('/home/notfuad/n...')
#7 /home/notfuad/ngodingweb/www/laundry-go/vendor/laravel/framework/src/Illuminate/Filesystem/Filesystem.php(124): Illuminate\\Filesystem\\Filesystem::{closure:Illuminate\\Filesystem\\Filesystem::getRequire():120}()
#8 /home/notfuad/ngodingweb/www/laundry-go/vendor/laravel/framework/src/Illuminate/View/Engines/PhpEngine.php(57): Illuminate\\Filesystem\\Filesystem->getRequire('/home/notfuad/n...', Array)
#9 /home/notfuad/ngodingweb/www/laundry-go/vendor/laravel/framework/src/Illuminate/View/Engines/CompilerEngine.php(76): Illuminate\\View\\Engines\\PhpEngine->evaluatePath('/home/notfuad/n...', Array)
#10 /home/notfuad/ngodingweb/www/laundry-go/vendor/laravel/framework/src/Illuminate/View/View.php(208): Illuminate\\View\\Engines\\CompilerEngine->get('/home/notfuad/n...', Array)
#11 /home/notfuad/ngodingweb/www/laundry-go/vendor/laravel/framework/src/Illuminate/View/View.php(191): Illuminate\\View\\View->getContents()
#12 /home/notfuad/ngodingweb/www/laundry-go/vendor/laravel/framework/src/Illuminate/View/View.php(160): Illuminate\\View\\View->renderContents()
#13 /home/notfuad/ngodingweb/www/laundry-go/vendor/laravel/framework/src/Illuminate/Http/Response.php(82): Illuminate\\View\\View->render()
#14 /home/notfuad/ngodingweb/www/laundry-go/vendor/laravel/framework/src/Illuminate/Http/Response.php(40): Illuminate\\Http\\Response->setContent(Object(Illuminate\\View\\View))
#15 /home/notfuad/ngodingweb/www/laundry-go/vendor/laravel/framework/src/Illuminate/Routing/Router.php(939): Illuminate\\Http\\Response->__construct(Object(Illuminate\\View\\View), 200, Array)
#16 /home/notfuad/ngodingweb/www/laundry-go/vendor/laravel/framework/src/Illuminate/Routing/Router.php(906): Illuminate\\Routing\\Router::toResponse(Object(Illuminate\\Http\\Request), Object(Illuminate\\View\\View))
#17 /home/notfuad/ngodingweb/www/laundry-go/vendor/laravel/framework/src/Illuminate/Routing/Router.php(821): Illuminate\\Routing\\Router->prepareResponse(Object(Illuminate\\Http\\Request), Object(Illuminate\\View\\View))
#18 /home/notfuad/ngodingweb/www/laundry-go/vendor/laravel/framework/src/Illuminate/Pipeline/Pipeline.php(180): Illuminate\\Routing\\Router->{closure:Illuminate\\Routing\\Router::runRouteWithinStack():821}(Object(Illuminate\\Http\\Request))
#19 /home/notfuad/ngodingweb/www/laundry-go/app/Http/Middleware/AdminMiddleware.php(30): Illuminate\\Pipeline\\Pipeline->{closure:Illuminate\\Pipeline\\Pipeline::prepareDestination():178}(Object(Illuminate\\Http\\Request))
#20 /home/notfuad/ngodingweb/www/laundry-go/vendor/laravel/framework/src/Illuminate/Pipeline/Pipeline.php(219): App\\Http\\Middleware\\AdminMiddleware->handle(Object(Illuminate\\Http\\Request), Object(Closure))
#21 /home/notfuad/ngodingweb/www/laundry-go/vendor/laravel/boost/src/Middleware/InjectBoost.php(22): Illuminate\\Pipeline\\Pipeline->{closure:{closure:Illuminate\\Pipeline\\Pipeline::carry():194}:195}(Object(Illuminate\\Http\\Request))
#22 /home/notfuad/ngodingweb/www/laundry-go/vendor/laravel/framework/src/Illuminate/Pipeline/Pipeline.php(219): Laravel\\Boost\\Middleware\\InjectBoost->handle(Object(Illuminate\\Http\\Request), Object(Closure))
#23 /home/notfuad/ngodingweb/www/laundry-go/vendor/laravel/framework/src/Illuminate/Routing/Middleware/SubstituteBindings.php(52): Illuminate\\Pipeline\\Pipeline->{closure:{closure:Illuminate\\Pipeline\\Pipeline::carry():194}:195}(Object(Illuminate\\Http\\Request))
#24 /home/notfuad/ngodingweb/www/laundry-go/vendor/laravel/framework/src/Illuminate/Pipeline/Pipeline.php(219): Illuminate\\Routing\\Middleware\\SubstituteBindings->handle(Object(Illuminate\\Http\\Request), Object(Closure))
#25 /home/notfuad/ngodingweb/www/laundry-go/vendor/laravel/framework/src/Illuminate/Foundation/Http/Middleware/PreventRequestForgery.php(104): Illuminate\\Pipeline\\Pipeline->{closure:{closure:Illuminate\\Pipeline\\Pipeline::carry():194}:195}(Object(Illuminate\\Http\\Request))
#26 /home/notfuad/ngodingweb/www/laundry-go/vendor/laravel/framework/src/Illuminate/Pipeline/Pipeline.php(219): Illuminate\\Foundation\\Http\\Middleware\\PreventRequestForgery->handle(Object(Illuminate\\Http\\Request), Object(Closure))
#27 /home/notfuad/ngodingweb/www/laundry-go/vendor/laravel/framework/src/Illuminate/View/Middleware/ShareErrorsFromSession.php(48): Illuminate\\Pipeline\\Pipeline->{closure:{closure:Illuminate\\Pipeline\\Pipeline::carry():194}:195}(Object(Illuminate\\Http\\Request))
#28 /home/notfuad/ngodingweb/www/laundry-go/vendor/laravel/framework/src/Illuminate/Pipeline/Pipeline.php(219): Illuminate\\View\\Middleware\\ShareErrorsFromSession->handle(Object(Illuminate\\Http\\Request), Object(Closure))
#29 /home/notfuad/ngodingweb/www/laundry-go/vendor/laravel/framework/src/Illuminate/Session/Middleware/StartSession.php(120): Illuminate\\Pipeline\\Pipeline->{closure:{closure:Illuminate\\Pipeline\\Pipeline::carry():194}:195}(Object(Illuminate\\Http\\Request))
#30 /home/notfuad/ngodingweb/www/laundry-go/vendor/laravel/framework/src/Illuminate/Session/Middleware/StartSession.php(63): Illuminate\\Session\\Middleware\\StartSession->handleStatefulRequest(Object(Illuminate\\Http\\Request), Object(Illuminate\\Session\\Store), Object(Closure))
#31 /home/notfuad/ngodingweb/www/laundry-go/vendor/laravel/framework/src/Illuminate/Pipeline/Pipeline.php(219): Illuminate\\Session\\Middleware\\StartSession->handle(Object(Illuminate\\Http\\Request), Object(Closure))
#32 /home/notfuad/ngodingweb/www/laundry-go/vendor/laravel/framework/src/Illuminate/Cookie/Middleware/AddQueuedCookiesToResponse.php(36): Illuminate\\Pipeline\\Pipeline->{closure:{closure:Illuminate\\Pipeline\\Pipeline::carry():194}:195}(Object(Illuminate\\Http\\Request))
#33 /home/notfuad/ngodingweb/www/laundry-go/vendor/laravel/framework/src/Illuminate/Pipeline/Pipeline.php(219): Illuminate\\Cookie\\Middleware\\AddQueuedCookiesToResponse->handle(Object(Illuminate\\Http\\Request), Object(Closure))
#34 /home/notfuad/ngodingweb/www/laundry-go/vendor/laravel/framework/src/Illuminate/Cookie/Middleware/EncryptCookies.php(74): Illuminate\\Pipeline\\Pipeline->{closure:{closure:Illuminate\\Pipeline\\Pipeline::carry():194}:195}(Object(Illuminate\\Http\\Request))
#35 /home/notfuad/ngodingweb/www/laundry-go/vendor/laravel/framework/src/Illuminate/Pipeline/Pipeline.php(219): Illuminate\\Cookie\\Middleware\\EncryptCookies->handle(Object(Illuminate\\Http\\Request), Object(Closure))
#36 /home/notfuad/ngodingweb/www/laundry-go/vendor/laravel/framework/src/Illuminate/Pipeline/Pipeline.php(137): Illuminate\\Pipeline\\Pipeline->{closure:{closure:Illuminate\\Pipeline\\Pipeline::carry():194}:195}(Object(Illuminate\\Http\\Request))
#37 /home/notfuad/ngodingweb/www/laundry-go/vendor/laravel/framework/src/Illuminate/Routing/Router.php(821): Illuminate\\Pipeline\\Pipeline->then(Object(Closure))
#38 /home/notfuad/ngodingweb/www/laundry-go/vendor/laravel/framework/src/Illuminate/Routing/Router.php(800): Illuminate\\Routing\\Router->runRouteWithinStack(Object(Illuminate\\Routing\\Route), Object(Illuminate\\Http\\Request))
#39 /home/notfuad/ngodingweb/www/laundry-go/vendor/laravel/framework/src/Illuminate/Routing/Router.php(764): Illuminate\\Routing\\Router->runRoute(Object(Illuminate\\Http\\Request), Object(Illuminate\\Routing\\Route))
#40 /home/notfuad/ngodingweb/www/laundry-go/vendor/laravel/framework/src/Illuminate/Routing/Router.php(753): Illuminate\\Routing\\Router->dispatchToRoute(Object(Illuminate\\Http\\Request))
#41 /home/notfuad/ngodingweb/www/laundry-go/vendor/laravel/framework/src/Illuminate/Foundation/Http/Kernel.php(200): Illuminate\\Routing\\Router->dispatch(Object(Illuminate\\Http\\Request))
#42 /home/notfuad/ngodingweb/www/laundry-go/vendor/laravel/framework/src/Illuminate/Pipeline/Pipeline.php(180): Illuminate\\Foundation\\Http\\Kernel->{closure:Illuminate\\Foundation\\Http\\Kernel::dispatchToRouter():197}(Object(Illuminate\\Http\\Request))
#43 /home/notfuad/ngodingweb/www/laundry-go/vendor/laravel/mcp/src/Server/Middleware/AddWwwAuthenticateHeader.php(21): Illuminate\\Pipeline\\Pipeline->{closure:Illuminate\\Pipeline\\Pipeline::prepareDestination():178}(Object(Illuminate\\Http\\Request))
#44 /home/notfuad/ngodingweb/www/laundry-go/vendor/laravel/framework/src/Illuminate/Pipeline/Pipeline.php(219): Laravel\\Mcp\\Server\\Middleware\\AddWwwAuthenticateHeader->handle(Object(Illuminate\\Http\\Request), Object(Closure))
#45 /home/notfuad/ngodingweb/www/laundry-go/vendor/laravel/framework/src/Illuminate/Foundation/Http/Middleware/TransformsRequest.php(21): Illuminate\\Pipeline\\Pipeline->{closure:{closure:Illuminate\\Pipeline\\Pipeline::carry():194}:195}(Object(Illuminate\\Http\\Request))
#46 /home/notfuad/ngodingweb/www/laundry-go/vendor/laravel/framework/src/Illuminate/Foundation/Http/Middleware/ConvertEmptyStringsToNull.php(31): Illuminate\\Foundation\\Http\\Middleware\\TransformsRequest->handle(Object(Illuminate\\Http\\Request), Object(Closure))
#47 /home/notfuad/ngodingweb/www/laundry-go/vendor/laravel/framework/src/Illuminate/Pipeline/Pipeline.php(219): Illuminate\\Foundation\\Http\\Middleware\\ConvertEmptyStringsToNull->handle(Object(Illuminate\\Http\\Request), Object(Closure))
#48 /home/notfuad/ngodingweb/www/laundry-go/vendor/laravel/framework/src/Illuminate/Foundation/Http/Middleware/TransformsRequest.php(21): Illuminate\\Pipeline\\Pipeline->{closure:{closure:Illuminate\\Pipeline\\Pipeline::carry():194}:195}(Object(Illuminate\\Http\\Request))
#49 /home/notfuad/ngodingweb/www/laundry-go/vendor/laravel/framework/src/Illuminate/Foundation/Http/Middleware/TrimStrings.php(51): Illuminate\\Foundation\\Http\\Middleware\\TransformsRequest->handle(Object(Illuminate\\Http\\Request), Object(Closure))
#50 /home/notfuad/ngodingweb/www/laundry-go/vendor/laravel/framework/src/Illuminate/Pipeline/Pipeline.php(219): Illuminate\\Foundation\\Http\\Middleware\\TrimStrings->handle(Object(Illuminate\\Http\\Request), Object(Closure))
#51 /home/notfuad/ngodingweb/www/laundry-go/vendor/laravel/framework/src/Illuminate/Http/Middleware/ValidatePostSize.php(27): Illuminate\\Pipeline\\Pipeline->{closure:{closure:Illuminate\\Pipeline\\Pipeline::carry():194}:195}(Object(Illuminate\\Http\\Request))
#52 /home/notfuad/ngodingweb/www/laundry-go/vendor/laravel/framework/src/Illuminate/Pipeline/Pipeline.php(219): Illuminate\\Http\\Middleware\\ValidatePostSize->handle(Object(Illuminate\\Http\\Request), Object(Closure))
#53 /home/notfuad/ngodingweb/www/laundry-go/vendor/laravel/framework/src/Illuminate/Foundation/Http/Middleware/PreventRequestsDuringMaintenance.php(110): Illuminate\\Pipeline\\Pipeline->{closure:{closure:Illuminate\\Pipeline\\Pipeline::carry():194}:195}(Object(Illuminate\\Http\\Request))
#54 /home/notfuad/ngodingweb/www/laundry-go/vendor/laravel/framework/src/Illuminate/Pipeline/Pipeline.php(219): Illuminate\\Foundation\\Http\\Middleware\\PreventRequestsDuringMaintenance->handle(Object(Illuminate\\Http\\Request), Object(Closure))
#55 /home/notfuad/ngodingweb/www/laundry-go/vendor/laravel/framework/src/Illuminate/Http/Middleware/HandleCors.php(61): Illuminate\\Pipeline\\Pipeline->{closure:{closure:Illuminate\\Pipeline\\Pipeline::carry():194}:195}(Object(Illuminate\\Http\\Request))
#56 /home/notfuad/ngodingweb/www/laundry-go/vendor/laravel/framework/src/Illuminate/Pipeline/Pipeline.php(219): Illuminate\\Http\\Middleware\\HandleCors->handle(Object(Illuminate\\Http\\Request), Object(Closure))
#57 /home/notfuad/ngodingweb/www/laundry-go/vendor/laravel/framework/src/Illuminate/Http/Middleware/TrustProxies.php(58): Illuminate\\Pipeline\\Pipeline->{closure:{closure:Illuminate\\Pipeline\\Pipeline::carry():194}:195}(Object(Illuminate\\Http\\Request))
#58 /home/notfuad/ngodingweb/www/laundry-go/vendor/laravel/framework/src/Illuminate/Pipeline/Pipeline.php(219): Illuminate\\Http\\Middleware\\TrustProxies->handle(Object(Illuminate\\Http\\Request), Object(Closure))
#59 /home/notfuad/ngodingweb/www/laundry-go/vendor/laravel/framework/src/Illuminate/Foundation/Http/Middleware/InvokeDeferredCallbacks.php(22): Illuminate\\Pipeline\\Pipeline->{closure:{closure:Illuminate\\Pipeline\\Pipeline::carry():194}:195}(Object(Illuminate\\Http\\Request))
#60 /home/notfuad/ngodingweb/www/laundry-go/vendor/laravel/framework/src/Illuminate/Pipeline/Pipeline.php(219): Illuminate\\Foundation\\Http\\Middleware\\InvokeDeferredCallbacks->handle(Object(Illuminate\\Http\\Request), Object(Closure))
#61 /home/notfuad/ngodingweb/www/laundry-go/vendor/laravel/framework/src/Illuminate/Http/Middleware/ValidatePathEncoding.php(28): Illuminate\\Pipeline\\Pipeline->{closure:{closure:Illuminate\\Pipeline\\Pipeline::carry():194}:195}(Object(Illuminate\\Http\\Request))
#62 /home/notfuad/ngodingweb/www/laundry-go/vendor/laravel/framework/src/Illuminate/Pipeline/Pipeline.php(219): Illuminate\\Http\\Middleware\\ValidatePathEncoding->handle(Object(Illuminate\\Http\\Request), Object(Closure))
#63 /home/notfuad/ngodingweb/www/laundry-go/vendor/laravel/framework/src/Illuminate/Pipeline/Pipeline.php(137): Illuminate\\Pipeline\\Pipeline->{closure:{closure:Illuminate\\Pipeline\\Pipeline::carry():194}:195}(Object(Illuminate\\Http\\Request))
#64 /home/notfuad/ngodingweb/www/laundry-go/vendor/laravel/framework/src/Illuminate/Foundation/Http/Kernel.php(175): Illuminate\\Pipeline\\Pipeline->then(Object(Closure))
#65 /home/notfuad/ngodingweb/www/laundry-go/vendor/laravel/framework/src/Illuminate/Foundation/Http/Kernel.php(144): Illuminate\\Foundation\\Http\\Kernel->sendRequestThroughRouter(Object(Illuminate\\Http\\Request))
#66 /home/notfuad/ngodingweb/www/laundry-go/vendor/laravel/framework/src/Illuminate/Foundation/Application.php(1227): Illuminate\\Foundation\\Http\\Kernel->handle(Object(Illuminate\\Http\\Request))
#67 /home/notfuad/ngodingweb/www/laundry-go/public/index.php(20): Illuminate\\Foundation\\Application->handleRequest(Object(Illuminate\\Http\\Request))
#68 /home/notfuad/ngodingweb/www/laundry-go/vendor/laravel/framework/src/Illuminate/Foundation/resources/server.php(23): require_once('/home/notfuad/n...')
#69 {main}

[previous exception] [object] (Symfony\\Component\\Routing\\Exception\\RouteNotFoundException(code: 0): Route [admin.logout] not defined. at /home/notfuad/ngodingweb/www/laundry-go/vendor/laravel/framework/src/Illuminate/Routing/UrlGenerator.php:542)
[stacktrace]
#0 /home/notfuad/ngodingweb/www/laundry-go/vendor/laravel/framework/src/Illuminate/Foundation/helpers.php(870): Illuminate\\Routing\\UrlGenerator->route('admin.logout', Array, true)
#1 /home/notfuad/ngodingweb/www/laundry-go/storage/framework/views/922f8bc9f80f3064767c25d09765b2bc.php(58): route('admin.logout')
#2 /home/notfuad/ngodingweb/www/laundry-go/vendor/laravel/framework/src/Illuminate/Filesystem/Filesystem.php(123): require('/home/notfuad/n...')
#3 /home/notfuad/ngodingweb/www/laundry-go/vendor/laravel/framework/src/Illuminate/Filesystem/Filesystem.php(124): Illuminate\\Filesystem\\Filesystem::{closure:Illuminate\\Filesystem\\Filesystem::getRequire():120}()
#4 /home/notfuad/ngodingweb/www/laundry-go/vendor/laravel/framework/src/Illuminate/View/Engines/PhpEngine.php(57): Illuminate\\Filesystem\\Filesystem->getRequire('/home/notfuad/n...', Array)
#5 /home/notfuad/ngodingweb/www/laundry-go/vendor/laravel/framework/src/Illuminate/View/Engines/CompilerEngine.php(76): Illuminate\\View\\Engines\\PhpEngine->evaluatePath('/home/notfuad/n...', Array)
#6 /home/notfuad/ngodingweb/www/laundry-go/vendor/laravel/framework/src/Illuminate/View/View.php(208): Illuminate\\View\\Engines\\CompilerEngine->get('/home/notfuad/n...', Array)
#7 /home/notfuad/ngodingweb/www/laundry-go/vendor/laravel/framework/src/Illuminate/View/View.php(191): Illuminate\\View\\View->getContents()
#8 /home/notfuad/ngodingweb/www/laundry-go/vendor/laravel/framework/src/Illuminate/View/View.php(160): Illuminate\\View\\View->renderContents()
#9 /home/notfuad/ngodingweb/www/laundry-go/storage/framework/views/e83e3e8e8dbfca52a0cf714754b5fb0d.php(202): Illuminate\\View\\View->render()
#10 /home/notfuad/ngodingweb/www/laundry-go/vendor/laravel/framework/src/Illuminate/Filesystem/Filesystem.php(123): require('/home/notfuad/n...')
#11 /home/notfuad/ngodingweb/www/laundry-go/vendor/laravel/framework/src/Illuminate/Filesystem/Filesystem.php(124): Illuminate\\Filesystem\\Filesystem::{closure:Illuminate\\Filesystem\\Filesystem::getRequire():120}()
#12 /home/notfuad/ngodingweb/www/laundry-go/vendor/laravel/framework/src/Illuminate/View/Engines/PhpEngine.php(57): Illuminate\\Filesystem\\Filesystem->getRequire('/home/notfuad/n...', Array)
#13 /home/notfuad/ngodingweb/www/laundry-go/vendor/laravel/framework/src/Illuminate/View/Engines/CompilerEngine.php(76): Illuminate\\View\\Engines\\PhpEngine->evaluatePath('/home/notfuad/n...', Array)
#14 /home/notfuad/ngodingweb/www/laundry-go/vendor/laravel/framework/src/Illuminate/View/View.php(208): Illuminate\\View\\Engines\\CompilerEngine->get('/home/notfuad/n...', Array)
#15 /home/notfuad/ngodingweb/www/laundry-go/vendor/laravel/framework/src/Illuminate/View/View.php(191): Illuminate\\View\\View->getContents()
#16 /home/notfuad/ngodingweb/www/laundry-go/vendor/laravel/framework/src/Illuminate/View/View.php(160): Illuminate\\View\\View->renderContents()
#17 /home/notfuad/ngodingweb/www/laundry-go/vendor/laravel/framework/src/Illuminate/Http/Response.php(82): Illuminate\\View\\View->render()
#18 /home/notfuad/ngodingweb/www/laundry-go/vendor/laravel/framework/src/Illuminate/Http/Response.php(40): Illuminate\\Http\\Response->setContent(Object(Illuminate\\View\\View))
#19 /home/notfuad/ngodingweb/www/laundry-go/vendor/laravel/framework/src/Illuminate/Routing/Router.php(939): Illuminate\\Http\\Response->__construct(Object(Illuminate\\View\\View), 200, Array)
#20 /home/notfuad/ngodingweb/www/laundry-go/vendor/laravel/framework/src/Illuminate/Routing/Router.php(906): Illuminate\\Routing\\Router::toResponse(Object(Illuminate\\Http\\Request), Object(Illuminate\\View\\View))
#21 /home/notfuad/ngodingweb/www/laundry-go/vendor/laravel/framework/src/Illuminate/Routing/Router.php(821): Illuminate\\Routing\\Router->prepareResponse(Object(Illuminate\\Http\\Request), Object(Illuminate\\View\\View))
#22 /home/notfuad/ngodingweb/www/laundry-go/vendor/laravel/framework/src/Illuminate/Pipeline/Pipeline.php(180): Illuminate\\Routing\\Router->{closure:Illuminate\\Routing\\Router::runRouteWithinStack():821}(Object(Illuminate\\Http\\Request))
#23 /home/notfuad/ngodingweb/www/laundry-go/app/Http/Middleware/AdminMiddleware.php(30): Illuminate\\Pipeline\\Pipeline->{closure:Illuminate\\Pipeline\\Pipeline::prepareDestination():178}(Object(Illuminate\\Http\\Request))
#24 /home/notfuad/ngodingweb/www/laundry-go/vendor/laravel/framework/src/Illuminate/Pipeline/Pipeline.php(219): App\\Http\\Middleware\\AdminMiddleware->handle(Object(Illuminate\\Http\\Request), Object(Closure))
#25 /home/notfuad/ngodingweb/www/laundry-go/vendor/laravel/boost/src/Middleware/InjectBoost.php(22): Illuminate\\Pipeline\\Pipeline->{closure:{closure:Illuminate\\Pipeline\\Pipeline::carry():194}:195}(Object(Illuminate\\Http\\Request))
#26 /home/notfuad/ngodingweb/www/laundry-go/vendor/laravel/framework/src/Illuminate/Pipeline/Pipeline.php(219): Laravel\\Boost\\Middleware\\InjectBoost->handle(Object(Illuminate\\Http\\Request), Object(Closure))
#27 /home/notfuad/ngodingweb/www/laundry-go/vendor/laravel/framework/src/Illuminate/Routing/Middleware/SubstituteBindings.php(52): Illuminate\\Pipeline\\Pipeline->{closure:{closure:Illuminate\\Pipeline\\Pipeline::carry():194}:195}(Object(Illuminate\\Http\\Request))
#28 /home/notfuad/ngodingweb/www/laundry-go/vendor/laravel/framework/src/Illuminate/Pipeline/Pipeline.php(219): Illuminate\\Routing\\Middleware\\SubstituteBindings->handle(Object(Illuminate\\Http\\Request), Object(Closure))
#29 /home/notfuad/ngodingweb/www/laundry-go/vendor/laravel/framework/src/Illuminate/Foundation/Http/Middleware/PreventRequestForgery.php(104): Illuminate\\Pipeline\\Pipeline->{closure:{closure:Illuminate\\Pipeline\\Pipeline::carry():194}:195}(Object(Illuminate\\Http\\Request))
#30 /home/notfuad/ngodingweb/www/laundry-go/vendor/laravel/framework/src/Illuminate/Pipeline/Pipeline.php(219): Illuminate\\Foundation\\Http\\Middleware\\PreventRequestForgery->handle(Object(Illuminate\\Http\\Request), Object(Closure))
#31 /home/notfuad/ngodingweb/www/laundry-go/vendor/laravel/framework/src/Illuminate/View/Middleware/ShareErrorsFromSession.php(48): Illuminate\\Pipeline\\Pipeline->{closure:{closure:Illuminate\\Pipeline\\Pipeline::carry():194}:195}(Object(Illuminate\\Http\\Request))
#32 /home/notfuad/ngodingweb/www/laundry-go/vendor/laravel/framework/src/Illuminate/Pipeline/Pipeline.php(219): Illuminate\\View\\Middleware\\ShareErrorsFromSession->handle(Object(Illuminate\\Http\\Request), Object(Closure))
#33 /home/notfuad/ngodingweb/www/laundry-go/vendor/laravel/framework/src/Illuminate/Session/Middleware/StartSession.php(120): Illuminate\\Pipeline\\Pipeline->{closure:{closure:Illuminate\\Pipeline\\Pipeline::carry():194}:195}(Object(Illuminate\\Http\\Request))
#34 /home/notfuad/ngodingweb/www/laundry-go/vendor/laravel/framework/src/Illuminate/Session/Middleware/StartSession.php(63): Illuminate\\Session\\Middleware\\StartSession->handleStatefulRequest(Object(Illuminate\\Http\\Request), Object(Illuminate\\Session\\Store), Object(Closure))
#35 /home/notfuad/ngodingweb/www/laundry-go/vendor/laravel/framework/src/Illuminate/Pipeline/Pipeline.php(219): Illuminate\\Session\\Middleware\\StartSession->handle(Object(Illuminate\\Http\\Request), Object(Closure))
#36 /home/notfuad/ngodingweb/www/laundry-go/vendor/laravel/framework/src/Illuminate/Cookie/Middleware/AddQueuedCookiesToResponse.php(36): Illuminate\\Pipeline\\Pipeline->{closure:{closure:Illuminate\\Pipeline\\Pipeline::carry():194}:195}(Object(Illuminate\\Http\\Request))
#37 /home/notfuad/ngodingweb/www/laundry-go/vendor/laravel/framework/src/Illuminate/Pipeline/Pipeline.php(219): Illuminate\\Cookie\\Middleware\\AddQueuedCookiesToResponse->handle(Object(Illuminate\\Http\\Request), Object(Closure))
#38 /home/notfuad/ngodingweb/www/laundry-go/vendor/laravel/framework/src/Illuminate/Cookie/Middleware/EncryptCookies.php(74): Illuminate\\Pipeline\\Pipeline->{closure:{closure:Illuminate\\Pipeline\\Pipeline::carry():194}:195}(Object(Illuminate\\Http\\Request))
#39 /home/notfuad/ngodingweb/www/laundry-go/vendor/laravel/framework/src/Illuminate/Pipeline/Pipeline.php(219): Illuminate\\Cookie\\Middleware\\EncryptCookies->handle(Object(Illuminate\\Http\\Request), Object(Closure))
#40 /home/notfuad/ngodingweb/www/laundry-go/vendor/laravel/framework/src/Illuminate/Pipeline/Pipeline.php(137): Illuminate\\Pipeline\\Pipeline->{closure:{closure:Illuminate\\Pipeline\\Pipeline::carry():194}:195}(Object(Illuminate\\Http\\Request))
#41 /home/notfuad/ngodingweb/www/laundry-go/vendor/laravel/framework/src/Illuminate/Routing/Router.php(821): Illuminate\\Pipeline\\Pipeline->then(Object(Closure))
#42 /home/notfuad/ngodingweb/www/laundry-go/vendor/laravel/framework/src/Illuminate/Routing/Router.php(800): Illuminate\\Routing\\Router->runRouteWithinStack(Object(Illuminate\\Routing\\Route), Object(Illuminate\\Http\\Request))
#43 /home/notfuad/ngodingweb/www/laundry-go/vendor/laravel/framework/src/Illuminate/Routing/Router.php(764): Illuminate\\Routing\\Router->runRoute(Object(Illuminate\\Http\\Request), Object(Illuminate\\Routing\\Route))
#44 /home/notfuad/ngodingweb/www/laundry-go/vendor/laravel/framework/src/Illuminate/Routing/Router.php(753): Illuminate\\Routing\\Router->dispatchToRoute(Object(Illuminate\\Http\\Request))
#45 /home/notfuad/ngodingweb/www/laundry-go/vendor/laravel/framework/src/Illuminate/Foundation/Http/Kernel.php(200): Illuminate\\Routing\\Router->dispatch(Object(Illuminate\\Http\\Request))
#46 /home/notfuad/ngodingweb/www/laundry-go/vendor/laravel/framework/src/Illuminate/Pipeline/Pipeline.php(180): Illuminate\\Foundation\\Http\\Kernel->{closure:Illuminate\\Foundation\\Http\\Kernel::dispatchToRouter():197}(Object(Illuminate\\Http\\Request))
#47 /home/notfuad/ngodingweb/www/laundry-go/vendor/laravel/mcp/src/Server/Middleware/AddWwwAuthenticateHeader.php(21): Illuminate\\Pipeline\\Pipeline->{closure:Illuminate\\Pipeline\\Pipeline::prepareDestination():178}(Object(Illuminate\\Http\\Request))
#48 /home/notfuad/ngodingweb/www/laundry-go/vendor/laravel/framework/src/Illuminate/Pipeline/Pipeline.php(219): Laravel\\Mcp\\Server\\Middleware\\AddWwwAuthenticateHeader->handle(Object(Illuminate\\Http\\Request), Object(Closure))
#49 /home/notfuad/ngodingweb/www/laundry-go/vendor/laravel/framework/src/Illuminate/Foundation/Http/Middleware/TransformsRequest.php(21): Illuminate\\Pipeline\\Pipeline->{closure:{closure:Illuminate\\Pipeline\\Pipeline::carry():194}:195}(Object(Illuminate\\Http\\Request))
#50 /home/notfuad/ngodingweb/www/laundry-go/vendor/laravel/framework/src/Illuminate/Foundation/Http/Middleware/ConvertEmptyStringsToNull.php(31): Illuminate\\Foundation\\Http\\Middleware\\TransformsRequest->handle(Object(Illuminate\\Http\\Request), Object(Closure))
#51 /home/notfuad/ngodingweb/www/laundry-go/vendor/laravel/framework/src/Illuminate/Pipeline/Pipeline.php(219): Illuminate\\Foundation\\Http\\Middleware\\ConvertEmptyStringsToNull->handle(Object(Illuminate\\Http\\Request), Object(Closure))
#52 /home/notfuad/ngodingweb/www/laundry-go/vendor/laravel/framework/src/Illuminate/Foundation/Http/Middleware/TransformsRequest.php(21): Illuminate\\Pipeline\\Pipeline->{closure:{closure:Illuminate\\Pipeline\\Pipeline::carry():194}:195}(Object(Illuminate\\Http\\Request))
#53 /home/notfuad/ngodingweb/www/laundry-go/vendor/laravel/framework/src/Illuminate/Foundation/Http/Middleware/TrimStrings.php(51): Illuminate\\Foundation\\Http\\Middleware\\TransformsRequest->handle(Object(Illuminate\\Http\\Request), Object(Closure))
#54 /home/notfuad/ngodingweb/www/laundry-go/vendor/laravel/framework/src/Illuminate/Pipeline/Pipeline.php(219): Illuminate\\Foundation\\Http\\Middleware\\TrimStrings->handle(Object(Illuminate\\Http\\Request), Object(Closure))
#55 /home/notfuad/ngodingweb/www/laundry-go/vendor/laravel/framework/src/Illuminate/Http/Middleware/ValidatePostSize.php(27): Illuminate\\Pipeline\\Pipeline->{closure:{closure:Illuminate\\Pipeline\\Pipeline::carry():194}:195}(Object(Illuminate\\Http\\Request))
#56 /home/notfuad/ngodingweb/www/laundry-go/vendor/laravel/framework/src/Illuminate/Pipeline/Pipeline.php(219): Illuminate\\Http\\Middleware\\ValidatePostSize->handle(Object(Illuminate\\Http\\Request), Object(Closure))
#57 /home/notfuad/ngodingweb/www/laundry-go/vendor/laravel/framework/src/Illuminate/Foundation/Http/Middleware/PreventRequestsDuringMaintenance.php(110): Illuminate\\Pipeline\\Pipeline->{closure:{closure:Illuminate\\Pipeline\\Pipeline::carry():194}:195}(Object(Illuminate\\Http\\Request))
#58 /home/notfuad/ngodingweb/www/laundry-go/vendor/laravel/framework/src/Illuminate/Pipeline/Pipeline.php(219): Illuminate\\Foundation\\Http\\Middleware\\PreventRequestsDuringMaintenance->handle(Object(Illuminate\\Http\\Request), Object(Closure))
#59 /home/notfuad/ngodingweb/www/laundry-go/vendor/laravel/framework/src/Illuminate/Http/Middleware/HandleCors.php(61): Illuminate\\Pipeline\\Pipeline->{closure:{closure:Illuminate\\Pipeline\\Pipeline::carry():194}:195}(Object(Illuminate\\Http\\Request))
#60 /home/notfuad/ngodingweb/www/laundry-go/vendor/laravel/framework/src/Illuminate/Pipeline/Pipeline.php(219): Illuminate\\Http\\Middleware\\HandleCors->handle(Object(Illuminate\\Http\\Request), Object(Closure))
#61 /home/notfuad/ngodingweb/www/laundry-go/vendor/laravel/framework/src/Illuminate/Http/Middleware/TrustProxies.php(58): Illuminate\\Pipeline\\Pipeline->{closure:{closure:Illuminate\\Pipeline\\Pipeline::carry():194}:195}(Object(Illuminate\\Http\\Request))
#62 /home/notfuad/ngodingweb/www/laundry-go/vendor/laravel/framework/src/Illuminate/Pipeline/Pipeline.php(219): Illuminate\\Http\\Middleware\\TrustProxies->handle(Object(Illuminate\\Http\\Request), Object(Closure))
#63 /home/notfuad/ngodingweb/www/laundry-go/vendor/laravel/framework/src/Illuminate/Foundation/Http/Middleware/InvokeDeferredCallbacks.php(22): Illuminate\\Pipeline\\Pipeline->{closure:{closure:Illuminate\\Pipeline\\Pipeline::carry():194}:195}(Object(Illuminate\\Http\\Request))
#64 /home/notfuad/ngodingweb/www/laundry-go/vendor/laravel/framework/src/Illuminate/Pipeline/Pipeline.php(219): Illuminate\\Foundation\\Http\\Middleware\\InvokeDeferredCallbacks->handle(Object(Illuminate\\Http\\Request), Object(Closure))
#65 /home/notfuad/ngodingweb/www/laundry-go/vendor/laravel/framework/src/Illuminate/Http/Middleware/ValidatePathEncoding.php(28): Illuminate\\Pipeline\\Pipeline->{closure:{closure:Illuminate\\Pipeline\\Pipeline::carry():194}:195}(Object(Illuminate\\Http\\Request))
#66 /home/notfuad/ngodingweb/www/laundry-go/vendor/laravel/framework/src/Illuminate/Pipeline/Pipeline.php(219): Illuminate\\Http\\Middleware\\ValidatePathEncoding->handle(Object(Illuminate\\Http\\Request), Object(Closure))
#67 /home/notfuad/ngodingweb/www/laundry-go/vendor/laravel/framework/src/Illuminate/Pipeline/Pipeline.php(137): Illuminate\\Pipeline\\Pipeline->{closure:{closure:Illuminate\\Pipeline\\Pipeline::carry():194}:195}(Object(Illuminate\\Http\\Request))
#68 /home/notfuad/ngodingweb/www/laundry-go/vendor/laravel/framework/src/Illuminate/Foundation/Http/Kernel.php(175): Illuminate\\Pipeline\\Pipeline->then(Object(Closure))
#69 /home/notfuad/ngodingweb/www/laundry-go/vendor/laravel/framework/src/Illuminate/Foundation/Http/Kernel.php(144): Illuminate\\Foundation\\Http\\Kernel->sendRequestThroughRouter(Object(Illuminate\\Http\\Request))
#70 /home/notfuad/ngodingweb/www/laundry-go/vendor/laravel/framework/src/Illuminate/Foundation/Application.php(1227): Illuminate\\Foundation\\Http\\Kernel->handle(Object(Illuminate\\Http\\Request))
#71 /home/notfuad/ngodingweb/www/laundry-go/public/index.php(20): Illuminate\\Foundation\\Application->handleRequest(Object(Illuminate\\Http\\Request))
#72 /home/notfuad/ngodingweb/www/laundry-go/vendor/laravel/framework/src/Illuminate/Foundation/resources/server.php(23): require_once('/home/notfuad/n...')
#73 {main}
"} 
[2026-09-25 05:06:40] local.ERROR: Route [admin.logout] not defined. (View: /home/notfuad/ngodingweb/www/laundry-go/resources/views/layouts/dashboard.blade.php) (View: /home/notfuad/ngodingweb/www/laundry-go/resources/views/layouts/dashboard.blade.php) {"userId":1,"exception":"[object] (Illuminate\\View\\ViewException(code: 0): Route [admin.logout] not defined. (View: /home/notfuad/ngodingweb/www/laundry-go/resources/views/layouts/dashboard.blade.php) (View: /home/notfuad/ngodingweb/www/laundry-go/resources/views/layouts/dashboard.blade.php) at /home/notfuad/ngodingweb/www/laundry-go/vendor/laravel/framework/src/Illuminate/Routing/UrlGenerator.php:542)
[stacktrace]
#0 /home/notfuad/ngodingweb/www/laundry-go/vendor/laravel/framework/src/Illuminate/View/Engines/PhpEngine.php(59): Illuminate\\View\\Engines\\CompilerEngine->handleViewException(Object(Illuminate\\View\\ViewException), 0)
#1 /home/notfuad/ngodingweb/www/laundry-go/vendor/laravel/framework/src/Illuminate/View/Engines/CompilerEngine.php(76): Illuminate\\View\\Engines\\PhpEngine->evaluatePath('/home/notfuad/n...', Array)
#2 /home/notfuad/ngodingweb/www/laundry-go/vendor/laravel/framework/src/Illuminate/View/View.php(208): Illuminate\\View\\Engines\\CompilerEngine->get('/home/notfuad/n...', Array)
#3 /home/notfuad/ngodingweb/www/laundry-go/vendor/laravel/framework/src/Illuminate/View/View.php(191): Illuminate\\View\\View->getContents()
#4 /home/notfuad/ngodingweb/www/laundry-go/vendor/laravel/framework/src/Illuminate/View/View.php(160): Illuminate\\View\\View->renderContents()
#5 /home/notfuad/ngodingweb/www/laundry-go/vendor/laravel/framework/src/Illuminate/Http/Response.php(82): Illuminate\\View\\View->render()
#6 /home/notfuad/ngodingweb/www/laundry-go/vendor/laravel/framework/src/Illuminate/Http/Response.php(40): Illuminate\\Http\\Response->setContent(Object(Illuminate\\View\\View))
#7 /home/notfuad/ngodingweb/www/laundry-go/vendor/laravel/framework/src/Illuminate/Routing/Router.php(939): Illuminate\\Http\\Response->__construct(Object(Illuminate\\View\\View), 200, Array)
#8 /home/notfuad/ngodingweb/www/laundry-go/vendor/laravel/framework/src/Illuminate/Routing/Router.php(906): Illuminate\\Routing\\Router::toResponse(Object(Illuminate\\Http\\Request), Object(Illuminate\\View\\View))
#9 /home/notfuad/ngodingweb/www/laundry-go/vendor/laravel/framework/src/Illuminate/Routing/Router.php(821): Illuminate\\Routing\\Router->prepareResponse(Object(Illuminate\\Http\\Request), Object(Illuminate\\View\\View))
#10 /home/notfuad/ngodingweb/www/laundry-go/vendor/laravel/framework/src/Illuminate/Pipeline/Pipeline.php(180): Illuminate\\Routing\\Router->{closure:Illuminate\\Routing\\Router::runRouteWithinStack():821}(Object(Illuminate\\Http\\Request))
#11 /home/notfuad/ngodingweb/www/laundry-go/app/Http/Middleware/AdminMiddleware.php(30): Illuminate\\Pipeline\\Pipeline->{closure:Illuminate\\Pipeline\\Pipeline::prepareDestination():178}(Object(Illuminate\\Http\\Request))
#12 /home/notfuad/ngodingweb/www/laundry-go/vendor/laravel/framework/src/Illuminate/Pipeline/Pipeline.php(219): App\\Http\\Middleware\\AdminMiddleware->handle(Object(Illuminate\\Http\\Request), Object(Closure))
#13 /home/notfuad/ngodingweb/www/laundry-go/vendor/laravel/boost/src/Middleware/InjectBoost.php(22): Illuminate\\Pipeline\\Pipeline->{closure:{closure:Illuminate\\Pipeline\\Pipeline::carry():194}:195}(Object(Illuminate\\Http\\Request))
#14 /home/notfuad/ngodingweb/www/laundry-go/vendor/laravel/framework/src/Illuminate/Pipeline/Pipeline.php(219): Laravel\\Boost\\Middleware\\InjectBoost->handle(Object(Illuminate\\Http\\Request), Object(Closure))
#15 /home/notfuad/ngodingweb/www/laundry-go/vendor/laravel/framework/src/Illuminate/Routing/Middleware/SubstituteBindings.php(52): Illuminate\\Pipeline\\Pipeline->{closure:{closure:Illuminate\\Pipeline\\Pipeline::carry():194}:195}(Object(Illuminate\\Http\\Request))
#16 /home/notfuad/ngodingweb/www/laundry-go/vendor/laravel/framework/src/Illuminate/Pipeline/Pipeline.php(219): Illuminate\\Routing\\Middleware\\SubstituteBindings->handle(Object(Illuminate\\Http\\Request), Object(Closure))
#17 /home/notfuad/ngodingweb/www/laundry-go/vendor/laravel/framework/src/Illuminate/Foundation/Http/Middleware/PreventRequestForgery.php(104): Illuminate\\Pipeline\\Pipeline->{closure:{closure:Illuminate\\Pipeline\\Pipeline::carry():194}:195}(Object(Illuminate\\Http\\Request))
#18 /home/notfuad/ngodingweb/www/laundry-go/vendor/laravel/framework/src/Illuminate/Pipeline/Pipeline.php(219): Illuminate\\Foundation\\Http\\Middleware\\PreventRequestForgery->handle(Object(Illuminate\\Http\\Request), Object(Closure))
#19 /home/notfuad/ngodingweb/www/laundry-go/vendor/laravel/framework/src/Illuminate/View/Middleware/ShareErrorsFromSession.php(48): Illuminate\\Pipeline\\Pipeline->{closure:{closure:Illuminate\\Pipeline\\Pipeline::carry():194}:195}(Object(Illuminate\\Http\\Request))
#20 /home/notfuad/ngodingweb/www/laundry-go/vendor/laravel/framework/src/Illuminate/Pipeline/Pipeline.php(219): Illuminate\\View\\Middleware\\ShareErrorsFromSession->handle(Object(Illuminate\\Http\\Request), Object(Closure))
#21 /home/notfuad/ngodingweb/www/laundry-go/vendor/laravel/framework/src/Illuminate/Session/Middleware/StartSession.php(120): Illuminate\\Pipeline\\Pipeline->{closure:{closure:Illuminate\\Pipeline\\Pipeline::carry():194}:195}(Object(Illuminate\\Http\\Request))
#22 /home/notfuad/ngodingweb/www/laundry-go/vendor/laravel/framework/src/Illuminate/Session/Middleware/StartSession.php(63): Illuminate\\Session\\Middleware\\StartSession->handleStatefulRequest(Object(Illuminate\\Http\\Request), Object(Illuminate\\Session\\Store), Object(Closure))
#23 /home/notfuad/ngodingweb/www/laundry-go/vendor/laravel/framework/src/Illuminate/Pipeline/Pipeline.php(219): Illuminate\\Session\\Middleware\\StartSession->handle(Object(Illuminate\\Http\\Request), Object(Closure))
#24 /home/notfuad/ngodingweb/www/laundry-go/vendor/laravel/framework/src/Illuminate/Cookie/Middleware/AddQueuedCookiesToResponse.php(36): Illuminate\\Pipeline\\Pipeline->{closure:{closure:Illuminate\\Pipeline\\Pipeline::carry():194}:195}(Object(Illuminate\\Http\\Request))
#25 /home/notfuad/ngodingweb/www/laundry-go/vendor/laravel/framework/src/Illuminate/Pipeline/Pipeline.php(219): Illuminate\\Cookie\\Middleware\\AddQueuedCookiesToResponse->handle(Object(Illuminate\\Http\\Request), Object(Closure))
#26 /home/notfuad/ngodingweb/www/laundry-go/vendor/laravel/framework/src/Illuminate/Cookie/Middleware/EncryptCookies.php(74): Illuminate\\Pipeline\\Pipeline->{closure:{closure:Illuminate\\Pipeline\\Pipeline::carry():194}:195}(Object(Illuminate\\Http\\Request))
#27 /home/notfuad/ngodingweb/www/laundry-go/vendor/laravel/framework/src/Illuminate/Pipeline/Pipeline.php(219): Illuminate\\Cookie\\Middleware\\EncryptCookies->handle(Object(Illuminate\\Http\\Request), Object(Closure))
#28 /home/notfuad/ngodingweb/www/laundry-go/vendor/laravel/framework/src/Illuminate/Pipeline/Pipeline.php(137): Illuminate\\Pipeline\\Pipeline->{closure:{closure:Illuminate\\Pipeline\\Pipeline::carry():194}:195}(Object(Illuminate\\Http\\Request))
#29 /home/notfuad/ngodingweb/www/laundry-go/vendor/laravel/framework/src/Illuminate/Routing/Router.php(821): Illuminate\\Pipeline\\Pipeline->then(Object(Closure))
#30 /home/notfuad/ngodingweb/www/laundry-go/vendor/laravel/framework/src/Illuminate/Routing/Router.php(800): Illuminate\\Routing\\Router->runRouteWithinStack(Object(Illuminate\\Routing\\Route), Object(Illuminate\\Http\\Request))
#31 /home/notfuad/ngodingweb/www/laundry-go/vendor/laravel/framework/src/Illuminate/Routing/Router.php(764): Illuminate\\Routing\\Router->runRoute(Object(Illuminate\\Http\\Request), Object(Illuminate\\Routing\\Route))
#32 /home/notfuad/ngodingweb/www/laundry-go/vendor/laravel/framework/src/Illuminate/Routing/Router.php(753): Illuminate\\Routing\\Router->dispatchToRoute(Object(Illuminate\\Http\\Request))
#33 /home/notfuad/ngodingweb/www/laundry-go/vendor/laravel/framework/src/Illuminate/Foundation/Http/Kernel.php(200): Illuminate\\Routing\\Router->dispatch(Object(Illuminate\\Http\\Request))
#34 /home/notfuad/ngodingweb/www/laundry-go/vendor/laravel/framework/src/Illuminate/Pipeline/Pipeline.php(180): Illuminate\\Foundation\\Http\\Kernel->{closure:Illuminate\\Foundation\\Http\\Kernel::dispatchToRouter():197}(Object(Illuminate\\Http\\Request))
#35 /home/notfuad/ngodingweb/www/laundry-go/vendor/laravel/mcp/src/Server/Middleware/AddWwwAuthenticateHeader.php(21): Illuminate\\Pipeline\\Pipeline->{closure:Illuminate\\Pipeline\\Pipeline::prepareDestination():178}(Object(Illuminate\\Http\\Request))
#36 /home/notfuad/ngodingweb/www/laundry-go/vendor/laravel/framework/src/Illuminate/Pipeline/Pipeline.php(219): Laravel\\Mcp\\Server\\Middleware\\AddWwwAuthenticateHeader->handle(Object(Illuminate\\Http\\Request), Object(Closure))
#37 /home/notfuad/ngodingweb/www/laundry-go/vendor/laravel/framework/src/Illuminate/Foundation/Http/Middleware/TransformsRequest.php(21): Illuminate\\Pipeline\\Pipeline->{closure:{closure:Illuminate\\Pipeline\\Pipeline::carry():194}:195}(Object(Illuminate\\Http\\Request))
#38 /home/notfuad/ngodingweb/www/laundry-go/vendor/laravel/framework/src/Illuminate/Foundation/Http/Middleware/ConvertEmptyStringsToNull.php(31): Illuminate\\Foundation\\Http\\Middleware\\TransformsRequest->handle(Object(Illuminate\\Http\\Request), Object(Closure))
#39 /home/notfuad/ngodingweb/www/laundry-go/vendor/laravel/framework/src/Illuminate/Pipeline/Pipeline.php(219): Illuminate\\Foundation\\Http\\Middleware\\ConvertEmptyStringsToNull->handle(Object(Illuminate\\Http\\Request), Object(Closure))
#40 /home/notfuad/ngodingweb/www/laundry-go/vendor/laravel/framework/src/Illuminate/Foundation/Http/Middleware/TransformsRequest.php(21): Illuminate\\Pipeline\\Pipeline->{closure:{closure:Illuminate\\Pipeline\\Pipeline::carry():194}:195}(Object(Illuminate\\Http\\Request))
#41 /home/notfuad/ngodingweb/www/laundry-go/vendor/laravel/framework/src/Illuminate/Foundation/Http/Middleware/TrimStrings.php(51): Illuminate\\Foundation\\Http\\Middleware\\TransformsRequest->handle(Object(Illuminate\\Http\\Request), Object(Closure))
#42 /home/notfuad/ngodingweb/www/laundry-go/vendor/laravel/framework/src/Illuminate/Pipeline/Pipeline.php(219): Illuminate\\Foundation\\Http\\Middleware\\TrimStrings->handle(Object(Illuminate\\Http\\Request), Object(Closure))
#43 /home/notfuad/ngodingweb/www/laundry-go/vendor/laravel/framework/src/Illuminate/Http/Middleware/ValidatePostSize.php(27): Illuminate\\Pipeline\\Pipeline->{closure:{closure:Illuminate\\Pipeline\\Pipeline::carry():194}:195}(Object(Illuminate\\Http\\Request))
#44 /home/notfuad/ngodingweb/www/laundry-go/vendor/laravel/framework/src/Illuminate/Pipeline/Pipeline.php(219): Illuminate\\Http\\Middleware\\ValidatePostSize->handle(Object(Illuminate\\Http\\Request), Object(Closure))
#45 /home/notfuad/ngodingweb/www/laundry-go/vendor/laravel/framework/src/Illuminate/Foundation/Http/Middleware/PreventRequestsDuringMaintenance.php(110): Illuminate\\Pipeline\\Pipeline->{closure:{closure:Illuminate\\Pipeline\\Pipeline::carry():194}:195}(Object(Illuminate\\Http\\Request))
#46 /home/notfuad/ngodingweb/www/laundry-go/vendor/laravel/framework/src/Illuminate/Pipeline/Pipeline.php(219): Illuminate\\Foundation\\Http\\Middleware\\PreventRequestsDuringMaintenance->handle(Object(Illuminate\\Http\\Request), Object(Closure))
#47 /home/notfuad/ngodingweb/www/laundry-go/vendor/laravel/framework/src/Illuminate/Http/Middleware/HandleCors.php(61): Illuminate\\Pipeline\\Pipeline->{closure:{closure:Illuminate\\Pipeline\\Pipeline::carry():194}:195}(Object(Illuminate\\Http\\Request))
#48 /home/notfuad/ngodingweb/www/laundry-go/vendor/laravel/framework/src/Illuminate/Pipeline/Pipeline.php(219): Illuminate\\Http\\Middleware\\HandleCors->handle(Object(Illuminate\\Http\\Request), Object(Closure))
#49 /home/notfuad/ngodingweb/www/laundry-go/vendor/laravel/framework/src/Illuminate/Http/Middleware/TrustProxies.php(58): Illuminate\\Pipeline\\Pipeline->{closure:{closure:Illuminate\\Pipeline\\Pipeline::carry():194}:195}(Object(Illuminate\\Http\\Request))
#50 /home/notfuad/ngodingweb/www/laundry-go/vendor/laravel/framework/src/Illuminate/Pipeline/Pipeline.php(219): Illuminate\\Http\\Middleware\\TrustProxies->handle(Object(Illuminate\\Http\\Request), Object(Closure))
#51 /home/notfuad/ngodingweb/www/laundry-go/vendor/laravel/framework/src/Illuminate/Foundation/Http/Middleware/InvokeDeferredCallbacks.php(22): Illuminate\\Pipeline\\Pipeline->{closure:{closure:Illuminate\\Pipeline\\Pipeline::carry():194}:195}(Object(Illuminate\\Http\\Request))
#52 /home/notfuad/ngodingweb/www/laundry-go/vendor/laravel/framework/src/Illuminate/Pipeline/Pipeline.php(219): Illuminate\\Foundation\\Http\\Middleware\\InvokeDeferredCallbacks->handle(Object(Illuminate\\Http\\Request), Object(Closure))
#53 /home/notfuad/ngodingweb/www/laundry-go/vendor/laravel/framework/src/Illuminate/Http/Middleware/ValidatePathEncoding.php(28): Illuminate\\Pipeline\\Pipeline->{closure:{closure:Illuminate\\Pipeline\\Pipeline::carry():194}:195}(Object(Illuminate\\Http\\Request))
#54 /home/notfuad/ngodingweb/www/laundry-go/vendor/laravel/framework/src/Illuminate/Pipeline/Pipeline.php(219): Illuminate\\Http\\Middleware\\ValidatePathEncoding->handle(Object(Illuminate\\Http\\Request), Object(Closure))
#55 /home/notfuad/ngodingweb/www/laundry-go/vendor/laravel/framework/src/Illuminate/Pipeline/Pipeline.php(137): Illuminate\\Pipeline\\Pipeline->{closure:{closure:Illuminate\\Pipeline\\Pipeline::carry():194}:195}(Object(Illuminate\\Http\\Request))
#56 /home/notfuad/ngodingweb/www/laundry-go/vendor/laravel/framework/src/Illuminate/Foundation/Http/Kernel.php(175): Illuminate\\Pipeline\\Pipeline->then(Object(Closure))
#57 /home/notfuad/ngodingweb/www/laundry-go/vendor/laravel/framework/src/Illuminate/Foundation/Http/Kernel.php(144): Illuminate\\Foundation\\Http\\Kernel->sendRequestThroughRouter(Object(Illuminate\\Http\\Request))
#58 /home/notfuad/ngodingweb/www/laundry-go/vendor/laravel/framework/src/Illuminate/Foundation/Application.php(1227): Illuminate\\Foundation\\Http\\Kernel->handle(Object(Illuminate\\Http\\Request))
#59 /home/notfuad/ngodingweb/www/laundry-go/public/index.php(20): Illuminate\\Foundation\\Application->handleRequest(Object(Illuminate\\Http\\Request))
#60 /home/notfuad/ngodingweb/www/laundry-go/vendor/laravel/framework/src/Illuminate/Foundation/resources/server.php(23): require_once('/home/notfuad/n...')
#61 {main}

[previous exception] [object] (Illuminate\\View\\ViewException(code: 0): Route [admin.logout] not defined. (View: /home/notfuad/ngodingweb/www/laundry-go/resources/views/layouts/dashboard.blade.php) at /home/notfuad/ngodingweb/www/laundry-go/vendor/laravel/framework/src/Illuminate/Routing/UrlGenerator.php:542)
[stacktrace]
#0 /home/notfuad/ngodingweb/www/laundry-go/vendor/laravel/framework/src/Illuminate/View/Engines/PhpEngine.php(59): Illuminate\\View\\Engines\\CompilerEngine->handleViewException(Object(Symfony\\Component\\Routing\\Exception\\RouteNotFoundException), 1)
#1 /home/notfuad/ngodingweb/www/laundry-go/vendor/laravel/framework/src/Illuminate/View/Engines/CompilerEngine.php(76): Illuminate\\View\\Engines\\PhpEngine->evaluatePath('/home/notfuad/n...', Array)
#2 /home/notfuad/ngodingweb/www/laundry-go/vendor/laravel/framework/src/Illuminate/View/View.php(208): Illuminate\\View\\Engines\\CompilerEngine->get('/home/notfuad/n...', Array)
#3 /home/notfuad/ngodingweb/www/laundry-go/vendor/laravel/framework/src/Illuminate/View/View.php(191): Illuminate\\View\\View->getContents()
#4 /home/notfuad/ngodingweb/www/laundry-go/vendor/laravel/framework/src/Illuminate/View/View.php(160): Illuminate\\View\\View->renderContents()
#5 /home/notfuad/ngodingweb/www/laundry-go/storage/framework/views/e83e3e8e8dbfca52a0cf714754b5fb0d.php(202): Illuminate\\View\\View->render()
#6 /home/notfuad/ngodingweb/www/laundry-go/vendor/laravel/framework/src/Illuminate/Filesystem/Filesystem.php(123): require('/home/notfuad/n...')
#7 /home/notfuad/ngodingweb/www/laundry-go/vendor/laravel/framework/src/Illuminate/Filesystem/Filesystem.php(124): Illuminate\\Filesystem\\Filesystem::{closure:Illuminate\\Filesystem\\Filesystem::getRequire():120}()
#8 /home/notfuad/ngodingweb/www/laundry-go/vendor/laravel/framework/src/Illuminate/View/Engines/PhpEngine.php(57): Illuminate\\Filesystem\\Filesystem->getRequire('/home/notfuad/n...', Array)
#9 /home/notfuad/ngodingweb/www/laundry-go/vendor/laravel/framework/src/Illuminate/View/Engines/CompilerEngine.php(76): Illuminate\\View\\Engines\\PhpEngine->evaluatePath('/home/notfuad/n...', Array)
#10 /home/notfuad/ngodingweb/www/laundry-go/vendor/laravel/framework/src/Illuminate/View/View.php(208): Illuminate\\View\\Engines\\CompilerEngine->get('/home/notfuad/n...', Array)
#11 /home/notfuad/ngodingweb/www/laundry-go/vendor/laravel/framework/src/Illuminate/View/View.php(191): Illuminate\\View\\View->getContents()
#12 /home/notfuad/ngodingweb/www/laundry-go/vendor/laravel/framework/src/Illuminate/View/View.php(160): Illuminate\\View\\View->renderContents()
#13 /home/notfuad/ngodingweb/www/laundry-go/vendor/laravel/framework/src/Illuminate/Http/Response.php(82): Illuminate\\View\\View->render()
#14 /home/notfuad/ngodingweb/www/laundry-go/vendor/laravel/framework/src/Illuminate/Http/Response.php(40): Illuminate\\Http\\Response->setContent(Object(Illuminate\\View\\View))
#15 /home/notfuad/ngodingweb/www/laundry-go/vendor/laravel/framework/src/Illuminate/Routing/Router.php(939): Illuminate\\Http\\Response->__construct(Object(Illuminate\\View\\View), 200, Array)
#16 /home/notfuad/ngodingweb/www/laundry-go/vendor/laravel/framework/src/Illuminate/Routing/Router.php(906): Illuminate\\Routing\\Router::toResponse(Object(Illuminate\\Http\\Request), Object(Illuminate\\View\\View))
#17 /home/notfuad/ngodingweb/www/laundry-go/vendor/laravel/framework/src/Illuminate/Routing/Router.php(821): Illuminate\\Routing\\Router->prepareResponse(Object(Illuminate\\Http\\Request), Object(Illuminate\\View\\View))
#18 /home/notfuad/ngodingweb/www/laundry-go/vendor/laravel/framework/src/Illuminate/Pipeline/Pipeline.php(180): Illuminate\\Routing\\Router->{closure:Illuminate\\Routing\\Router::runRouteWithinStack():821}(Object(Illuminate\\Http\\Request))
#19 /home/notfuad/ngodingweb/www/laundry-go/app/Http/Middleware/AdminMiddleware.php(30): Illuminate\\Pipeline\\Pipeline->{closure:Illuminate\\Pipeline\\Pipeline::prepareDestination():178}(Object(Illuminate\\Http\\Request))
#20 /home/notfuad/ngodingweb/www/laundry-go/vendor/laravel/framework/src/Illuminate/Pipeline/Pipeline.php(219): App\\Http\\Middleware\\AdminMiddleware->handle(Object(Illuminate\\Http\\Request), Object(Closure))
#21 /home/notfuad/ngodingweb/www/laundry-go/vendor/laravel/boost/src/Middleware/InjectBoost.php(22): Illuminate\\Pipeline\\Pipeline->{closure:{closure:Illuminate\\Pipeline\\Pipeline::carry():194}:195}(Object(Illuminate\\Http\\Request))
#22 /home/notfuad/ngodingweb/www/laundry-go/vendor/laravel/framework/src/Illuminate/Pipeline/Pipeline.php(219): Laravel\\Boost\\Middleware\\InjectBoost->handle(Object(Illuminate\\Http\\Request), Object(Closure))
#23 /home/notfuad/ngodingweb/www/laundry-go/vendor/laravel/framework/src/Illuminate/Routing/Middleware/SubstituteBindings.php(52): Illuminate\\Pipeline\\Pipeline->{closure:{closure:Illuminate\\Pipeline\\Pipeline::carry():194}:195}(Object(Illuminate\\Http\\Request))
#24 /home/notfuad/ngodingweb/www/laundry-go/vendor/laravel/framework/src/Illuminate/Pipeline/Pipeline.php(219): Illuminate\\Routing\\Middleware\\SubstituteBindings->handle(Object(Illuminate\\Http\\Request), Object(Closure))
#25 /home/notfuad/ngodingweb/www/laundry-go/vendor/laravel/framework/src/Illuminate/Foundation/Http/Middleware/PreventRequestForgery.php(104): Illuminate\\Pipeline\\Pipeline->{closure:{closure:Illuminate\\Pipeline\\Pipeline::carry():194}:195}(Object(Illuminate\\Http\\Request))
#26 /home/notfuad/ngodingweb/www/laundry-go/vendor/laravel/framework/src/Illuminate/Pipeline/Pipeline.php(219): Illuminate\\Foundation\\Http\\Middleware\\PreventRequestForgery->handle(Object(Illuminate\\Http\\Request), Object(Closure))
#27 /home/notfuad/ngodingweb/www/laundry-go/vendor/laravel/framework/src/Illuminate/View/Middleware/ShareErrorsFromSession.php(48): Illuminate\\Pipeline\\Pipeline->{closure:{closure:Illuminate\\Pipeline\\Pipeline::carry():194}:195}(Object(Illuminate\\Http\\Request))
#28 /home/notfuad/ngodingweb/www/laundry-go/vendor/laravel/framework/src/Illuminate/Pipeline/Pipeline.php(219): Illuminate\\View\\Middleware\\ShareErrorsFromSession->handle(Object(Illuminate\\Http\\Request), Object(Closure))
#29 /home/notfuad/ngodingweb/www/laundry-go/vendor/laravel/framework/src/Illuminate/Session/Middleware/StartSession.php(120): Illuminate\\Pipeline\\Pipeline->{closure:{closure:Illuminate\\Pipeline\\Pipeline::carry():194}:195}(Object(Illuminate\\Http\\Request))
#30 /home/notfuad/ngodingweb/www/laundry-go/vendor/laravel/framework/src/Illuminate/Session/Middleware/StartSession.php(63): Illuminate\\Session\\Middleware\\StartSession->handleStatefulRequest(Object(Illuminate\\Http\\Request), Object(Illuminate\\Session\\Store), Object(Closure))
#31 /home/notfuad/ngodingweb/www/laundry-go/vendor/laravel/framework/src/Illuminate/Pipeline/Pipeline.php(219): Illuminate\\Session\\Middleware\\StartSession->handle(Object(Illuminate\\Http\\Request), Object(Closure))
#32 /home/notfuad/ngodingweb/www/laundry-go/vendor/laravel/framework/src/Illuminate/Cookie/Middleware/AddQueuedCookiesToResponse.php(36): Illuminate\\Pipeline\\Pipeline->{closure:{closure:Illuminate\\Pipeline\\Pipeline::carry():194}:195}(Object(Illuminate\\Http\\Request))
#33 /home/notfuad/ngodingweb/www/laundry-go/vendor/laravel/framework/src/Illuminate/Pipeline/Pipeline.php(219): Illuminate\\Cookie\\Middleware\\AddQueuedCookiesToResponse->handle(Object(Illuminate\\Http\\Request), Object(Closure))
#34 /home/notfuad/ngodingweb/www/laundry-go/vendor/laravel/framework/src/Illuminate/Cookie/Middleware/EncryptCookies.php(74): Illuminate\\Pipeline\\Pipeline->{closure:{closure:Illuminate\\Pipeline\\Pipeline::carry():194}:195}(Object(Illuminate\\Http\\Request))
#35 /home/notfuad/ngodingweb/www/laundry-go/vendor/laravel/framework/src/Illuminate/Pipeline/Pipeline.php(219): Illuminate\\Cookie\\Middleware\\EncryptCookies->handle(Object(Illuminate\\Http\\Request), Object(Closure))
#36 /home/notfuad/ngodingweb/www/laundry-go/vendor/laravel/framework/src/Illuminate/Pipeline/Pipeline.php(137): Illuminate\\Pipeline\\Pipeline->{closure:{closure:Illuminate\\Pipeline\\Pipeline::carry():194}:195}(Object(Illuminate\\Http\\Request))
#37 /home/notfuad/ngodingweb/www/laundry-go/vendor/laravel/framework/src/Illuminate/Routing/Router.php(821): Illuminate\\Pipeline\\Pipeline->then(Object(Closure))
#38 /home/notfuad/ngodingweb/www/laundry-go/vendor/laravel/framework/src/Illuminate/Routing/Router.php(800): Illuminate\\Routing\\Router->runRouteWithinStack(Object(Illuminate\\Routing\\Route), Object(Illuminate\\Http\\Request))
#39 /home/notfuad/ngodingweb/www/laundry-go/vendor/laravel/framework/src/Illuminate/Routing/Router.php(764): Illuminate\\Routing\\Router->runRoute(Object(Illuminate\\Http\\Request), Object(Illuminate\\Routing\\Route))
#40 /home/notfuad/ngodingweb/www/laundry-go/vendor/laravel/framework/src/Illuminate/Routing/Router.php(753): Illuminate\\Routing\\Router->dispatchToRoute(Object(Illuminate\\Http\\Request))
#41 /home/notfuad/ngodingweb/www/laundry-go/vendor/laravel/framework/src/Illuminate/Foundation/Http/Kernel.php(200): Illuminate\\Routing\\Router->dispatch(Object(Illuminate\\Http\\Request))
#42 /home/notfuad/ngodingweb/www/laundry-go/vendor/laravel/framework/src/Illuminate/Pipeline/Pipeline.php(180): Illuminate\\Foundation\\Http\\Kernel->{closure:Illuminate\\Foundation\\Http\\Kernel::dispatchToRouter():197}(Object(Illuminate\\Http\\Request))
#43 /home/notfuad/ngodingweb/www/laundry-go/vendor/laravel/mcp/src/Server/Middleware/AddWwwAuthenticateHeader.php(21): Illuminate\\Pipeline\\Pipeline->{closure:Illuminate\\Pipeline\\Pipeline::prepareDestination():178}(Object(Illuminate\\Http\\Request))
#44 /home/notfuad/ngodingweb/www/laundry-go/vendor/laravel/framework/src/Illuminate/Pipeline/Pipeline.php(219): Laravel\\Mcp\\Server\\Middleware\\AddWwwAuthenticateHeader->handle(Object(Illuminate\\Http\\Request), Object(Closure))
#45 /home/notfuad/ngodingweb/www/laundry-go/vendor/laravel/framework/src/Illuminate/Foundation/Http/Middleware/TransformsRequest.php(21): Illuminate\\Pipeline\\Pipeline->{closure:{closure:Illuminate\\Pipeline\\Pipeline::carry():194}:195}(Object(Illuminate\\Http\\Request))
#46 /home/notfuad/ngodingweb/www/laundry-go/vendor/laravel/framework/src/Illuminate/Foundation/Http/Middleware/ConvertEmptyStringsToNull.php(31): Illuminate\\Foundation\\Http\\Middleware\\TransformsRequest->handle(Object(Illuminate\\Http\\Request), Object(Closure))
#47 /home/notfuad/ngodingweb/www/laundry-go/vendor/laravel/framework/src/Illuminate/Pipeline/Pipeline.php(219): Illuminate\\Foundation\\Http\\Middleware\\ConvertEmptyStringsToNull->handle(Object(Illuminate\\Http\\Request), Object(Closure))
#48 /home/notfuad/ngodingweb/www/laundry-go/vendor/laravel/framework/src/Illuminate/Foundation/Http/Middleware/TransformsRequest.php(21): Illuminate\\Pipeline\\Pipeline->{closure:{closure:Illuminate\\Pipeline\\Pipeline::carry():194}:195}(Object(Illuminate\\Http\\Request))
#49 /home/notfuad/ngodingweb/www/laundry-go/vendor/laravel/framework/src/Illuminate/Foundation/Http/Middleware/TrimStrings.php(51): Illuminate\\Foundation\\Http\\Middleware\\TransformsRequest->handle(Object(Illuminate\\Http\\Request), Object(Closure))
#50 /home/notfuad/ngodingweb/www/laundry-go/vendor/laravel/framework/src/Illuminate/Pipeline/Pipeline.php(219): Illuminate\\Foundation\\Http\\Middleware\\TrimStrings->handle(Object(Illuminate\\Http\\Request), Object(Closure))
#51 /home/notfuad/ngodingweb/www/laundry-go/vendor/laravel/framework/src/Illuminate/Http/Middleware/ValidatePostSize.php(27): Illuminate\\Pipeline\\Pipeline->{closure:{closure:Illuminate\\Pipeline\\Pipeline::carry():194}:195}(Object(Illuminate\\Http\\Request))
#52 /home/notfuad/ngodingweb/www/laundry-go/vendor/laravel/framework/src/Illuminate/Pipeline/Pipeline.php(219): Illuminate\\Http\\Middleware\\ValidatePostSize->handle(Object(Illuminate\\Http\\Request), Object(Closure))
#53 /home/notfuad/ngodingweb/www/laundry-go/vendor/laravel/framework/src/Illuminate/Foundation/Http/Middleware/PreventRequestsDuringMaintenance.php(110): Illuminate\\Pipeline\\Pipeline->{closure:{closure:Illuminate\\Pipeline\\Pipeline::carry():194}:195}(Object(Illuminate\\Http\\Request))
#54 /home/notfuad/ngodingweb/www/laundry-go/vendor/laravel/framework/src/Illuminate/Pipeline/Pipeline.php(219): Illuminate\\Foundation\\Http\\Middleware\\PreventRequestsDuringMaintenance->handle(Object(Illuminate\\Http\\Request), Object(Closure))
#55 /home/notfuad/ngodingweb/www/laundry-go/vendor/laravel/framework/src/Illuminate/Http/Middleware/HandleCors.php(61): Illuminate\\Pipeline\\Pipeline->{closure:{closure:Illuminate\\Pipeline\\Pipeline::carry():194}:195}(Object(Illuminate\\Http\\Request))
#56 /home/notfuad/ngodingweb/www/laundry-go/vendor/laravel/framework/src/Illuminate/Pipeline/Pipeline.php(219): Illuminate\\Http\\Middleware\\HandleCors->handle(Object(Illuminate\\Http\\Request), Object(Closure))
#57 /home/notfuad/ngodingweb/www/laundry-go/vendor/laravel/framework/src/Illuminate/Http/Middleware/TrustProxies.php(58): Illuminate\\Pipeline\\Pipeline->{closure:{closure:Illuminate\\Pipeline\\Pipeline::carry():194}:195}(Object(Illuminate\\Http\\Request))
#58 /home/notfuad/ngodingweb/www/laundry-go/vendor/laravel/framework/src/Illuminate/Pipeline/Pipeline.php(219): Illuminate\\Http\\Middleware\\TrustProxies->handle(Object(Illuminate\\Http\\Request), Object(Closure))
#59 /home/notfuad/ngodingweb/www/laundry-go/vendor/laravel/framework/src/Illuminate/Foundation/Http/Middleware/InvokeDeferredCallbacks.php(22): Illuminate\\Pipeline\\Pipeline->{closure:{closure:Illuminate\\Pipeline\\Pipeline::carry():194}:195}(Object(Illuminate\\Http\\Request))
#60 /home/notfuad/ngodingweb/www/laundry-go/vendor/laravel/framework/src/Illuminate/Pipeline/Pipeline.php(219): Illuminate\\Foundation\\Http\\Middleware\\InvokeDeferredCallbacks->handle(Object(Illuminate\\Http\\Request), Object(Closure))
#61 /home/notfuad/ngodingweb/www/laundry-go/vendor/laravel/framework/src/Illuminate/Http/Middleware/ValidatePathEncoding.php(28): Illuminate\\Pipeline\\Pipeline->{closure:{closure:Illuminate\\Pipeline\\Pipeline::carry():194}:195}(Object(Illuminate\\Http\\Request))
#62 /home/notfuad/ngodingweb/www/laundry-go/vendor/laravel/framework/src/Illuminate/Pipeline/Pipeline.php(219): Illuminate\\Http\\Middleware\\ValidatePathEncoding->handle(Object(Illuminate\\Http\\Request), Object(Closure))
#63 /home/notfuad/ngodingweb/www/laundry-go/vendor/laravel/framework/src/Illuminate/Pipeline/Pipeline.php(137): Illuminate\\Pipeline\\Pipeline->{closure:{closure:Illuminate\\Pipeline\\Pipeline::carry():194}:195}(Object(Illuminate\\Http\\Request))
#64 /home/notfuad/ngodingweb/www/laundry-go/vendor/laravel/framework/src/Illuminate/Foundation/Http/Kernel.php(175): Illuminate\\Pipeline\\Pipeline->then(Object(Closure))
#65 /home/notfuad/ngodingweb/www/laundry-go/vendor/laravel/framework/src/Illuminate/Foundation/Http/Kernel.php(144): Illuminate\\Foundation\\Http\\Kernel->sendRequestThroughRouter(Object(Illuminate\\Http\\Request))
#66 /home/notfuad/ngodingweb/www/laundry-go/vendor/laravel/framework/src/Illuminate/Foundation/Application.php(1227): Illuminate\\Foundation\\Http\\Kernel->handle(Object(Illuminate\\Http\\Request))
#67 /home/notfuad/ngodingweb/www/laundry-go/public/index.php(20): Illuminate\\Foundation\\Application->handleRequest(Object(Illuminate\\Http\\Request))
#68 /home/notfuad/ngodingweb/www/laundry-go/vendor/laravel/framework/src/Illuminate/Foundation/resources/server.php(23): require_once('/home/notfuad/n...')
#69 {main}

[previous exception] [object] (Symfony\\Component\\Routing\\Exception\\RouteNotFoundException(code: 0): Route [admin.logout] not defined. at /home/notfuad/ngodingweb/www/laundry-go/vendor/laravel/framework/src/Illuminate/Routing/UrlGenerator.php:542)
[stacktrace]
#0 /home/notfuad/ngodingweb/www/laundry-go/vendor/laravel/framework/src/Illuminate/Foundation/helpers.php(870): Illuminate\\Routing\\UrlGenerator->route('admin.logout', Array, true)
#1 /home/notfuad/ngodingweb/www/laundry-go/storage/framework/views/922f8bc9f80f3064767c25d09765b2bc.php(58): route('admin.logout')
#2 /home/notfuad/ngodingweb/www/laundry-go/vendor/laravel/framework/src/Illuminate/Filesystem/Filesystem.php(123): require('/home/notfuad/n...')
#3 /home/notfuad/ngodingweb/www/laundry-go/vendor/laravel/framework/src/Illuminate/Filesystem/Filesystem.php(124): Illuminate\\Filesystem\\Filesystem::{closure:Illuminate\\Filesystem\\Filesystem::getRequire():120}()
#4 /home/notfuad/ngodingweb/www/laundry-go/vendor/laravel/framework/src/Illuminate/View/Engines/PhpEngine.php(57): Illuminate\\Filesystem\\Filesystem->getRequire('/home/notfuad/n...', Array)
#5 /home/notfuad/ngodingweb/www/laundry-go/vendor/laravel/framework/src/Illuminate/View/Engines/CompilerEngine.php(76): Illuminate\\View\\Engines\\PhpEngine->evaluatePath('/home/notfuad/n...', Array)
#6 /home/notfuad/ngodingweb/www/laundry-go/vendor/laravel/framework/src/Illuminate/View/View.php(208): Illuminate\\View\\Engines\\CompilerEngine->get('/home/notfuad/n...', Array)
#7 /home/notfuad/ngodingweb/www/laundry-go/vendor/laravel/framework/src/Illuminate/View/View.php(191): Illuminate\\View\\View->getContents()
#8 /home/notfuad/ngodingweb/www/laundry-go/vendor/laravel/framework/src/Illuminate/View/View.php(160): Illuminate\\View\\View->renderContents()
#9 /home/notfuad/ngodingweb/www/laundry-go/storage/framework/views/e83e3e8e8dbfca52a0cf714754b5fb0d.php(202): Illuminate\\View\\View->render()
#10 /home/notfuad/ngodingweb/www/laundry-go/vendor/laravel/framework/src/Illuminate/Filesystem/Filesystem.php(123): require('/home/notfuad/n...')
#11 /home/notfuad/ngodingweb/www/laundry-go/vendor/laravel/framework/src/Illuminate/Filesystem/Filesystem.php(124): Illuminate\\Filesystem\\Filesystem::{closure:Illuminate\\Filesystem\\Filesystem::getRequire():120}()
#12 /home/notfuad/ngodingweb/www/laundry-go/vendor/laravel/framework/src/Illuminate/View/Engines/PhpEngine.php(57): Illuminate\\Filesystem\\Filesystem->getRequire('/home/notfuad/n...', Array)
#13 /home/notfuad/ngodingweb/www/laundry-go/vendor/laravel/framework/src/Illuminate/View/Engines/CompilerEngine.php(76): Illuminate\\View\\Engines\\PhpEngine->evaluatePath('/home/notfuad/n...', Array)
#14 /home/notfuad/ngodingweb/www/laundry-go/vendor/laravel/framework/src/Illuminate/View/View.php(208): Illuminate\\View\\Engines\\CompilerEngine->get('/home/notfuad/n...', Array)
#15 /home/notfuad/ngodingweb/www/laundry-go/vendor/laravel/framework/src/Illuminate/View/View.php(191): Illuminate\\View\\View->getContents()
#16 /home/notfuad/ngodingweb/www/laundry-go/vendor/laravel/framework/src/Illuminate/View/View.php(160): Illuminate\\View\\View->renderContents()
#17 /home/notfuad/ngodingweb/www/laundry-go/vendor/laravel/framework/src/Illuminate/Http/Response.php(82): Illuminate\\View\\View->render()
#18 /home/notfuad/ngodingweb/www/laundry-go/vendor/laravel/framework/src/Illuminate/Http/Response.php(40): Illuminate\\Http\\Response->setContent(Object(Illuminate\\View\\View))
#19 /home/notfuad/ngodingweb/www/laundry-go/vendor/laravel/framework/src/Illuminate/Routing/Router.php(939): Illuminate\\Http\\Response->__construct(Object(Illuminate\\View\\View), 200, Array)
#20 /home/notfuad/ngodingweb/www/laundry-go/vendor/laravel/framework/src/Illuminate/Routing/Router.php(906): Illuminate\\Routing\\Router::toResponse(Object(Illuminate\\Http\\Request), Object(Illuminate\\View\\View))
#21 /home/notfuad/ngodingweb/www/laundry-go/vendor/laravel/framework/src/Illuminate/Routing/Router.php(821): Illuminate\\Routing\\Router->prepareResponse(Object(Illuminate\\Http\\Request), Object(Illuminate\\View\\View))
#22 /home/notfuad/ngodingweb/www/laundry-go/vendor/laravel/framework/src/Illuminate/Pipeline/Pipeline.php(180): Illuminate\\Routing\\Router->{closure:Illuminate\\Routing\\Router::runRouteWithinStack():821}(Object(Illuminate\\Http\\Request))
#23 /home/notfuad/ngodingweb/www/laundry-go/app/Http/Middleware/AdminMiddleware.php(30): Illuminate\\Pipeline\\Pipeline->{closure:Illuminate\\Pipeline\\Pipeline::prepareDestination():178}(Object(Illuminate\\Http\\Request))
#24 /home/notfuad/ngodingweb/www/laundry-go/vendor/laravel/framework/src/Illuminate/Pipeline/Pipeline.php(219): App\\Http\\Middleware\\AdminMiddleware->handle(Object(Illuminate\\Http\\Request), Object(Closure))
#25 /home/notfuad/ngodingweb/www/laundry-go/vendor/laravel/boost/src/Middleware/InjectBoost.php(22): Illuminate\\Pipeline\\Pipeline->{closure:{closure:Illuminate\\Pipeline\\Pipeline::carry():194}:195}(Object(Illuminate\\Http\\Request))
#26 /home/notfuad/ngodingweb/www/laundry-go/vendor/laravel/framework/src/Illuminate/Pipeline/Pipeline.php(219): Laravel\\Boost\\Middleware\\InjectBoost->handle(Object(Illuminate\\Http\\Request), Object(Closure))
#27 /home/notfuad/ngodingweb/www/laundry-go/vendor/laravel/framework/src/Illuminate/Routing/Middleware/SubstituteBindings.php(52): Illuminate\\Pipeline\\Pipeline->{closure:{closure:Illuminate\\Pipeline\\Pipeline::carry():194}:195}(Object(Illuminate\\Http\\Request))
#28 /home/notfuad/ngodingweb/www/laundry-go/vendor/laravel/framework/src/Illuminate/Pipeline/Pipeline.php(219): Illuminate\\Routing\\Middleware\\SubstituteBindings->handle(Object(Illuminate\\Http\\Request), Object(Closure))
#29 /home/notfuad/ngodingweb/www/laundry-go/vendor/laravel/framework/src/Illuminate/Foundation/Http/Middleware/PreventRequestForgery.php(104): Illuminate\\Pipeline\\Pipeline->{closure:{closure:Illuminate\\Pipeline\\Pipeline::carry():194}:195}(Object(Illuminate\\Http\\Request))
#30 /home/notfuad/ngodingweb/www/laundry-go/vendor/laravel/framework/src/Illuminate/Pipeline/Pipeline.php(219): Illuminate\\Foundation\\Http\\Middleware\\PreventRequestForgery->handle(Object(Illuminate\\Http\\Request), Object(Closure))
#31 /home/notfuad/ngodingweb/www/laundry-go/vendor/laravel/framework/src/Illuminate/View/Middleware/ShareErrorsFromSession.php(48): Illuminate\\Pipeline\\Pipeline->{closure:{closure:Illuminate\\Pipeline\\Pipeline::carry():194}:195}(Object(Illuminate\\Http\\Request))
#32 /home/notfuad/ngodingweb/www/laundry-go/vendor/laravel/framework/src/Illuminate/Pipeline/Pipeline.php(219): Illuminate\\View\\Middleware\\ShareErrorsFromSession->handle(Object(Illuminate\\Http\\Request), Object(Closure))
#33 /home/notfuad/ngodingweb/www/laundry-go/vendor/laravel/framework/src/Illuminate/Session/Middleware/StartSession.php(120): Illuminate\\Pipeline\\Pipeline->{closure:{closure:Illuminate\\Pipeline\\Pipeline::carry():194}:195}(Object(Illuminate\\Http\\Request))
#34 /home/notfuad/ngodingweb/www/laundry-go/vendor/laravel/framework/src/Illuminate/Session/Middleware/StartSession.php(63): Illuminate\\Session\\Middleware\\StartSession->handleStatefulRequest(Object(Illuminate\\Http\\Request), Object(Illuminate\\Session\\Store), Object(Closure))
#35 /home/notfuad/ngodingweb/www/laundry-go/vendor/laravel/framework/src/Illuminate/Pipeline/Pipeline.php(219): Illuminate\\Session\\Middleware\\StartSession->handle(Object(Illuminate\\Http\\Request), Object(Closure))
#36 /home/notfuad/ngodingweb/www/laundry-go/vendor/laravel/framework/src/Illuminate/Cookie/Middleware/AddQueuedCookiesToResponse.php(36): Illuminate\\Pipeline\\Pipeline->{closure:{closure:Illuminate\\Pipeline\\Pipeline::carry():194}:195}(Object(Illuminate\\Http\\Request))
#37 /home/notfuad/ngodingweb/www/laundry-go/vendor/laravel/framework/src/Illuminate/Pipeline/Pipeline.php(219): Illuminate\\Cookie\\Middleware\\AddQueuedCookiesToResponse->handle(Object(Illuminate\\Http\\Request), Object(Closure))
#38 /home/notfuad/ngodingweb/www/laundry-go/vendor/laravel/framework/src/Illuminate/Cookie/Middleware/EncryptCookies.php(74): Illuminate\\Pipeline\\Pipeline->{closure:{closure:Illuminate\\Pipeline\\Pipeline::carry():194}:195}(Object(Illuminate\\Http\\Request))
#39 /home/notfuad/ngodingweb/www/laundry-go/vendor/laravel/framework/src/Illuminate/Pipeline/Pipeline.php(219): Illuminate\\Cookie\\Middleware\\EncryptCookies->handle(Object(Illuminate\\Http\\Request), Object(Closure))
#40 /home/notfuad/ngodingweb/www/laundry-go/vendor/laravel/framework/src/Illuminate/Pipeline/Pipeline.php(137): Illuminate\\Pipeline\\Pipeline->{closure:{closure:Illuminate\\Pipeline\\Pipeline::carry():194}:195}(Object(Illuminate\\Http\\Request))
#41 /home/notfuad/ngodingweb/www/laundry-go/vendor/laravel/framework/src/Illuminate/Routing/Router.php(821): Illuminate\\Pipeline\\Pipeline->then(Object(Closure))
#42 /home/notfuad/ngodingweb/www/laundry-go/vendor/laravel/framework/src/Illuminate/Routing/Router.php(800): Illuminate\\Routing\\Router->runRouteWithinStack(Object(Illuminate\\Routing\\Route), Object(Illuminate\\Http\\Request))
#43 /home/notfuad/ngodingweb/www/laundry-go/vendor/laravel/framework/src/Illuminate/Routing/Router.php(764): Illuminate\\Routing\\Router->runRoute(Object(Illuminate\\Http\\Request), Object(Illuminate\\Routing\\Route))
#44 /home/notfuad/ngodingweb/www/laundry-go/vendor/laravel/framework/src/Illuminate/Routing/Router.php(753): Illuminate\\Routing\\Router->dispatchToRoute(Object(Illuminate\\Http\\Request))
#45 /home/notfuad/ngodingweb/www/laundry-go/vendor/laravel/framework/src/Illuminate/Foundation/Http/Kernel.php(200): Illuminate\\Routing\\Router->dispatch(Object(Illuminate\\Http\\Request))
#46 /home/notfuad/ngodingweb/www/laundry-go/vendor/laravel/framework/src/Illuminate/Pipeline/Pipeline.php(180): Illuminate\\Foundation\\Http\\Kernel->{closure:Illuminate\\Foundation\\Http\\Kernel::dispatchToRouter():197}(Object(Illuminate\\Http\\Request))
#47 /home/notfuad/ngodingweb/www/laundry-go/vendor/laravel/mcp/src/Server/Middleware/AddWwwAuthenticateHeader.php(21): Illuminate\\Pipeline\\Pipeline->{closure:Illuminate\\Pipeline\\Pipeline::prepareDestination():178}(Object(Illuminate\\Http\\Request))
#48 /home/notfuad/ngodingweb/www/laundry-go/vendor/laravel/framework/src/Illuminate/Pipeline/Pipeline.php(219): Laravel\\Mcp\\Server\\Middleware\\AddWwwAuthenticateHeader->handle(Object(Illuminate\\Http\\Request), Object(Closure))
#49 /home/notfuad/ngodingweb/www/laundry-go/vendor/laravel/framework/src/Illuminate/Foundation/Http/Middleware/TransformsRequest.php(21): Illuminate\\Pipeline\\Pipeline->{closure:{closure:Illuminate\\Pipeline\\Pipeline::carry():194}:195}(Object(Illuminate\\Http\\Request))
#50 /home/notfuad/ngodingweb/www/laundry-go/vendor/laravel/framework/src/Illuminate/Foundation/Http/Middleware/ConvertEmptyStringsToNull.php(31): Illuminate\\Foundation\\Http\\Middleware\\TransformsRequest->handle(Object(Illuminate\\Http\\Request), Object(Closure))
#51 /home/notfuad/ngodingweb/www/laundry-go/vendor/laravel/framework/src/Illuminate/Pipeline/Pipeline.php(219): Illuminate\\Foundation\\Http\\Middleware\\ConvertEmptyStringsToNull->handle(Object(Illuminate\\Http\\Request), Object(Closure))
#52 /home/notfuad/ngodingweb/www/laundry-go/vendor/laravel/framework/src/Illuminate/Foundation/Http/Middleware/TransformsRequest.php(21): Illuminate\\Pipeline\\Pipeline->{closure:{closure:Illuminate\\Pipeline\\Pipeline::carry():194}:195}(Object(Illuminate\\Http\\Request))
#53 /home/notfuad/ngodingweb/www/laundry-go/vendor/laravel/framework/src/Illuminate/Foundation/Http/Middleware/TrimStrings.php(51): Illuminate\\Foundation\\Http\\Middleware\\TransformsRequest->handle(Object(Illuminate\\Http\\Request), Object(Closure))
#54 /home/notfuad/ngodingweb/www/laundry-go/vendor/laravel/framework/src/Illuminate/Pipeline/Pipeline.php(219): Illuminate\\Foundation\\Http\\Middleware\\TrimStrings->handle(Object(Illuminate\\Http\\Request), Object(Closure))
#55 /home/notfuad/ngodingweb/www/laundry-go/vendor/laravel/framework/src/Illuminate/Http/Middleware/ValidatePostSize.php(27): Illuminate\\Pipeline\\Pipeline->{closure:{closure:Illuminate\\Pipeline\\Pipeline::carry():194}:195}(Object(Illuminate\\Http\\Request))
#56 /home/notfuad/ngodingweb/www/laundry-go/vendor/laravel/framework/src/Illuminate/Pipeline/Pipeline.php(219): Illuminate\\Http\\Middleware\\ValidatePostSize->handle(Object(Illuminate\\Http\\Request), Object(Closure))
#57 /home/notfuad/ngodingweb/www/laundry-go/vendor/laravel/framework/src/Illuminate/Foundation/Http/Middleware/PreventRequestsDuringMaintenance.php(110): Illuminate\\Pipeline\\Pipeline->{closure:{closure:Illuminate\\Pipeline\\Pipeline::carry():194}:195}(Object(Illuminate\\Http\\Request))
#58 /home/notfuad/ngodingweb/www/laundry-go/vendor/laravel/framework/src/Illuminate/Pipeline/Pipeline.php(219): Illuminate\\Foundation\\Http\\Middleware\\PreventRequestsDuringMaintenance->handle(Object(Illuminate\\Http\\Request), Object(Closure))
#59 /home/notfuad/ngodingweb/www/laundry-go/vendor/laravel/framework/src/Illuminate/Http/Middleware/HandleCors.php(61): Illuminate\\Pipeline\\Pipeline->{closure:{closure:Illuminate\\Pipeline\\Pipeline::carry():194}:195}(Object(Illuminate\\Http\\Request))
#60 /home/notfuad/ngodingweb/www/laundry-go/vendor/laravel/framework/src/Illuminate/Pipeline/Pipeline.php(219): Illuminate\\Http\\Middleware\\HandleCors->handle(Object(Illuminate\\Http\\Request), Object(Closure))
#61 /home/notfuad/ngodingweb/www/laundry-go/vendor/laravel/framework/src/Illuminate/Http/Middleware/TrustProxies.php(58): Illuminate\\Pipeline\\Pipeline->{closure:{closure:Illuminate\\Pipeline\\Pipeline::carry():194}:195}(Object(Illuminate\\Http\\Request))
#62 /home/notfuad/ngodingweb/www/laundry-go/vendor/laravel/framework/src/Illuminate/Pipeline/Pipeline.php(219): Illuminate\\Http\\Middleware\\TrustProxies->handle(Object(Illuminate\\Http\\Request), Object(Closure))
#63 /home/notfuad/ngodingweb/www/laundry-go/vendor/laravel/framework/src/Illuminate/Foundation/Http/Middleware/InvokeDeferredCallbacks.php(22): Illuminate\\Pipeline\\Pipeline->{closure:{closure:Illuminate\\Pipeline\\Pipeline::carry():194}:195}(Object(Illuminate\\Http\\Request))
#64 /home/notfuad/ngodingweb/www/laundry-go/vendor/laravel/framework/src/Illuminate/Pipeline/Pipeline.php(219): Illuminate\\Foundation\\Http\\Middleware\\InvokeDeferredCallbacks->handle(Object(Illuminate\\Http\\Request), Object(Closure))
#65 /home/notfuad/ngodingweb/www/laundry-go/vendor/laravel/framework/src/Illuminate/Http/Middleware/ValidatePathEncoding.php(28): Illuminate\\Pipeline\\Pipeline->{closure:{closure:Illuminate\\Pipeline\\Pipeline::carry():194}:195}(Object(Illuminate\\Http\\Request))
#66 /home/notfuad/ngodingweb/www/laundry-go/vendor/laravel/framework/src/Illuminate/Pipeline/Pipeline.php(219): Illuminate\\Http\\Middleware\\ValidatePathEncoding->handle(Object(Illuminate\\Http\\Request), Object(Closure))
#67 /home/notfuad/ngodingweb/www/laundry-go/vendor/laravel/framework/src/Illuminate/Pipeline/Pipeline.php(137): Illuminate\\Pipeline\\Pipeline->{closure:{closure:Illuminate\\Pipeline\\Pipeline::carry():194}:195}(Object(Illuminate\\Http\\Request))
#68 /home/notfuad/ngodingweb/www/laundry-go/vendor/laravel/framework/src/Illuminate/Foundation/Http/Kernel.php(175): Illuminate\\Pipeline\\Pipeline->then(Object(Closure))
#69 /home/notfuad/ngodingweb/www/laundry-go/vendor/laravel/framework/src/Illuminate/Foundation/Http/Kernel.php(144): Illuminate\\Foundation\\Http\\Kernel->sendRequestThroughRouter(Object(Illuminate\\Http\\Request))
#70 /home/notfuad/ngodingweb/www/laundry-go/vendor/laravel/framework/src/Illuminate/Foundation/Application.php(1227): Illuminate\\Foundation\\Http\\Kernel->handle(Object(Illuminate\\Http\\Request))
#71 /home/notfuad/ngodingweb/www/laundry-go/public/index.php(20): Illuminate\\Foundation\\Application->handleRequest(Object(Illuminate\\Http\\Request))
#72 /home/notfuad/ngodingweb/www/laundry-go/vendor/laravel/framework/src/Illuminate/Foundation/resources/server.php(23): require_once('/home/notfuad/n...')
#73 {main}
"} 
